syl1,syl2,rho,p_value,sample_size,status
b,e,-0.2591808553970264,0.12690495894176645,36,insufficient_data
b,k,0.05273334185801692,0.003572816296080739,3051,significant
e,b,-0.22801294630090746,3.7342039210126316e-19,1501,significant
e,k,-0.18934465585836255,0.3755466294940323,24,insufficient_data
k,b,-0.07040660332557293,0.11226944246298842,510,nonsignificant
k,e,0.3952733648989839,0.22889337362144738,11,insufficient_data
