wav_file,song
bird_1_250517_155713.463.cbin,qqqqqqqqqqqaaaauuuuuuuuuuugggggggbeeeeeelaaauuubeeebbbbeeeeeeeeeelaauuuuubeeehhhhhhlaaauuuuuuu
bird_1_250517_155806.479.cbin,qqqqqqqqqqqqqqqqaaaaaauuuuuuuuuuuuuuubeeebbbbeeeeeehhhhhhhhlaaauuuubeeebbbbeeeeeeeeelaaauuuubeeebeeehhhhhhhee
bird_1_250517_155843.485.cbin,qqqqqqqqqqqqqqqqaaaaaauuuuuuuuuugggggggggbeeelaaauuuuubeeehhhhhhhhheeeeeee
bird_1_250517_155907.489.cbin,qqqqqqqaaaaaauuuuuuuuuuuuuuggggggggbeeeehhhhhaaaaauuuuggggggbeeehhhhhhlaaauuuubeeebbbbeeeeeeeehhee
bird_1_250517_155927.492.cbin,qqqqqqqqqqqqqqaaaaaaaauuuuuuuuuuuugggggggggbeeehhhhhhhlaaauuuuubeeebbbbeeeeeehheeelaaauuuubeeehhhhh
bird_1_250517_155943.493.cbin,qqqqqaaaaaauuuuuugggggggbeeehhhhhhlaaauuuuubeeebeeehhhhheebeeebbbbeeeeeeelaaauuuuuubeeebe
bird_1_250517_160023.500.cbin,qqqqqqqqaaaaaauuuuuuuuuugggggggbeeehhhhhhlaaauuuuuuuuubeeebbbbeeeeeeeehheeelaaauuuuuuubeeebbbbeeeeeeeeeelaaauuuuubeeehheeebbbbeeeelaaauuuuuuu
bird_1_250517_160102.507.cbin,qqqqqqqqqqqqqqqaaaaauuuuuuuuuuuuaaaaauuuuuuuuuuuuqqqqqqqqqqbeeeehhhhhhhhhhheeeeeeeeebeeebbbbeeeeeeeeelaaauuuuubeeehhhhhhhlaa
bird_1_250517_160209.524.cbin,qqqqqqqqqqqaaaaaauuuuuuuuuuuuggggggggggbeeeehhhhhhhhhhheebeeebbbbeeeeehheeelaaauuuuuubeeebeeebbbbeeeeeelaaauuuuuubeeehhhhhheebeeegggggbeeebbbbeeeeeelbeeehhhhhheaaaa
bird_1_250517_160318.541.cbin,qqqqqqqqqqaaaaauuuuuuuuuuuuqqqqqqbeeeeeehhhhhhhlaaauuuubeeebbbbeeeeeeeelaaauuuubeeebeeehhhhhhebeeehhheeelaauuuuuuubeeebeeebbbbeeeeeeeeggggggbeeeebeeehhhhheebbbbbbeeeeee
bird_1_250517_162827.850.cbin,qqqqqqqqqqqqqqqaaaaaaauuuuuuuuubeeeehhhhhhhhhhebeeebbbbeeeeeeeelaaauuubeeehhhhhhhhebeeelaaauuuubeeehhhhhlaaauuuubeeebeeebbbbeeeeeeeelaaauuubeeebbbbeeee
bird_1_250517_162901.855.cbin,qqqqqqqqqqqaaaaaauuuuuuugggggggbeeehhhhhlaaauuubeeebbbbeeeeeeelaaauuuuubeeehhhhhhlaaauuuubeeehhhhebbbbeeeeelaaaauuuuuubeeebbbbeeeeebeeehhhhhhebeeebbbbeeeeee
bird_1_250517_162937.862.cbin,qqqqqqqqqqqqaaaaaauuuuuuuuuuuggggggbeeeehhhhhhlaaauuuuubeeebbbbeeeeeeeebeeelaaauuuubeeehhhhhhhlaaauuuuuuuubeeebbbbeeeeeelaaauuuuuuuubeeebbbbeeeee
bird_1_250517_163049.883.cbin,qqqqqqqaaaaauuuuuuuuuuggggggbeeeebbbbeeeeeeeegggggggbeeehhhhhhlaaauuuuuubeeehhhheeeeeebeeebbbbeeeeeeehheeeeelaaauuubeeebbbbeeeeeeeeelaaauuuubeeebbbbbbeeeeeee
bird_1_250517_163129.889.cbin,qqqqqqqqqaaaaaauuuuuuuugggggggbeeeehhhhhhlaaauuubeeebbbbeeeehheeeeeelaaauuuubeeehhhhhhhebeeelaaauuuuubeeebbbbeeeeeee
bird_1_250517_163222.906.cbin,qqqqqqqqaaaaaaauuuuuuuuuuugggggggggbeeehhhhhhlaaauuuuubeeehhhhhlaaaauuuuuuuubeeebbbbeeeeeee
bird_1_250517_163316.920.cbin,qqqqqqqqqqaaaaauuuuuuuuuuuuubehhhhhhhhhebeeebbbbeeeeeeeelaaauuuuubeeebbbbeeeeeelaaauuuubeeebbbbeeeelaaauuubeeebeeehheeeebbbbeeeeelaaauuuubbeeehhhhlaaaaaauuuuuu
bird_1_250517_163403.927.cbin,qqqqqqqqaaaaaaaauuuuuuuuuuuggggggggbeeehhhhhhhlaaauubeeebbbbeeeeeeehheeelaaauuuuubeeebeeelaaauuuuubeeehhhhheebeeebbbbeeeeeelaaauuuuuuuuubeeeeeeeeebbbbeeeelaaauuuuuubeeehhhhhhhlaaauuuuuuubeeebe
bird_1_250517_163453.938.cbin,qqqqqqqqqqqqqqqqqqqqbeeehhhhhhhlaaauuuuuggggggbeeehhhhheeeeehheeeelaaauuuuubeeebbbbeeeeebeeehhhhhhllaaauuuuuuuubeeebbbbeeeeee
bird_1_250517_163535.946.cbin,qqqqqqqqqqqqqaaaaauuuuuuuuuuuugggggbeeehhhhhhlaaauuuuubeeebeeehhhhhhhlaaauuuuuuuuuubeeehhhheebeeebbbbeeeeel
bird_1_250517_163633.961.cbin,qqqqqqqqqqqaaaaauuuuuuuuuubbbbbeeeeeeeeelaaauubeeebeeehhhhhlaaauuuuubeeehhhheeebeeebbbbeeeeelaaauuuuubeeebbbbeeeeeeeelaaauuubeeelaaauuubeeebbbbeeeeee
bird_1_250517_163713.971.cbin,qqqqqqqqqaaaaaaauuuuuuuuuuuggggggggbeeehhhhhhlaaaauuuuuubeeebbbbeeeeeehheeebbbbeeeeeeeeelaaauuuuubeeehhhhhhhhlaaauuuuubeeebeeebbbbeeeelaaauuuuehhhhhheebeeehhheeeeehheeeeehhhhhbbbbeeeeee
bird_1_250517_163800.979.cbin,qqqqqqqqqqqqqqqqqaaaaaaauuuuuuuuuugggggggbeeeehhhhhhlaaauuuuubeeebbbbeeeeeelaahhheebbbbeeeeelaaauuuuuuubeeehhhhebeeehhhhhebbbbeeeeeelaaaauuuuubee
bird_1_250517_163837.984.cbin,qqqqqqqqqqqaaaaaauuuuuuuuuuuuggggggbeeeehhhhhhebeeebbbbeeeeelauuuuuubeeehhhhhhhlaaauuuuubeeeebbbbeeeee
bird_1_250517_164117.1035.cbin,qqqqqqqqqqqaaaaaauuuuuuuuuuuuggggggggbeeeeeehhhhlaaauuuuuubeeebbbbeeeeeeelaaauuuuubeeeaaaaaaggggggggbeeehhhhhebbbbeeeeeee
bird_1_250517_164237.1052.cbin,qqqqqqqqqqqqaaaaauuuuuuuuugggggggbeeeeehhhhhhhlaaauuuuuuubeeeehhhhhhhhebbbbeeeeelaaauuuuuuuuubeeehheeeeaggggggbeeeehhhhebbbbeeeeeeel
bird_1_250517_171328.1400.cbin,qqqqqqqqqqqqaaaaaaauuuuuuuuuuuuuubeehhhhhhhlaaauubeeebbbbeeeeeeeelaaauuubeeebbbbeeeeeehhhhhlaaauuuubeeehhhhheelaaauuuubeeebbbbeeeeelaaauuuubee
bird_1_250517_171409.1407.cbin,qqqqqqqqqqqqqaaaaaaauuuuuuuuuggggggggbeeeehhhhhhlaaauuuuubeeebbbbeeeeeebeeelaaauuuuubeeebbbbeeeeelaaauuuubeeelaaauuuubeeebbbbeeeeeelaaauuahheeebbbbeeeee
bird_1_250517_171500.1420.cbin,qqqqqqqqqaaaaaauuuuuuuuuggggggbeeeehhhhhhlaaauuuubeeebbbbeeeeeelaaauuubeeehhhhhhhhheeeeelaaauuubeeehhhheebeeehheeeelaaauuuuubeeebeeebbbbeeeeeelaaauuhheebbbbeeeeeeeehhhhhe
bird_1_250517_171600.1430.cbin,qqqqqqqqqqaaaaaauuuuuuuuuuuugggggggbeeeehhhhhhlaaauuuuubeeehhhheebeeebbbbeeeeeelaaauuuubeeebbbbeeeeeelaaauuuuuubeeehh
bird_1_250517_171634.1439.cbin,qqqqqqqqqqqqqqaaaaaauuuuuuuuuuuaggggggbeeehhhhhhhhlaaauuuuubeeebbbbeeeeeehheeelaaauuuuuuubeeehhhhhebeeebbbbeeeeehhhhhheebeeebbbbeeeeeelaaauuuuuu
bird_1_250517_171742.1455.cbin,qqqqqqqqqqqqqqqqqaaaaauuuuuuuuuuuuugggggbeeehhhhheebbbbbeeebbbbeeeeeehheeelaaauuuubeeebbbbeeeeeeeehheeelaaaauuuuuubeeebbbbbeeeeee
bird_1_250517_171813.1460.cbin,qqqqqqqqqqqaaaaaauuuuuuuugggggggggbeeebbbbeeeehheeebbbbeeehhhhhlaaauuuubeeebbbbeeeeelaaauuube
bird_1_250517_171841.1467.cbin,qqqqqqqqqqqqaaaaaaaauuuuuuuuuuuuugggggggbeeehhhhhhhlaaauuuubeee
bird_1_250517_171852.1468.cbin,qqqqqqqaaaaaauuuuuuuuuuugggggggbeeehhhhhhlaaauuuuubeeebbbbeeeeeelaaauuuuubeeebbbbeeeeeeehheeellaaaauuuuuuubeee
bird_1_250517_171917.1472.cbin,qqqqqqqqaaaaaaaauuuuuuuuuuuugggggggggggbeeeeeehhhhhlaaauuuuuubeeehhheeelaaauuuuuuubeeebbbbeeee
bird_1_250517_171939.1476.cbin,qqqqqqqqaaaaaauuuuuuuuuuugggggggbeeehhhhhhhhhhheebeeebbbbeeeeeeelaaauuuuuuubeeebbbbeeeee
bird_1_250517_172023.1486.cbin,qqqqqqqqqqqqqaaaaaaauuuuuuuuuuaggggggbeeeeeeehhhhhlaaaaaauuuuuuuu
bird_1_250517_174404.1767.cbin,qqqqqqqqqqaaaaaauuuuuuuuuuubeeelaaauuuubeeebbbbeeeeeeelaaauuuuubeeebbbbeeeeeeel
bird_1_250517_174506.1783.cbin,qqqqqqqqqqqaaaaaaaaauuuuuuuuuuuugggggggbebeeebbbbeeeeeelaaauubeeehhhhhhlaaauuuubeeebeeehhhhhhhlaaauuubeeehhhhhlaaauuuuubeeebeeelaaauuubeeehhhheaaaa
bird_1_250517_174558.1794.cbin,qqqqqqqqqqaaaaaaaauuuuuuuuuugggggggbeeeehhhhhhhhlaaauuuuubeeebbbbbeeeeeeeelaaauuuubeeebbbbeeeehhheeelaaauuuubeee
bird_1_250517_174704.1808.cbin,qqaaaaaauuuuuuuuuubeeebeeehhhhhlaaauuuuubeeebbbbeeeehheeel
bird_1_250517_174945.1852.cbin,qqqqqqqqqqqqqqqqqqqqqqaaaaaauuuuuuuuuuuggggggggbeeeehhhhhhhhhlaaauuubeeebbbbeeeeeeebeeelaaauuubeeebbbbeeeeeeellaaaaaauuuuuuuuugggggggggbee
bird_1_250517_175027.1858.cbin,qqqqqqqqqqqqqaaaaaaauuuuuuuuuuullgggggggbeeehhhhhbeeebbbbeeeeeellaaauuuuubeeebbbbeeeeelaaaauuuhhheeeaaaaaaa
bird_1_250517_175140.1879.cbin,aaaaaaaauuuuuuuuuuuubeeehhhhhhlaaauuuuuuuubeeebbbbeeeeeelaaauuubeeebbbbeeeeeelaaauuubeeehhhhhee
bird_1_250517_175309.1906.cbin,qqqqqqqaaaaaauuuuuuuuuugggggggggbeeehhhhhhhhhebeeebbbbeeeeeelaaauuuubeeebbbbeeeeeehheeelaaauuuu
bird_1_250517_175407.1920.cbin,qqqqqqqqqqaaaaaaauuuuuuuuuggggggggbee
bird_1_250517_175415.1922.cbin,qqqqqqaaaaaauuuuuuuuuuugggggggbeeehhhhhhhhlaaauuuubebbbbeeeeehhhhhhlaaauuuuuuubee
bird_1_250517_175437.1927.cbin,qqqqqqaaaaaaauuuuuuuulggggggbeeehhhhhhlaaauuuubeeeaaaaheeeeeehheeelaaauuuubeeebee
bird_1_250517_175529.1942.cbin,qqqqqqqqqqqqqqqqqqqaaaaauuuuuuuuuugggggggggbeeehhhhhhhhlaaauuuubeeebbbbeeeeeelaaauuuubeeea
bird_1_250517_175557.1948.cbin,qqqqqqqqqaaaaaauuuuuuuuuugggggggbeeehhhhhhhhlaaauuubeeebbbbeeeeelaaauuuuuuhheeebbbbeeeeelaaauuuuuuubeeehhhhhhlaaauuuubeeehheeelaaauuuuuuuubeeebeeeeehhhhheelbeeebbbbeeeeeeehheeebbbbeeeeeee
bird_1_250517_175635.1955.cbin,qqqqqqqqqqqaaaaaauuuuuuuuuggggggggbeeehhhbbeeebbbbbeeeeeehheeebbbbeeeeeelaaauuuuuubeeehhhhhhbeeebeeebbbbeeeeeelaaauuuuu
bird_1_250517_175721.1968.cbin,qqqqqqqaaaaaaauuuuuuuuuuuggggggggbeeehhhhhhhhlaaauuuuuuuuuubeeehhhhhhbbbbeeeehheeeaaggggggbeeehhhhhhhhhlaaauuubeeebbbbeeeeee
bird_1_250517_175807.1980.cbin,qqqqqqqqqqaaaaaauuuuuuuuuuuuuggggggbeeeehhhhhheeeeehheeel
bird_1_250517_175849.1993.cbin,qqqqqqqqqqqaaaaaauuuuuuuuggggggggbeeeehhhhhhheebbeeebbbbeeeeeeelaaauuuuubeeebbbbeeeeeeeehheeebbbbeeeebeeehhhhhlaaauuuuubeeeebbbbbbeeeeehhhhh
bird_1_250517_175930.2003.cbin,qqaaaaauuuuuuuuuuuuggggggggggbeeeehhhhhhlaaauuuuuuuubeeebbbbeeeeeelaaauuuuuuuuubeeehheebeeebbbbeeeeee
bird_1_250517_180452.2100.cbin,aaaaaaaauuuuuuuuuuaggggggggbeeehhhhhlaaauuuuuuuuuuuubeeebeeeaaaaaaaaaauuuuuuuu
bird_1_250517_191921.3403.cbin,llqqqqqqqqqqqaaaaaauuuuuuuuuggggggbeeebeeeebbbbeeeeeeelaaauuuuubeeebbbbeeeeee
bird_1_250517_192023.3419.cbin,qqqqqqqaaaaaauuuuuuuuugggggggbeeeehhhhhhhhhlaaauubeeebbbbeeeeeelaaauuuhhhhlaaauuuubeeehhhhebeeebbbbeeeeeeeeee
bird_1_250517_192101.3426.cbin,qqqqqqqqqqqaaaaaaauuuuuuuuuugggggggggbeeeeehhhhhhlaaauuubeeebbbbeeeeeeeeelaaauuubeeebeeehhhhhhlaaauubeeebbbbeeeeeee
bird_1_260517_075250.11966.cbin,qqqqqqqqqqqqaaaaaauuuuuuuu
bird_1_260517_075310.11971.cbin,qqqqqqqaaaaaauuuuuuuuuubeeeehhhhhhhhebeeeebbbbeeeeehhee
bird_1_260517_075325.11973.cbin,qqqqqqaaaaauuuubeeehhhhhhhlaaauuuubeeebbbbeeeeelaaauuubeeebbbbeeeelaaauuuubeeebbbbeeeeeee
bird_1_260517_075415.11987.cbin,qqqqqqqqaaaaauuuuuuuuuggggggggbeeeehhhhhhlaaauuubeeebbbbeeeeee
bird_1_260517_075438.11992.cbin,qqqqqqqqaaaaaauuuuuuuugggggggggbeeeeehhhhhlaaauuubeeebbbbeeeeeeehhee
bird_1_260517_075629.12020.cbin,qqqqqqqqqaaaaauuuuuuuuuuggggggggbeeeeeehhhhhhhlaaauuubeeebbbbeeeeeehheeelaaauuubeeebbbbeeeeeeelaaauuuubeeehhhhhhhbeeeebbbbeeeeelaaauuubeeebbbbeeeeeee
bird_1_260517_075816.12034.cbin,qqqqqqqqqqqqqaaaaauuuuuuuuggggggggbeeeeehhhhheeebeeebbbbeeeeeeelaaaauuuubeeebbbbeeehhhhhhebeeehhhhhhee
bird_1_260517_080007.12058.cbin,qqqqqqqqaaaaaauuuuuuuuuggggggggbeeeeehhhhhhhlaaauuubbeeebbbbeeeeeeehheee
bird_1_260517_080028.12062.cbin,qqqqqqaaaaaauuuuuuuugggggggbeeeehhhhhhhebbeeehhhhheeeeeeeelaaauuuubeeebbbbeeeeeelaaauuuuubeeebbbbeeeehheeeggggggbeeehhhhhhe
bird_1_260517_080100.12068.cbin,qqqqqqqqqaaaaaauuuuuuuuuugggggggbeeeeeeehhhhhhhlaaauuubeeehheeebbbbeeeeelaaauuuuubeebeeehhhhhlaaauuuubeeebbbbeeelaaauuuuuubeeebbeeeelaaaauuuubeeebbbbeeeeee
bird_1_260517_080158.12083.cbin,qqqqqqqqqaaaaaaauuuuuuuuuuqqqqaaaaaaauuuuuuuugggggggbeeeehhhheeeeeehheeebbbbeeeeeebeeehhhhhhheebeeebbbbeeeeeehheeeeaaaauuuubeeebeeehhhheebeeebbbbeeeee
bird_1_260517_080516.12124.cbin,qqqqqqqqqqaaaaaaauuuuuuuuuuuggggggggbeeehhhhhhhhebeeehhhhhebeeebbbbeeeeelaaauuubee
bird_1_260517_080722.12150.cbin,qqqqqqqqqqaaaaaauuuuuuuuuuuggggggggbeeeeehhhhhhlaaauuubeeebbbbeeeeehheeebbbbeeeeehheeelaaauuuubeeehhhhhhbeeebbbbeeeeelaaauuubeeebbbbeeeehhhhlaaauuuuubeeebbbbeeeee
bird_1_260517_081911.12321.cbin,qqqqqqqqqqqaaaaaauuuuuuuuuugggggggbeeehhhhhhlaaauuuubeeeebbbbeeeeelaaauuuubeeebbbbeeeeehheeeelaaauubeeeaaaaaggggbeeebbbbeeeebeeebbbbeeeeee
bird_1_260517_090719.12970.cbin,qqqqqqqqqqqqqqqqqqqaaaaaaauuuuuuuuuggggggbeeeeeeehhhhhhhheeeebeeebbbbeeeeeehheeelaaauuubeeehhhhhebeeebbbbeeeeeeeelaaauuubeeebeeelaaauuubeeehhhhhheebeeeeebbbbebeeeeelbbbbeeeaaaaaaaaauuuuubeee
bird_1_260517_091833.13098.cbin,qqqqqqqqqqqaaaaaauuuuuuuuggggggggbeeeehhhhhhhhlaaauuubeeebbbbeeeeeeeebeeelaaauuubeeebbbbeeeeehhhhhhlaaauuubbeeehhhhhebeeebbbbeeeeelaauuubbeeebbbbeeeelaaauuuubeeebeeeebbbbeeeee
bird_1_260517_092055.13130.cbin,qaaaaauuuauuuuggggggbeeeeeehhhhhlaaauuubeeebbbbbeeeehheeelaaauuuubeeehhhhhhheebeeee
bird_1_260517_094321.13387.cbin,qqqqqqqqqqaaaaaauuuuuuuuuuaggggggggbeeeeehhhhhheeeeeee
bird_1_260517_165039.18431.cbin,qqqqqqqqqqqqqqqqqaaaaaaaauuuuuuuuugggggggggbeeeeehhhhhhlaaauuubeeebbbbeeeeeeee
bird_1_260517_165116.18438.cbin,qqqqqqqqqaaaaauuuuuuuggggggbeeeelaaaauuubeeebbbbeeeeeehheeelaaauuuubeeebbbbeeeelaaauuueeeebbbbeeeeeelaaauuubeeehhhhhhhhhlaaauuuube
bird_1_260517_165146.18443.cbin,qqqqqqqqaaaaaauuuuuubehhhhhhlaaauubeee
bird_1_260517_165201.18447.cbin,qqqqqqaaaaauuuuuuaaaaaaauuuuuubeeebbbbeeeeehheeebbbbeeeeeelaauuubeeebbbbeeee
bird_1_260517_165220.18451.cbin,qqqqqqaaaaaauuuehhhhhheeebbbbeeeee
bird_1_260517_165235.18456.cbin,qqqqqqaaaagggggggbeeehhhhhhlaaauuuuuubeeellaaaaauuuubeeehhhhhebbbbeeeeelaaauuuuuubeeebbbbeeeeeeeeehheeelaaa
bird_1_260517_165317.18466.cbin,qqqqqqqqaaaaauuuuuuugggggggbeeeeehhhhhlaaauuubeeebbbbeeeeeehhhhlaaauuubeeebbbbeeeee
bird_1_260517_165409.18474.cbin,qqqqqqqaaaaauuuuuuuuubeeeehhhhhheeeeeeebeeebbbbeeeeeebeeebbbbeeeeelbeeelaaauuuubeeeebbbbeeeeeehheeebbbbeeehhhhheelaaaauuubeeeelaaauuuubeeeeebbbbeeel
bird_1_260517_165455.18484.cbin,qqqqaaaaaaaaauuuuuuubeeehhhhhhheeeeebbbbeeeebeeebeeehhhhhlaaauubeeebbbbeeeeeeeehheeeeelaaauuuubeeebeeeagggggbeeeehhhhheebeeehheeeaaaueeeee
bird_1_260517_170344.18612.cbin,qqqqqqqqqqaaaaaaaauuuuuuuubeeeeeelaaauuubeeebbbbeeeeeehhhhhlaaauuubeeebbbbeeeeebbbbeeeehhhhhlaaauuuubeeeebeeelaaauubeeehhhhlaaauuubeeebbbbeee
bird_1_260517_170515.18626.cbin,qqqqqqqqqqqqaaaaauuuuuuuggggggggbeeeeehhhhhhhheeeebeeebbbbeeeeeeelaaauubeeebbbbeeehheeebbbbeeeelaaauuuubeeehhhheebeeelaaauuubeeebbbbeeeeeelbeeebeeehhhhhebbbbeeeeee
bird_1_260517_171409.18746.cbin,qqqqqqqaaaaaauuuuuuggggggbeeeeehhhhhhhhebeeebbbbeeeeeehheeelaaauubeeebbbbeeeeeeehheeeeebbbbeeeeeeelaaauuubeeebbbbeeeeehheeelaaauuu
bird_1_260517_171504.18761.cbin,qqqqqqqqqaaaaauuuuuuuggggggggbeeeeehhhhhhhhlaaauubeeebbbbeeeeeeelaaauuubeeebbbbbeeeeeeelaaauuuubeeeeebbbbeeeehheeelaaauuubeeebeeeeeehheeelaaauuu
bird_1_260517_171549.18771.cbin,qqqqqqqqqqqaaaagaaauuuuuugggggggbeeeeeehhhhheebbbbeeeeeeelaaauuueeeebbbbeeehheeebbbbeeeeehheeeeelaaauuubeeebeeeelaaaauueeeehhhhhebeeebbbbeeeeeee
bird_1_260517_171708.18790.cbin,qqqqqqqqaaaaaauuuuuuuuuugggggggbeeeeeeelaaauuuubeeebbbbeeeeeehheeelaaauuubeeebbbbee
bird_1_260517_171741.18800.cbin,qqqqqqaaaaaaauuuuuuuuuuugggggggbeeeeeehhhhhhlaaauuubeeebbbbeeeehhhhhlaaauuubeeehheeebbbbeeeeee
bird_1_260517_171806.18806.cbin,qqqqqqaaaaaauuuuuuuuuuuggggggbeeehhhhhhhlaaauuuubeeebbbbeeeeehheeebbbbeeeeeelaaauuuuubeeehheeeehhhhhlaaauuuubeeebbbbeeeeeee
bird_1_260517_171923.18823.cbin,aaaaaauuuuuuuuuuuahheeeeee
bird_1_260517_172327.18898.cbin,qqqqqqqqqqqaaaaaauuuuuuuuuuuulhheeeeehhhhhhlaaauuubeeebbbbeeeeeeehheeeebbbbbeeeelaaauuubeeebbbbeeeehhhhheebeeebbbbeeeehheeelaaaauuuuuubeeebbbbeeeeeehhhhhhebbbbeeeeehhe
bird_1_260517_172350.18899.cbin,qqqqqqqqqqaaaaaauuuugggggggbeeehhhhhheebeeebbbbeeeeehheeeaaaa
bird_1_260517_172415.18904.cbin,qqqqqqqqqaaaaaauuuuuuuggggggggbeeeeeebbbbbeeeeelaaauuuubeeebbbbeeeeeehheeelaaauuuubeeebbbbeeeeeeelaaauuuubeeebbbbeeehhhhhhebebeeehhhhhhheleeeebbbbeeeeeehheeeelaaauuuubeeebeeebbbbeeeeee
bird_1_260517_172544.18925.cbin,qqqqqqqaaaaaauuuuuuuuuuuugggggggbeeeeeeeebbbbeeeeehheeeebbbbeelaaauuubeeebbbbeeeeehheeeelaaauuubeeebbbbeeeeelaaauuubeeebbbbeeeeehheeelaaauuuubeeebbbbeeeeeehhhhhlaaauuuuuu
bird_1_260517_172646.18940.cbin,qqqqqqqqaaaaaauuuuuuuuggggggggbeeeeeeeehhhhlaaauubeeeebbbbeeeeehheeebeeebbbbeeeeehheeebbbbeeeelaaauuubeeehhhhhlaaauuuuubeeebeeebbbbeeeelaaauubeeebbbbbeee
bird_1_260517_172737.18946.cbin,qqqqqqqqqqqaaaaaaauuuuuuuuuggggggggbeeeeeehhhhhlaaauuubeeebbbbbeeehheeebbbbeeeeehhhheebeeebbbbeeeee
bird_1_260517_174315.19114.cbin,qqqqqqqqqaaaaauuuuuuuuuggggggbeeeeehhhhhhhlbbbeeebbbbeeeeeeelaaauubeeehhhhheebeeelaaauuubeeebbbbeeeeee
bird_1_260517_174343.19121.cbin,qqqqqqqaaaaauuuuuuuuugggggggbeeeehhhhlaaaauubeeebbbbeeeeehheeelaaauuubeeebbbbeeeeeelaaauuuubeeebbbbeeeeehheeehhhhebbbbeeeeelaaauuuubeeebbbbeeeeelaauuuuubee
bird_1_260517_174424.19126.cbin,qqqqqqqaaaaaaaauuuuuuuuuugggggggbeeeeehhhhhheebeeebbbbeeeeehheeebbbbeeeehheeebbbbeeehheeelaaauuubeeebbbbeeeeelaaauuubeeebbbeeeeeelaaauuubeeebbbbeeeeeeeeelaaauuuuuu
bird_1_260517_174517.19139.cbin,qqqqqqqqaaaaaauuuuuuuuuuggggggggbeeeeehhhhhlaaauubeeebbbbeeeeeehheeebbbbeeeeeeeeehheeeelaaauuuubeeebbbbeeeelaaauuuubeeehhhhhheebeeehheeebbbbeeeelaaauuuubeeehhhhebeeeeeeeeebbbbeeeee
bird_1_260517_174705.19162.cbin,lqqqqqqqqqaaaaaaauuuuuuuauuuugggggggbeeeeehhhhhlaaauuuuubbeebbbbeeeeeeehheebbbbeeeeeelaaauuuuubeeehhhhhebbbbeeeeeeeelaaauuuuubeeebbbbeeelaaauuuuubeeeaaaaqbeeeqqqq
bird_1_260517_175235.19252.cbin,qqqqqqqqqqqaaaaaaauuuuuuuuugggggggggbeeeeeehhhhhhhhlaaauuubeeebbbbeeeeeelaaauuubeeebbbbeeeeehheeelaaauuubeeehhhhlaa
bird_1_260517_175516.19302.cbin,qqqqqqqaaaaaauuuuuuuuuuuuaulgggggggbeeeeeeehhhhlaaauuuubeeebbbbeeeeeeeeeehheeelaaauuuubeeebeeehhhhhhh
bird_1_260517_175929.19378.cbin,qqqqqqqqqaaaaauuuuuuuuuuuuubeeehhhhhlaaauuubeeebbbbeeeeeeehbeeehhhhhhhlaaauuuubeeebbbbeeeeeelaaauuuubeeebbbbeeeeeelaaauuuuubeeebbbbeeeeeeeehheeelaaauuuua
bird_1_260517_180055.19401.cbin,llqqqqqqqqqqqqqaaaaaauuuuuuuuugggggggggbeeeeeehhhhhlaaauuuubeeebbbbeeeeeehheeelaaauuuubeeebbbbeeeeeehheeebbbbeeelaaauubbeeebbbbeeeeeelaaauuuua
bird_1_260517_180123.19405.cbin,qqqqqqqqqaaaaaaaauuuuuuuuuubeeeebbbbeeeeeeeehheeeeeeebbbbeeeeehhhlaaauuuuuubeeebbbbeeelaaauuuubbeeeebbbbeeeeelaaauuuuubeeehhhhhhlaaaauuuuubeeebbbbbeeebbbbbbeeebbbbeeeeelaaauuuuubeee
bird_1_260517_180318.19431.cbin,qqqqqqqqaaaaaauuuuuuuuuugggggggbeeeeehhhhlaaauuubeeebbbbeeeeee
bird_1_260517_180331.19434.cbin,qqqqqaaaaaauuuuuuuugggggggggbeeeehhhhhhhlaaauu
bird_1_260517_180352.19440.cbin,qqqqqqqaaaaauuuuuuuuuugggggggbeeeeehhhhhlaaauuuuuubeeebbbbeeeeehheeelaaauuuuubeeebbbbeeeeeelaauuuuubeeebbbbeeeelaaauu
bird_1_260517_180442.19454.cbin,qqqqqqqqaaaaaaauuuuuuuuagggggggbeeehhhhhhhlaaauuuuuubeeebbbbeeeeeehheeeeaggggggbeeeehhhhheebeeebbbbeeeeelaaauuuubeeebbbbeeeee
bird_1_260517_180626.19483.cbin,qqqqqqqqqqqqqaaaaauuuuuuuuuuaggggggbeeeebbbbeeeeeeeehheeebeeeehhhhhlaaauuuubeeeaaubeeeehheeebbbbeeeeelaaauuuuubeeehhhheebeeelaaauuubeeeeebbbbeeehhhhhhe
bird_1_260517_180707.19490.cbin,qqqqqqqqqqqqqaaaaauuuuuuuuuuuuuugggggggbeeehhhhhhlaaauuuuuuu
bird_1_260517_180714.19491.cbin,laaaaauuuubeeeeeehhhhhlaaauuuubeeebbbbeeeeeeehheeebbbbeeeeelaaauuuuubeeeebbbbeeeelaaauuuuuubeeehhhhhbbbbbbeeebbbbeeelaaauuuuubeeehhhhhhhlaaauuuuu
bird_1_260517_180810.19498.cbin,qqqqqqqqqaaaaaaaaauuuuuuuuuuuuggggggggbeeeeehhhhlaaauuuuuubeeebbbbeeeeehhhhhhlaaauuuubeeebbbbeeeeeeeeeeelaaauuuubeeebbbbeeeehheeeeeebbbbeeeehheeebbbbeeeelaaauuuuuubbeeeehhhhhhebbbbeeeeeehheeebeeeaaauuuuuuubeeeeebbbbbeeeeeelaaauuubeeebeeeeelaaauuuuebeeeebbbbeeee
bird_1_260517_180948.19515.cbin,qqqqqqqaaaaaauuuuuuuuuuuggggggggbeeeeeeeehhhhhlaaauuuuubeeehhhhebbbbeeeeehhhebeeeaaaueeeeehlaaauuuuuubeeeaaaaauuuuuubeeebbbbeeeeehheeebbbbeeeeeeeelaaaauuuubeeehheeeee
bird_1_260517_181240.19564.cbin,qqqqqqqqaaaaaauuuuuuuuuuuuugggggglbeeeehhhhhlaaauuubeeebbbbeeeeeehheeeebeeebbbbeeeeeeehheeebbbbeeeehheeebbbbeeeeeelaaauuuuubeeehhhhhheebbbbeeeeelaaauuuuuuubeeehhhhbbbbeeeeeelbeeebbbbeeee
bird_1_260517_181403.19585.cbin,qqqqqqqqqqaaaaaaaauuuuuuuuuugggggggbeeeeeehhhhhhhlaaauuubeeebbbbeeeeeeelaaauuuubeee
bird_1_260517_181514.19608.cbin,qqqqqqqqqqaaaaaaauuuuuuuuuuggaggggggbeeeeehhhhhhlaaaauuuubeeebbbbeeeehlaaauuuuuubeeebbbbebbbbeeelaaauuuubeeebbbbeee
bird_1_260517_181906.19679.cbin,qqqqqqaaaaaaauuuuuuuuugggggggbbeeeeeehhhhhhlaaauuubeeebbbbeeeeeeehheeelaaauuuubeeehhhhhheeeelaaauuubeeehhhhhhlaaa
bird_1_260517_181958.19691.cbin,qqqqqqqqqqaaaaaauuuuuuuuuugggggggbeeeeehhhhhlaaauuuubeeebbbbeeeeeehheebbbbeeeehheeebbbbeeeelaaaauuubbeeebeeehhhheebbbbeeeeeelaaauuuubeeehhhhhlaaaauuuubeeebeeehhhhbbbbeeebbbbbeeeee
bird_1_260517_182222.19728.cbin,qqqqqqqqqqaaaaaaaaauuuuuuuuuggggggggbeeee
bird_1_260517_182233.19730.cbin,qqqlqqaaaaauuuuuuuuuuubeeehhhhhlaaauuubeeeeelhhhhhlaaauuuuubeeebbbbeeeeeehheeelaaauuuuuubeeebbbbbeeelaaaauuubbbbbbeeelaaaauuubeeehhhhhlaaauuuuuuubeeeebbbbeeeeeahhhhhhheebeee
bird_1_260517_182401.19747.cbin,qqqqqqqqqqaaaaauuuuuuuuugggggggggbeeeehhhhhlaaauubeeeeebbbbeeeeeehheeelaaaauuuuubeeebeeebbbbeeeeehhhhhhebbbbeeeelaaauuubeeebbbbeeeeelaaauuuuubeeebbbbeeeeeeee
bird_1_260517_182530.19769.cbin,qqqqqqqqqqqaaaaaauuuuuuuuggggggggggbeeeeehhhhhhhhlaaauuuuubeeebbbbeeeelaaauuubeeebbbbeeehheeebbbbeeelaaauuuubeeebbbbeeeehhhhhebeeelaaauuuuubeeebbbbeeeehheeeeeelaaaauuuuubeehhhhhlaaauuuuubeeeaaaa
bird_1_260517_183425.19896.cbin,qqqqqqqqqaaaaauuuuuuuuugggggggbeeeehhhhhhheeeeebbbbeeeeeehheeelaaauubeeebbbbeeeeehhhh
bird_1_260517_183539.19920.cbin,qqqqqqaaaaaauuuuuuuuuuuuugggggggbeeeeeeehhhhhhlaaauuuubeeebbbbeeeeeee
bird_1_260517_183720.19944.cbin,qqqqqqqqaaaaaauuuuuuuuuuuuugggggggggbeeehhhhhhhlaaauubeeebbbbeeeeeeeehheeeelaaauuubeeehhhhhebeeebbbbeeeeeelaaauuuubeeebbbbeeeelaaauuuuuubeeehhhhhlaaaauuuubeeebbbbeeeeeelaaauuubeeeeebbbbeelaaauubeeebbbbeeeehhhhhhhlaaauuuuuua
bird_1_260517_184143.20018.cbin,qqqqqaaaaaaauuuuuuuuugggggggggbeeeehhhhhhheeeeeeee
bird_1_260517_184353.20048.cbin,qqaaaaaaauuuuuuuuuuuggggggggbeeeeehhhhhhlaaauuuubeeebbbbeeeeee
bird_1_260517_184520.20078.cbin,qqqqqqqqqqqqqqqqqqqqaaaaaaauuuuuuuauggggggggbeeeeehhhhhhhlaaauuubeeebbbbeeeeeeeehhhhhhebeeebbbbeeeeelaaaauuuubeeehhhhhheaaaalaaauuuubee
bird_1_260517_184618.20091.cbin,qqqqqqqaaaaaaaauuuuuuuaugggggggggbeeeeehhhhhhhlaaauubeeebbbbeeeeehheeeebbbbeeeeelaaauuubeeehhhhaggggbeeebbbbeeeeelaaaauuuueeeebbbbeeeeeeeelaaauuuuueeeehhhhhlaaauuuu
bird_1_260517_184712.20102.cbin,qqqqqqqqllaaaauuuuuuuuggggggggbeeeeebbbbeeeeeelaaauuuubeeeehhhhhheeeeeebbbbeeeeeelaaauuubeeebbbbeeeeelaaauuuubeeehhhhhhhhlaaauuuubeeehhhhlaaauuuuuuubeeebbbbeeeeehheeeeelaaauuuuuubeeeebbbbeelaaauuuuuuubeeebbbbeeeeeeeelaaauuuubeeebbbe
bird_1_260517_191039.20420.cbin,qqqqqqqaaaaaaauuuuuuuuugggggggbeeeeeehhhhheeeeeebeeebbbbeeeeeelaaauuubeeehhhhhlaaauuueeeelh
bird_1_260517_191545.20510.cbin,qqqqqqqqqqqqqqaaaaaaauuuuuuuuuuggggggggbeeeehhhhhhlaaauuubeeebbbbeeeeeeelaaauuubeeebbbbbeeeelaaauuueeebbbbeeeeehheeelaaauuubeeehhhhhebeeeelaaauuuubbeeebbbe
bird_1_260517_191714.20533.cbin,aaaaaauuuuuuuuuuggggggggbeeeeeehhhhhhlaaauuuu
bird_1_270517_075500.28259.cbin,qqqqqqqaaaaauuuuuuuuuugggggggbeeeeehhhhhlaaauuubeeebbbbeeeeeeeelaaauuubeeehhhhhhhebeeehhhheebeeebbbbeeeeehheeelaaauuubeeehhhhhheehheeelaaaauuubeeebbbbeeeeeelaaauuua
bird_1_270517_075550.28267.cbin,qqqqqqqqqaaaaaauuuuuuuuuuuggggggbeeeehhhhhhlaaauubeeebbbbeeeeeehheeeeelaaauubeeebbbbeeeeelaaauuubbeeehhhheebeeehhheebbbbeeeelaaauuuubeeebbbbeeeelhhheeebbbbeeeeeehheeebbbbeee
bird_1_270517_075657.28280.cbin,qqqqqqqqaaaaauuuuuuuuuuuuugggggggbeeeeeehhhhhhhlaaauuubeeebbbbeeeeeelaaauuuubeeebbbbeeeehhhhheeebeeebbbbeeeeelaaauuubeeehhhhheebbbbeeehhhhhlaaauuuubeeelaaauuhhhhhlaaauuuubeeehheeeebbbbbeeeel
bird_1_270517_075811.28291.cbin,lqqqqqqqqaaaaauuuuuuuugggggggbeeeeehhhhhlaaauuubeeebbbbeeeeeelaaauuuubeeebbbbeeeeehhhhlaaauuuuubeeebbbbeeeelaaauuubeeebbbbeeeehhhhhlaaauuuuubeeebeeehhhhhlaaauuuubeeebbbbeeeelaaauuuuuu
bird_1_270517_080215.28360.cbin,qqqqqqqqqqaaaaaauuuuuuuuuggggggbeeeeeehhhhhhebeeeebbbbeeeeeelaaauuubeeebbbbeeehhhhhhlaaauuuubeeebbbbeeeehhhhhhlaaauuubeeeebbbbeeelaaauuuubeeeaaaaggggg
bird_1_270517_080902.28446.cbin,qqqqqqqqqqqqqqaaaaaauuuuuuuuuubeeeehhhhhheeeebbbbeeeeeeeehheeeelaaauuubeeebbbbeeeelaaauuubeeebbbbeeeelaaauuuubeeeeebbbbeeeelbeeehhhhhhhee
bird_1_270517_081230.28487.cbin,lqqqqqqllaaaaaaauuuuuuuuuuggggggggbeeeeeehhhhhhhlaaauuuubeeebbbbeeeeelaaauubeeehhhhhhebbbbeeeehhhhhlaaaauuuubeeelbeeehhhhhebeeeeggggbeeehhhhhhbeeeaaauuuubbbbeee
bird_1_270517_081336.28503.cbin,qqqqqqqaaaaauuuuuugggggggbeeeeehhhhhhhebeeebbbbeeeehheeelaaauuuubbeeebbbbeeehhhhhhlaaauuubeeebbbbeeeelaaauuuubeeebbbbeeebeeehhhhhhebeeeebbbbeeeeelbeeeebbbbeeee
bird_1_270517_081611.28547.cbin,qqqqqaaaaaauuuuuuuuuugggggggbeeeehhhhhhlaaauuuubeeehhhhebeeebbbbeeeeeehheeelaaauuubeeehhhhhhbelaaauuuubeeeebbbbeeeeeehh
bird_1_270517_082148.28617.cbin,qqqqqaaaaaauuuuuuuuggggggbeeeeehhhhhlaaauuubeeebbbbeeeeehheeelaaauuu
bird_1_270517_082408.28662.cbin,qqqqqqaaaaaauuuuuuuuuugggggggbeeeeeehhhhhhheeeeebeeebbbbeeeeehhhhhhlaaauubeeeggggggbeeehhhhhlaauuubeeebbbbeeeeehhhhlaaauuuuubeeebbbbeeeelaaaauuuuuubeeehhhhhlaaauuuu
bird_1_270517_083124.28790.cbin,qqqqqqqqaaaaaauuuuuuuuuuuuggggggggbeeeehhhhhhhlaaauuubeeebbbbeeeeeehheeeelaaauuubeeebeeehhhhhlaaauuubeeebbbbeeeebeeelaaauuubeeehhhhlaaauuuuallbeeebbbbeeeelaaa
bird_1_270517_083508.28838.cbin,qqqqqqqqqqaaaaaaaauuuuuuuuuuuubeeggggggggbeeeeehhhhhhhhhlaaauuuubeeebbbbeeeeeehheeeehhhheelaaauuubeeebbbbeeeelaaauuubeeebbbbeeeelaaauuuuubeeehhhhhhhlaaaauuuubeeebbbbeeeee
bird_1_270517_084520.28979.cbin,aaaaaaauuuuuuuuuuuuggggggggbeeeeehhhhhhhlaaauuubeeehhhheebeeebbbbeeeeeehheeeelaaauuuubeeebbbbeeeeeelaaauuubeeehhhhhlaaauuuu
bird_1_270517_085104.29093.cbin,qqqqqqqqaaaaauuuuuuuuuuuulhhhhhhlaaauuubeeebbbbeeeeelaaauuubeeebbbbeeeehheeeelaaauubeeebbbbeeeeehheeelaaauuubeeebbbbeeeeel
bird_1_270517_085203.29113.cbin,qqqqqqqqqaaaaaaauuuuuuuuugggggggbeeeeehhhhhhlaaauubeeebbbbeeeeehheeebbbbeeeebeeehhhhhebeeebbbbeeehheeelaaauuubeeebbbbeeee
bird_1_270517_085307.29129.cbin,qqqqqqqlaaaaaauuuuuuuuuggggggggbeeeehhhhhhlaaauuuubeeebbbbeeeeeehheeebbbbeeeelaaauuubeeebbbbeeeeeelaaauuuubeeebbbbeeeeelaaauuuubeeebbbbeeeeeebbeeehhhhhebeeeebbbbeeeee
bird_1_270517_085414.29141.cbin,qqqqqqqqqqaaaaaauuuuuuuuugggggggbeeeehhhhhlaaauuuubeeebbbbeeeeeeehheeebbbbeeeeagggggbeeeehhhhhebeeebbbbeeeelaaauuuuhhhhhlaaauubeeebbbbeeeee
bird_1_270517_085541.29156.cbin,qqqqqqqqqqqaaaaauuuuuuuugggggggbeeeeeehhhhhlaaauuuuubeeebbbbeeeeeeehheeelaaauuuubeeebbbbeeeehhhhhebeeehhhhheebbbbeeelaaauuuubeeehhhhlaaauuubeeebbbbeeeeelaaauuuubeeeebbbbeeeelaaaauuuubeeebbbbeeehhhhhlaaauuuuuubeeeeeebbbbeeeeelaaauuubeeebbbbeeee
bird_1_270517_085755.29183.cbin,qqqqqqqqaaaaaauuuuuuuuuuuugggggggggbeeeeehhhhhlaaauuuubeeebbbbeeeeehheeelaaauuuuubeeebbbbeeeee
bird_1_270517_090034.29230.cbin,qqqqqqqqlaaaaaauuuuuuuuugggggggbeeeeehhhhhhlaaauuubbeeebbbbeeeeeeeeehheeeahhhhhlaaauuubeeebbbbeeeeeehheeelaaauuuubeeehhhhhlaaauubeeeeebbbbeeeelaaaauuuuuubeeebbbbeeee
bird_1_270517_090135.29242.cbin,qqqqqqqaaaaauuuuuuugggggggbeeeee
bird_1_270517_090844.29342.cbin,qqqqqqqqqqqqaaaaaauuuuuuuuuuuggggggggbeeehhhhhhlaaauuuubeeebbbbeeeeeeebbbbeeeeebbeeehhhhhhhhlaaauuubeeebbbbeeehheeelaaauuubeeebeeebbbbelaaauuuuubeeehhhhhhllaaauuuubeeebbbbeeeee
bird_1_270517_091130.29384.cbin,qqqqqqqqaaaaaauuuuuuuuuugggggggbeeeeehhhhlaaauuuubeeeebbbbeeeeeeehheeelaaauuuubeeehhhhhhllaaauuuubeeebbbbeeelaaauuubeeehhhhhebeeebbbbeeee
bird_1_270517_091241.29398.cbin,qqqqqqqqqqqqqaaaaaaauuuuuuuuugggggggbeeeeehhhhhlaaauuuubeeebbbbeeeeeehheeebbbbeeeeeeehheeelaaauuuu
bird_1_270517_092504.29578.cbin,aaaaauuuuuuuuuugggggggbeeehhhhhhhlaaauuubeeebbbbeeeeeeehheeeehhhhhlaaauuubeeebbbbeeehheelaa
bird_1_270517_092542.29588.cbin,qqqqqaaaaauuuuuuuugggggggahhhhhhhhhlaaauuuubeeebbbbeeeeeehheeeelaaauuuuuubeeehhhhhhebeeebbbbeeeeelaaauuuubeeebbbbeeee
bird_1_270517_093052.29666.cbin,qqqqqqqqaaaaaauuuuuuuuuggggggggbeeeeeehhhhhhhhebeeebbbbeeeeeeelaaauuubeeehhhhheebeeebbbbeeeeeehheeelaaauuubeeebbbbeeeehhhhhhlaaauuuubeeebbbbeeeee
bird_1_270517_093132.29676.cbin,qqqqqqqqqqqqqqqaaaaauuuuuuuugggggggbeeeeehhhhhlaaauuuubeeebbbbeeeeeeehheeebbbbeeeeehheeebbbbeeeeelaaauuuuubeeebbbbeeeeeebeeehhhhhhhlaauuubeeeehhhhhebeeebbbbeeelaaauuuuubeeehhhhhhebbbbeeeelbbbbeeebbbbbeeee
bird_1_270517_093217.29680.cbin,qqqqqqqqqqqaaaaaaaauuuuuuuuuuugggggggbeeeeeehhhhhllaaauuubeeebbbbeeeelaaauuuuubeeebbbbeeeehheeeeebbbbeeeeeeeelaaauuuuubbeeebbbbeeebeeebbbbeeeeeeeelaaauuuuubeeebbbbeeeee
bird_1_270517_094427.29830.cbin,qqqqqqqqqqqqaaaaaaauuuuuuuuuuggggggbeeeeeeehhhhhlaaauuubeeebbbbeeeeeeehheeeela
bird_1_270517_094444.29833.cbin,qqqqqqqaaaaaauuuuuuuuggggggggbeeehhhhhlaaauuubebeeebbbbeeeeeehhee
bird_1_270517_100815.30165.cbin,qqqqqqqqqaaaaaauuuuuuuuuugggggggbeeeee
bird_1_270517_100840.30172.cbin,qqqqqqaaaaauuuuuuuuugggggggbeeeeeehhhhhheeeeeeebeeebbbbeeeehheeelaaauuubeeebbbbeeeeeehheebbbbeeeeelaaauuuubeeebbbbeeeelaaauuuubeeeeelaaauuubeebbbbeeeeeelaaauuubeeebbbbeeeeehhhhhlaaauuubeeebbbbeeeeeelaa
bird_1_270517_100947.30179.cbin,qqqqqqqqqaaaaaauuuuuuuuugggggggbeeeeebbbbeeeeeehheeebbbbeeeeeehheeelaaauuubeeebbbbeeeeehhhhhhlaaauuuuubeeebbbbeeeelaaauuuubeeebbbbeeeeehheeelaaauuuuubbeeebeeebbbbeeeeehheebeeeebbbbeelaaauuuuuuuhhhhhlaaauuuubeeehhhheebeeebbbbeeee
bird_1_270517_101123.30191.cbin,qqqqqqqqqqqqqqqqqaaaaaaauuuuuuuuuugggggggbeeeehhhhhlaaauuubeeebbbbeeeeeehheeebbbbeeeeeelaaauuubeeebeeehhhhhhhebeeebbbbeeeelaaauuuubeeeeehhhhhhlaaauuuubeeehhhebbbbeeelaaauuuuuuhhhhhebeeebbbbeeeeeeelaaauuuuu
bird_1_270517_102755.30453.cbin,qqqqqqqqqqqqqqqqaaaaaauuuuuuggggggggbeeeeehhhhhbbeeebbbbeeeeeeelaaauuubeeebbbbeeeeeeeehheeelaaauuubeeebbbbeeebbbbbee
bird_1_270517_103434.30510.cbin,qqqqqqqqqqqqqqqqqqqqaaaaaauuuuuuuuugggggggbeeeeeehhhhhhhhelaaauuubeeebbbbeeeeehheeelaauuubeeehhhhhebeeebbbbeeelaaauuuubbeeebbbbeeehhhhhebbbbeeeeehheeeelaaauuuubeeebbbbeeeeehheeeebbbbbbeeebbbbeeeeeelahhhhhhebbeeebbbbeeeelaaauuuuubeeebeeeee
bird_1_270517_104342.30654.cbin,qqqqqqqqqaaaaaauuuuuuuuugggggggggbeeeehhhhhhhhebbeeebbbbeeeeeelaaauuubbeeebbbbeeehhhhhebeeelaaauuubeeebbbbeeeeelaaauuubeeebbbbeeeeelaaauuuubeeehhhhhhhlaaauuuuubeeebbbbeeeeeeee
bird_1_270517_104508.30670.cbin,qqqqqqqqqqqqqqaaaaaaaauuuuuuuuggggggglbeeeehhhhhlaaauuuubbeeeeeebbbbeeeeeehheeebbbbeeeelaaaauuubeeebeeehhhhhlaaauuuubeeelaaauuuhhhhebeeebbbbeeeeehhhhhheebbbbeeeee
bird_1_270517_105857.30844.cbin,qqqqqqaaaaaauuuuuuuuugggggggbeeeeeehhhhlaaauuuubeeebbbbeeeeehheeelaaauuubeeebbbbeeeehheeelaaauubeeebbbbeeeeehheeeelaaauuubeeebbbbeeehhhhebeeehhhhelbbbbeeeeeelaaauuubeeebbbbeeeeeee
bird_1_270517_105946.30853.cbin,qqqqqqqqqqqaaaaaauuuuuuuuugggggggggbeeeeehhhhhhlaaauuuuubeeebbbbeeeeeehheeelaaauuuuuubeeebbbbeeelaaauuubeeehhhhhhebeeehhhhheeelaaauuuuubeeebbbbeeeeee
bird_1_270517_110026.30862.cbin,qqqqqqqqqqaaaaaauuuuuuuuuuugggggggggbeeeehhhhhhhebeeebbbbeeeeeehheebbbbeeeeeelaaauuuubeeebbbbeeeeeeelaaauuuuubeeehhhhhlaaauuuuuubeeebbbbeeeelaaauuuuuubeeehhhhbbbbeeeee
bird_1_270517_111824.31081.cbin,qqqqqqqqqqqqqqqaaaaaauuuuuuugggggggbeeeeeeehhhhhhlaaauuubeeebeeebbbbeeeeeeeehheeelaaauuuubeeebbbbeeeeelaaauuuubeeebbbbeeeeehhhhhhhhlaaauuubeeebbbbeeelaaauuubeeebbbbeeelaaauuuubbbbeeee
bird_1_270517_113017.31242.cbin,qqqqqqqqqaaaaaauuuuuuuuugggggggbeeeeehhhhhhebbbbeeeeeeehheeelaaauuubeeebbbbeeeehhhhhhhlaaauuuubeeebbbbeeee
bird_1_270517_113036.31245.cbin,qqqqqqaaaaaauuuuuuuuggggggggbeeeehhhhhhhlaaauuuuuubeeebbbbeeeeehheeeelaaauuuuubeeebbbbeeee
bird_1_270517_113109.31255.cbin,qqqqqqqqqaaaaaaauuuuuuuuuuuggggggahhhhhhhlaaauuuubeeebbbbeeeeeeeehheeeelaaauuuubeeelhhhhhhlaaauuuuu
bird_1_270517_113135.31261.cbin,qqqqqqqqqqqaaaaaauuuuuuuuuggggggggbeeeeehhhhhhlaaauuuubeeebbbbeeeehhhhhhhhebeeebbbbeeeebeeebbbbeeeeeehheeelaaauuuubeeebeeehhhhhe
bird_1_270517_113205.31265.cbin,qqqqqqqqqqaaaaaaauuuuuuuggggggbeeeeehhhhhhe
bird_1_270517_113217.31267.cbin,qqqqqqqaaaaauuuuuuuuugggggggggbeeeeeehhhhhhhlaaauuuuubeeebbbbeeeeeeehheeeelaaauuuubeeehhhhbeeebbbbeeeeelaaauuuuuube
bird_1_270517_113303.31277.cbin,qqqqqqqqaaaaaauuuuuuuuuggggggggbeeehhhhhhhlaaauuuuubeeebbbbeeeeeelaaauuuuubeeebbbbeeehhhhhhlaaauuuuuubeeehhhheebeeebbbbeeeeeelaaauuuubeeeeelaaaauuuuhhhhhhebbbeeeeee
bird_1_270517_113356.31287.cbin,qqqqqqqqqqaaaaaauuuuuuuuuggggggggbeeeeehhhhhlaaauuubeeebbbbeeeehheeelaaauuuuuubeeebbbbeeeehheeeebbbbeeeeehheeebbbbeeeeeelaaauuuuuubeeebbbbeee
bird_1_270517_114640.31466.cbin,qqqqqlllllllqaaaauuuuuuuugggggggbeeeehhhhhhlaaauuubeeebbbbeeeeeehheeelaaauuubeeebbbbeeeeehheeelaaauuubeeebbbbeeeehheeelaaauuubeeebeeebbbbeeeee
bird_1_270517_114721.31474.cbin,qqqqqqqqqaaaaaauuuuauuuuuuggggggggbeeeehhhhhhlaaauuuuubeeebbbbeeeeelaaauuuubeeehhhhhlaaauuuuuubeeelaaaauuubeeebbbbeeeelaaauuuuuu
bird_1_270517_114821.31489.cbin,qqqqqqqqqqaaaaaauuuuuuuugggggggbeeehhhhhlaaauuuuubeeebeeehhhhhhlaaauuuuubeeebbbbeeeeehheeeelaaauuuubeeebbbbeeeeeeelaauuuuubeeehhhhhhhebeeehbbbbeee
bird_1_270517_114856.31496.cbin,qqqqqqqaaaaaauuuuuuuuuuugggggggbeeeehhhhhlaaauuuubeeebbbbeeeeeehheeebbbbeeeeeelaaauuuuubeeebbbbeeeeeehheeeeebbbbeeeeeehheeebbbbeeelaaauuuuuubeeehhhhlaaauuuuuubeeebbbbeeee
bird_1_270517_115003.31509.cbin,qqqqqqqqqqqqaaaaaaauuuuuuuuuggggggbeeelaaaauuubehhhhhlaaauuuubeeebbbbeeeeehheeeeebbbbeeehheeebbbbeeeeehheeelaaauuuuu
bird_1_270517_120810.31719.cbin,qqqqqqqqaaaaaauuuuuuugggggggbeeeeehhhhhhlaaauugbeeebbbbeeeeehhhhhhhlaaauuubeeebbbbeeeehheeebbbbeehhhhhhgaauuuubeeebeeebbbbeeelaaauuuubeeebeeebbbbeeeee
bird_1_270517_120854.31727.cbin,qqqqqqqqqaaaaaauuuuuuuggggggggbeeeeehhhhhlaaauuubeeebbbbeeeebbbbeeeeeehheeelaaauuubeeehhhhhhlaaauuuubeeebbbbeeeeeeelaaaauuuubeeebeeebbbbeeeeelaaauuubeeehhhhhhheaggggggbeeeebbbbeeeee
bird_1_270517_120936.31735.cbin,lqqqqqqlllaaaaaauuuuuuuggggggggbeeehhhhhheebeeebbbbeeeeehhhhlaaauuuuubeeehhhhhhhlaaauuuubeeebbbbeeeelaaauuuubeeehhhhhebeeeebbbbeeeehhe
bird_1_270517_121023.31742.cbin,lqqqqqllllaaaaaaauuuuuuuuuuuuuggggggggbeeeeehhhhhhhhlaaauuuubeeebbbbeeeeeehheeelaaauuuuuubeeehhhhhebeeeebbbbeeeeeeehheeebbbegggggggbeeehhhheebbbbeeeeelaaauuubeee
bird_1_270517_122129.31864.cbin,qqqqqqqqqqqqaaaaaauuuuuuuuugggggggbeeeehhhhhlaaauuubeeebbbbeeeeelaaauuubeeebbbbeeeeee
bird_1_270517_123028.32017.cbin,qqqqqqqaaaaaauuuuuuuuggggggghhhhhhlaaauuubeeebbbbeeeeeeehheeeelaaauuubeeebeeebbbbeeeeehhhhhhhebeehhhhhhhebeeebbbbeeeeeelaaauuuubeeehhhhlaaauuuuubeeebeeee
bird_1_270517_123105.32023.cbin,qqqqqqqqaaaaaauuuuuuuuuugggggggggbeeehhhhhheeeebbbbeeeeeeeeehheeaaauuubeeebbbbeeeehhhhhhhlaaauuuuubeeebeeehhhheelaaauuubeeebbbbeeeelaaauuubeee
bird_1_270517_123142.32028.cbin,qqqqqqqqqqaaaaaauuuuuuuggggggggbeeehhhhhhhlaaauuuubeeebbbbeeeeehheeeeelaaauuuubeeebeeebbbbeeeeeeehhhhhlaaauuuubbeeehhhhebbbbeeehheeebbbbeeeelaaauuuuubeeehhhhlaaauuuubeee
bird_1_270517_123647.32076.cbin,lqqqqqqqqqaaaaaauuuuuuuggggggggbeeeeeehhhhhhlaaauuubeeebbbbeeeeeebeeehhhhhhhlaaauuubeeebbbbeeeeeehheeelaaauuuubeeebbbbeeeelaaauuubeeehhhhhhebeeebbbbeeelaaauuuubeeebbbbee
bird_1_270517_124704.32227.cbin,qqqqqqqqaaaaauuuuuuugggggggbeeeehhhhhlaaauuubeeebbbbeeeehheeelaaauuubeeebeeebbbbeeeehheeelaaauuubeeebbeeehhhhebeeebbbbeeeeehhhhhebeeelaaauuubeeehhhhhlaaauuuubeeebbbbeeeee
bird_1_270517_124742.32235.cbin,qqqqqqqqqqaaaaauuuuuuuugggggggbeeeeeehhhhhlaaauuuubeeelaaauuubeeebbbbeeeeeehheeelaaauuubeeehhhhhebeeebbbbeeeelaaauuubeeebbbbeeeehheeeeebbbbeeeee
bird_1_270517_124834.32244.cbin,qqqqqqqqaaaaaauuuuuuuuuugggggggbeeeehhhhhlaaauuuubeeebbbbeeeeeeeeehheeelaaauuuubeeehhhhhebeeelbbbbbeeeeehheeelaaauuuubeeehhhhhhebbbbeeeee
bird_1_270517_125638.32335.cbin,qqqqqqqqqqqqqqqqqaaaaaauuuuuuugggggbeeeebbbbeeeeeelaaauuubeeehhhhhhlaaauuuuubeeebbbbbeeeeeehheeebbbbeehhhhhlaaauuuubeeebbbbeeeelaaauuuubeee
bird_1_270517_125807.32351.cbin,qqqqqqqqqqqqqqqqqaaaaaaauuuuuuuuuggggggggbeeeehhhhlaaauuubeeeebbbbeeeeeelaaauuuubeeehhhhhhbeeebbbbeeeeeehheeelaaauuubeeehhhhhlaaauuuubeeeelaauuuuuubeee
bird_1_270517_130749.32473.cbin,qqqqqqqaaaaauuuuuuuuugggggggbeeeehhhhhhlaaauubeeebbbbeeeeeeehheeeelaaauuubeeehhhhlaaauuuubeeebbbbeeeee
bird_1_270517_130817.32478.cbin,qqqqqaaaaaaauuuuuuuuuuuugggggggbeeehhhhhlaaauuuubeeebbbbeeeeehheeelaaauuuubeeebbbbeelaaauuuubeeehhhhhebeeeaaaaagggggbeeebbbbeeeeeehhhlaaauuubeeebbbbeeee
bird_1_270517_130855.32484.cbin,qqqqqqqqqaaaauuuuuuuuggggggggbebeeeeeehhhhhhhhlaaauubbeeebbbbeeeeeelaaauuuubeeebbbbeeeeeeehheeelaaauuubeeehhhhhebeeebbbbeeeeehheeebbbbeeeegggggggbeeehhhhlaaauuubeee
bird_1_270517_131004.32494.cbin,qqqqqqqqqqqqqqaaaaaauuuuuuuuuuuggggggggbeeehhhhhlaaauuuubeeebbbbeeeeehheeeeaaaaaaaaauuuuubeeebbbbeeeeehheeehhhhhhelaaauuubeeehhhhhlaaauuuubeeebbbbeeeeehhhhhlaaauuuhheeeeebbbbbeeeeeebbbbeee
bird_1_270517_132427.32665.cbin,qqqqqqqqaaaaaaauuuuggggggghhhhheeebbbbeeeeee
bird_1_270517_132435.32666.cbin,qqqqqqaaaaauuuugggggggbeeeehhhhhhhlaaauuubeeebbbbeeeeehheeelaaauuubeeebbbbeeeeeehheeelaaauuuubeeebeeehhhhggggbeeebbbbeeeee
bird_1_270517_132527.32677.cbin,qqqqqqqqqqlaaaaaaauuuuuuuuuugggggggggbeeehhhhhheebbbbeeeeeehheeelaaauuuubeeebbbbeeehheeeeaggggggbeeehhhhlaaauuuuuuubeeebbbbeeeeee
bird_1_270517_132555.32682.cbin,qqqqqqaaaaaaaauuuuuuuuuagggggggbeeehhhhhlaaauuubeeebbbbbeeeeehheeehhhhhhhebeeebbbbeeeeeeeehheeelaaauuuuubeeehhhhhhhebbbbeeehheeelaaauuuuubeeebbbbeeeeehheeebbbbeeeelaaauuuubeeehhhheeeaaauuuuubeeeee
bird_1_270517_132644.32690.cbin,qqqqqqqqqaaaaauuuuuuuuuuggggggggbeeeehhhhhhhhlaaauuuuubeeebbbbeeeehheeeeaaauuuubeeehhhhheebbbbeeeeelaaauuuuuuuuubeeehhhhhheebbbbeeeehheeelaaauuuuubeeehhhhhhlaaauuuubbeeebbbbeeee
bird_1_270517_132735.32696.cbin,qqqqqqqqqqaaaaaaauuuuuuuuuuggggggggbeeehhhhlaaauuuubeeeebbbbeeeeeeaaaauuuuuubeeehhhhhlaaauuuuuuuuhheeebbbbeeeeee
bird_1_270517_132838.32705.cbin,qqqqqqqqqqqaaaaaauuuuuuuuuggggggggbeeeehhhhhlaaauuuubeeeeeebbbbeeeeeeeehheelaaauuuuubeeebbbbeeeeehheeeeeelaaauuuuuuubeeehhhhhhebbbbeeeehheeeagggggggbeeehhhhheelaaauuuuuuu
bird_1_270517_134544.-32637.cbin,qqqqqqaaaaaaaauuuuuugggggggggbeeeehhhhhlaaauuubeeehhhhheeelaaauuubeeebbbbeeeeeehheeelaaauuubeeebbbbeeeeeehheeelaaauuuubeeehhhhhlaaauuuubeeehhhhebeeebbbbeeee
bird_1_270517_134611.-32631.cbin,qqqqqqqqqqaaaaaauuuuuuuuuggggggggbeeehhhhbeeebbbbeeeeeehheeelaaauuuubeebbbbeeeeeaaaauubeeeehhhhhhhheeeeelaaauuuubeeebbbbeeeeeelaaauuubeeehhhhhebbbbeeeeeehheeelaaauuuuu
bird_1_270517_134659.-32621.cbin,qqqqqqqqqaaaaaaauuuuuuuuuugggggggbeeehhhhhlaaauuuuu
bird_1_270517_134706.-32620.cbin,qqqqqaaaaaauuuuuugggggggggbeeehhhhhhhlaaauuuuuuubeeeeebbbbeeeeeehheeelaaauubeeehhhhhhebbbbeeeehheeeebbbbeeeelaaauuuuuuuhbbbbeeeeeehheeelaaauuuuuuubeeehhhhhheebeeehhhhlaaauuuuu
bird_1_270517_134826.-32610.cbin,qqqqqqqqqqqaaaaauuuuuuuuggggggbeeeehhhhlaaauuuuubeeebbbbeeeehheeebbbbeeeeehheeeelaaauuuuuuubeeehhhhebbbbeeeeehhheeeelaaauubeeehhhhe
bird_1_270517_135351.-32548.cbin,qqqqqqqqqqqqqqaaaaaauuuuuuuuuugggggggggbeeehhhhhhhlaaauuubeeebbbbeeeeeelaaauuuubeeehhhhhlaaauuuubeeebbbbeeeelaaaauuuubeeehhhheebbbbeeeeeelaaauuuubeeeaaaaaaaaauuuuuubeeebbbbeeeelaaauuuuhheee
bird_1_270517_135947.-32440.cbin,qqqqqqqqqqaaaaaauuuuuuuuuuggggggggbbeeeehhhhhhlaaauuubeeebbbbeeeeehheeelaaauuuubeeehhhhhlaaauuuuubeeebbbbeeeelaaauuubeeebbbbeebeeehhhhlaaauuubeeehhhheebbbbeeeebbbbeeeehheelaaauuuubeeehhhhhlaaauuuuu
bird_1_270517_140027.-32438.cbin,qqqqqqqaaaaaaauuuuuuuuggggggggggbeeeeehhhhhhlaaauuuubeeebbbbeeeehheeeelaaauuuuuubeeehhhhhhebbbbeeeelaaauuuuubeeehhhhhlaaauuuuuuubeeebbbbeeeeehhheebbbbeeeeeelaaauuuuu
bird_1_270517_140104.-32430.cbin,qqqqqqqqqqqaaaaaaauuuuuuuuuuggggggggbeeeehhhhhlaaauuuuuubeeebbbbeeeeeeeehheeebbbbeeeelaaauuuuubeeehhhhhhlaaauuuuubeeebbbbeeee
bird_1_270517_140539.-32392.cbin,qqqqqqqqqqqqqqqqqqqqqqaaaaaaaauuuuuuuuuubeebbbbeeeeeeelaaaaubeeebbbbeeeeeehhhhhhlaaauuuuubeeehhhhhebeeebbbbeehhhhhhlaaauuuubeeebbbbeelaaauuuuubeeehhhhlaaauuuubeeebbbbeeehheeelaaauuuuubeeebbbbeeelaaaaaauuuuuuhhhhhhebeeebbbbeeeeee
bird_1_270517_140642.-32381.cbin,qqqqqqqqqqqaaaaaauuuuuuuuuuggggggggbeeeehhhhhlaaauuuubeeebbbbeeeeehheeelaaauuuuubeeehhhheebeeehhhhebbbbeeeeeehheeelaaauuuubeeeaaaahhhhheebeeebbbbeeeelaaauuuuubeeebbbbeeeee
bird_1_270517_140842.-32356.cbin,qqqqqqqqqqlaaaaaaauuuuuuuuugggggggggbeeeeeebbbbeeeeeeelaaauuuubeeehhhhhlaaauuuuubbeeehhhhhhhebbbbeeeehheeelaaauuuuuuuhhhhhlaaauuuuuuubeeehhhhhebbbbeeeeeehheeelaaauuuuuuu
bird_1_270517_140931.-32350.cbin,qqqqqqqqqqqaaaaaaauuuuuuuuugggggggbeeeeehhhhhhebbbbeeeeeehheeelaaauuuuuubeeebbbbeeeeehheeeelaaauuuuuueeeehhhhhhebbbbeeelaaauuuuubeeebbbbeeeelaaauuuuubbeeehheeeeebbbbbbbbbeeeeee
bird_1_270517_141038.-32337.cbin,qqqqqqqqqqqqaaaaaaauuuuuuuuuuuugggggggggbeeehhhhhlaaauuubeeebbbbeeeeeehheeeelaaauuuubeeebbbbeeehhhhhhlaaauuuuuubeeeeebbbbeeeeehheeebbbbeeehhhhhebeeebbbbeeee
bird_1_270517_141130.-32330.cbin,qqqqqqqqqqqqaaaaaauuuuuuuuugggggggbeeehhhhhbeeebbbbeeeeehheeeebbbbeeeehhhhhheebeeebbbbeeeeeelaaauuuuuubeeehhhhhlaaauuuuuuubeeebbbbeeelaaauuuhheeelaaaggggggbeeeeelaaauuuuuhhhhlbbbbeee
bird_1_270517_142336.-32190.cbin,qqqqqqqqqqaaaaaauuuuuuugggggggbeeeehhhhhlaaauuubeeebbbbeeeeehhhhhhhlaaauuubeeebbbbeeeeelaaauubeeebbbbeeeelaaaauuuubeeeehhhheebbbbeeeeelaaauuuuuuhheeebbbbeeelaaauuuuubeeebbbbeee
bird_1_270517_143620.-32031.cbin,qqqqqqqaaaaaaauuuuuuuuuuggggggggbeeeehhhhhhheebeeebbbbeeeeeehheeelaaauubeeebbbbeeeeeehheeelaaauuubeeehhhhhebbbbeeeelaaauuuubbeeehhhhhhlaaauuubeeehhhhhhlaaauuuubeeebbbbe
bird_1_270517_143703.-32023.cbin,qqqqqqqqqqaaaaaaaaauuuuuuggggggggbeeehhhhhhhlaaauuubeeebbbbeeeehheeelaaauuuubbeeahhhhhhebbbbeeeeelaaauuuuubeeelaaauuuuuubeeehhhhhhhhebbbbeeee
bird_1_270517_143747.-32009.cbin,qqqqqqqqaaaaaaauuuuuuuuuggggggggbeeeeehhhhhhlaaauuuubeeebbbbeeeeeelaaauuuubeeebbbbeeeeehheeelaaauuuuubeeehhhhhebbbeeeeeehheeelaaauuuuuubeeebbbbeeeeelaaauuuhhhhheebeeebbbbeeeeee
bird_1_270517_143832.-32001.cbin,qqqqqqqqqqaaaaaaaauuuuuuuuuggggggggbeeeeehhhhhheeelaaauuueeeebbbbeeeeehheeeelaaauuuubeeehhhhhheebeeebbbbeeeelaaauuuuuuhhhhhhhgggggggbeeeeelaaauuuuubeeeaaaalbbbbeeeeee
bird_1_270517_145256.-31796.cbin,qqqqqqqqqaaaaaauuuuuuuuuugggggggbeeeeeehhhhhhhlaaauuubeeebbbbeeeeebbbbeeeeeelaaauuubeeebbbbeeeehheeeelaaauuubeeehhhhhheggggggbeeehhhhebee
bird_1_270517_145334.-31790.cbin,qqqqqqqqaaaaaaaauuuuuuuuuugggggggbeeehhhhhhlaaauuubeeebbbbbeeeehheeelaaauuuubeeehhhhhebeeelaaauuuuubeeehhhhhhlaaauuuubeeebbbbeeeeelaaauuuubeeehhhhhebbbbeeebeeeehhh
bird_1_270517_150643.-31621.cbin,qqqqqqqqqqaaaaaauuuuuuuuuugggggggbeeeehhhhhhlaaauuubeeebbbbeeeeeeehhheeelaaauuubeeehhhhhlaaauuuubeeehhhhhebbbbeeeeeeelaaauuuubeeebbbbbeeeehheeelaaauuubeeebbbbeeeee
bird_1_270517_150719.-31615.cbin,qqqqqqqqqaaaaaaauuuuuuuuuggggggggbeeehhhhhhhhlaaauuubeeebbbbeeeeehheeehhhhhebbbbeeeeehheeelaaauuuubeeehhhhggggbeeelaaauuuuubeeebbbbeeeeehheeeelaaauuuuubeeebbbbeeeeeee
bird_1_270517_150843.-31596.cbin,qqqqqqqqqaaaaaaaaauuuuuuuuggggggbeeebbbbeeeeeehheeelaaauuubeeebbbbeeeeeehheeebbbbeeelaaauuuubeeehhhhhebbbbeeelaaauuuubeeehhhhhlaaauuuubeeebbbbeeeelaaauuuuuhhhhhebeeebbbbeelaaauuuuhhhhhlaaauuubeeeeeeehhhhebeeelaaauuuuu
bird_1_270517_152802.-31320.cbin,qqqqqqqqqaaaaauuuuuugggggggbeeeeelaaauuubeeehhhhhhlaaauuubeeebbbbeeeeeelaaauuubeeebbbbeeeeee
bird_1_270517_152908.-31302.cbin,qqqqqqqqqqqaaaaaauuuuuuuuuubeeehhhhhlaaauuubeeeebbbbbeeeeehheeelaaauuubeeebbbbeeeehhhhhlaaauuubeeehhhhhagggggbeeeebbbbeeeeehheeelaaauuubeeeebbbbbbeeeeeee
bird_1_270517_154711.-31065.cbin,qqqqqqqqaaaaaauuuuuuuuuggggggggbeeehhhhhhlaaauuubeeebbbbeeeeeeeelaaauuubeeebbbbeeeeeeeehheeelaaauuubeeehhhhhlaaauuuuubeeehhhhelaaauuubeeebbbbeeeeeelaaauuubeeehheeebeeehhhhhhhhhelaaauuuuubeeebbbbeeeeeeee
bird_1_270517_154751.-31058.cbin,qqqqqqqqaaaaaaauuuuuuuuuuggggggggbeeeehhhhhhhlaaauuuubeeehhhhhheebbbbeeeeeelaaauuuuuuubeeehhhhhlaaauuuuubeeebbbbeeeeelaaauuuuubeeebbbbeeeeeeehheeeelaaauuuuubeeehhhhhhlaa
bird_1_270517_154829.-31052.cbin,qqqqqqqqqaaaaaauuuuuuuuuggggggbeeeehhhhhlaaauuubeeebbbbeeeeehheeeelaaauuuubeeehhhhhhlaaauuuuuuubeeehhheebbbbeeeeehheeelaaauuuuuuubeeebbbbeeeeehheeeebbbbeeeeee
bird_1_270517_154939.-31036.cbin,qqqqqqqqqaaaaaaauuuuuuuuugggggggbeeehhhhhlaaauuubeeebbbbeeeeeehheeelaaauuuuubeeehhhhhlaaauuuubeeebbbbeeeelaaauuuuubeeebbbbeeeeelaaauuuhhhhhhlaaauuuubeeehhhhhebeeeebbbbbeeeeebbbbeeeee
bird_1_270517_155935.-30911.cbin,qqqqqqqqqqqqqqqaaaaauuuuuuuuuugggggggbeeeeeelaaauuubeeebbbbeeeebeeebbbbeeehhhhhlaauuubeeehhhhhebeeeelaaauuubeeebbbbeeeeeee
bird_1_270517_160824.-30798.cbin,aaaaaauuuuuuuuugggglgggbeeeehhhhhhhhlaaauuubeeebbbbbeeeeeehheeelaaauuuubeeebbbbeeeeee
bird_1_270517_160901.-30787.cbin,qqqqqqqaaaaaauuuuuuuuuugggggggggbeeehhhhhlaaauuubeeebbbbeeeeeeehheeelaaauuuubeeehhhhlaaauuubbeee
bird_1_270517_160914.-30786.cbin,qqqqqqqaaaaaaauuuuuuuugggggggggbeeeehhhhhhhlaaauuuubeeehhhhhheebbbbeeeeehheeebbbbbeeeeeehheeelaaauuuuubeeehhhhhlaauuuuuubeeebbbbeeeelaaauuuuubeeebbbbbbeeeebeeeeelaaaauuuuhhhhhe
bird_1_270517_160954.-30779.cbin,qqqqqqqaaaaaaaauuuuuuuuuggggggggbeeeeehhhhhhhheeeelaaauuubeeebbbbeeeelaaauuuuubeeebbbbeeeeeehheeelaaauuuuuuuuhhhhhhhhhhlaaauuuuuuuuhheeebbbbeeeeelaaauuuuubeeebbbbeeee
bird_1_270517_161200.-30748.cbin,qqqqqqqqqqllllaaaaaauuuuuuuuuuugggggbeeehhhhhhlaaauuuubeeebbbbeeeelaaauuubeeebbbbeeeeeehheeelaaauuuubeeehhhhhebeeehhhhhhlaaauuuuuubeeebbbbeeeeehheeeelaaauuuubeeeehhhhhlaaauuuuuuuhhhhlaaauuuubeeebbbbeeeaaaaagggggggggbeeehhhhhhlaaauuuubeeebbbbeeelaaaauuu
bird_1_270517_162910.-30552.cbin,qqqqqqqqqqqqqqaaaaaaauuuuugggggggbeeehhhhhhlaaauuubeeebbbbeeeeeehhheeelaaauuubeeehhhhhlaaauubeeehhhhhhebbbbeeeeeeelaaauuuubeeehhhhhhheeelaaauuuuuhhhhebbbbeeeeeelaaauuubeeehhhhhlaaauuuuubeeebeeehhhheelaaauuubeeeghhhhheee
bird_1_270517_163000.-30539.cbin,qqqqqqqqqqqqqaaaaaauuuuuuggggggggbeeeehhhhhhhlaaauuuubeeebbbbeeeeeeelaaauuuubeeebbbbeeeehheeelaaauuubeeehhheebeeeehhhhheebbbbeeeeeeelaaauuuubbeeehhhhlaaauuuuuuhhhebeeebbbbeeeelaaauuuubeeebbbbeeeelaaauuuuubeeehhhhhhhgggggbeeelaaauuuuua
bird_1_270517_163104.-30526.cbin,qqqqqqqqqqqaaaaaaaaaauuuuuuuuugggggggbeeeehhhhhhhlaaauuuubeeeebbbbeeeeeeee
bird_1_270517_163317.-30495.cbin,qqqqqqqqqqqaaaaaauuuuuuuuggggggggbeeeehhhhhhhlaaauuuuubeeehhhhhhhhlaaauuuubeeebbbbeeeeehhhhebeeellbbbeeehhhhhlaaauuuubeeebbbbeeeeelaaauuuubeeebbbbeeeeelaaauuuuhhhhhhhlaaaauuuuuhheeehhhhggggbeeebbbbeeeelaaauuubeeebbbbeeeelaauuuuuhheeebbbbeeee
bird_1_270517_163506.-30471.cbin,qqqqqqqqqqqqqaaaaaaaaaauuuuuuuuuuggggggggbeeeeehhhhhhhlaaauuuubeeebbbbeeeeeeeehheeelaaauuuubeeebbbbeeeeeelaaauuuuuubeeeebbbbeeeeelaaauuuubbeeebbbbeeeeeehheeeeeaggggbeeehhhhhlaaauuuuhhhhhaggggbeeeebbbbeeeelaaauuuuhhhhhheaaaaheeeehheeelaaauuuubeeebbbbeee
bird_1_270517_164729.-30322.cbin,qqqqqqqqqaaaaaaauuuuuuuuagggggggggbeeeeehhhhhhlaaauuubeeebbbbeeeeeehheeelaaauuuubeeebbbbeeeelaaauuuubee
bird_1_270517_164755.-30317.cbin,qqqqqqqaaaaauuuuuuugggggggbeeehhhhhhlaaauuubeeebbbbeeeeelaaauuuubeeehhhhhhhebbbbeeeeeehheeeelaaauuuuubeeebbbbeelaaauuuubeeehhhhhebeeehhhhebbbbeeeeelaaauuuuhhhhhhebeeebbbbeeee
bird_1_270517_165146.-30252.cbin,qqqqqqqqaaaaaaaauuuuuuuuggggggggbeeeehhhlaaauuubeeeebbbbeeeeeeehheeelaaauuubeeehhhhhhhlaaauubeeehhhhee
bird_1_270517_165216.-30246.cbin,qqqqqqaaaaaauuuuuuugggggggggbeeehhhhhlaaauuubeeebbbbeeeeeeehheeelaaauuuuubeeebbbbeeeeeehheeelaaauuuuubeeebbbbeeeeeelaaauuubeeehhhhhhhlaaauuuuubeeebbbbeeee
bird_1_270517_165255.-30239.cbin,qqqqqqqqqqaaaaaauuuuuuuuuugggggggbeeeehhhhhhlaaauuubeeeebbbeeeeeeeeeehheaauuuuubeeehheeelaaauuubeeeebbbbeeeelaaauuuuubeeehhhhhhlaaauuuubeeebbbbeeeehheee
bird_1_270517_165352.-30229.cbin,qqqqqqqqqqqaaaaaaauuuuuuuuggggggggbeeehhhhhlaaauuuubeeebeeehhhhhhhlaaauuuubeeehhhbbbbbeeeelaaauuuubeeeeaaaaahhhhhhhhglaaauuuuubeeebbbbeeeeehheeelaaauuuubeeebbbbeeelaaauuuuu
bird_1_270517_165526.-30207.cbin,qqqqqqqqqqqaaaaaauuuuuugggggggggbeeeehhhhhhlaaauuuuubeeebbbbeeeeeeeeeelaaauuubeeebbbbeeeeelaaauuuuhheeeelaaauuuuuhhhhhggggbeeebbbbbeeeehheeelaaauuuuubeeehhhhhlaaauuuuhheeeebbbbeeeelagggggbeeeehhhhheebbbbeee
bird_1_270517_170037.-30139.cbin,qqqqqqqqqqqqqqqaaaaaaaaaauuuuuuugggggggbeeeeehhhhhlaaauuuubeeebbbbeeeeeehheeelaaauuuubeeebbbbeeeeeelaaauubeeehhhhhebbbeeeeelaaauuuubeeehhhhhhebeeeebbbbeeeeeelaaauuuubeeehhhhhhlaaauuuuuubeeehhhhhhhgggggbeeebbbbeeeeeelaaauuuubeeebbbbeeee
bird_1_270517_170613.-30068.cbin,qqqqqqqqqaaaaaauuuuuuuuuuuuugggggggggbeeeehhhhhhhhhhlaaauuubeeebbbbeeeeehheeelaaauuuuuubeeehhhhhhebeeebbbbeehheeeagggggbeeehhhhhlaaauuuubeeebbbbeeeehheeelaaauuubeeehhhhheebeebeeehhhhhheebbbeeeeeee
bird_1_270517_171722.-29886.cbin,qqqqqqqqqqqqqqaaaaaauuuuuuuuuuuggggggggbeeehhhhhhhhlaaauubeeehhhhhlaaauuubeeebbbbeeeeehheeelaaauuubeeebbbbeeeehheeelaaauuubeehhhhhhhlaaauubbeeehhhhhhebbbbeeee
bird_1_270517_171834.-29873.cbin,qqqqqqqqaaaaaauuuuuuuuuuggggggggbeeeehhhhhlaaauuuuuubeeebbbbeeeeeehheeelaaauuuubeeehhhhhhlaaauuuubeeebbbbeeeehheeebbbbeeeeelaaauuuuu
bird_1_270517_172214.-29829.cbin,qqqqqqqqqqqqaaaaaaauuuuuuuuuggggggggbeeeehhhhhhlaaauuubeeebbbbeeeeeeehhbeeehhhhhlaaauuuubeeebbbbeeeeelaaauuubeeehhhhhlaaauuuuubeeehhhhhebbbbeeeelaaauubeeehheeebbbbeeeeelaaauuuubeeebbbbeeeee
bird_1_270517_172251.-29823.cbin,qqqqqqqqqqaaaaaagggggggbeeeehhhhhhlaaauuuubeeebbbbeeeeehheeeelaaauuuuubeeehhhhhhlaaauuuuubeeehhhhhhhhbeeebbbbeeeeelaaauuuuubeeehheeelaaauuuuuuuhheeebbbbeee
bird_1_270517_172333.-29814.cbin,qqqqqqqqqqqaaaaaaaaaauuuuuuuuggggggggbeeehhhhhhlaaauuuubeeebbbbeeeeehheeelaaauuuuuhhhhhhggggggbeeehhhhhhhlaaauuuuubbeeehhhhhhlaaauuuuuuuu
bird_1_270517_172403.-29809.cbin,qqqqqqqqaaaaaaaauuuuuuuuugggggggggbeeeeeeehhhhhhlaaauuuuuuuuubeeebbbbeeeeeehheeelaaauuuuuubeeebbbbeeeehheeelaauuuuuuuahhhhhhlaaauuuuuuubeeebbbbeeehheeelaaauuuuuuhhhhhebeeeehhhhhhlbbbbeeeelaaauuuuu
bird_1_270517_172447.-29802.cbin,qqqqqqqqqqqqqqaaaaaaauuuuuuuuuuuggggggggbeeeehhhhhhhebbbbeeeeeehheeeeeelaaauuuuuubeeehhhhhheebbbeeeeehheeebbbbeeeeeelaaauuuuuuhhhhhhgggggbeeeebbbbeeeee
bird_1_270517_173107.-29720.cbin,qqqqqqqqqaaaaauuuuuuuuuuuuggggggggbeeehhhhhhlaaauuubbeeeebbbbeeeeehheeelaaauuubeeebbbbeeeeeelaaauuuubeeebbbbeeelaaauuuuubeeehhhheebbbbeeeeehheeelaaauuuubeeebeeeehhhhhebbbbeeeelaaauuuuuubeeehhhhhlaauu
bird_1_270517_173144.-29716.cbin,qqqqqqqqaaaaaauuuuuuuuuuggggggggbeeeehhhhhhhhhhhebbbbeelaaauuuuuuhheeebbbbeeeeehheeeelaaauuuubeeehhhhheeeelaaauuuubeeehhhhhhaaggggggbeeebbbbeeeelaaauuuuuubeeehheeebbbbeeeeeehheeelaaauuuuuuuuh
bird_1_270517_173236.-29706.cbin,qqqqqqqqqqqaaaaaaauuuuuuuggggggggbeeehhhhhhhhelaaauuueeeebbbbeeeeeehheeelaaauuuuuuhhhhlaaauuuuuu
bird_1_270517_173257.-29702.cbin,qqqqqqqqqqqaaaaauuuuuuuugggggggbeeehhhhhaggggggbeeehhhhhhhlaaauuubeeebbbbeeeehheeelaaauuuuubeeebbbbeeeeehheeeelaaauuuubeeelaaauuubeeehhhhhhhhebbbbeeeelaauuubbeeehhhhhebbbbe
bird_1_270517_173402.-29686.cbin,qqqqqqqqqqaaaaaaaauuuuuuuugggggggggbeeehhhhhlaaaauuuubeeebbbbeeeeeeehheebbbbeeeelaaauuuuuubbeeebbbbeeeehheeelaaauuuubeeebbbbeeeeeehheeelaaauuuuuubeeehhhhhhhaaauuuuuuu
bird_1_270517_173514.-29667.cbin,laaaaauuuuuuuuuuuggggggggbeeehhhhhhlaaauuuuubeeehhhhhhebbbbeeeeehheeelaaauuuuuhheeebbbbeeeelaaauuuubbeeehhhhhlaaauuuubeeehhhhhebbbbeeeehheeeaggggggbeeehhhhhlaaauuuuuubeeehhhhheelaaauuubeeee
bird_1_270517_174644.-29490.cbin,qqqqqqqaaaaaauuuuuuuuuuggggggggbeeehhhhhhhlaaauubbeeehhhhhhhlaaauuubeeehhhhhhhlaaauuuubbeeehhheeeelaaauuubeeehhhhhlaaauuubeeehhhhhhebbbbeeeeelaaauuuubeeebbbbeeee
bird_1_270517_174928.-29444.cbin,qqqqqqqqaaaaaauuuuuuuuuuggggggggbeeeehhhhhhhlaaauuubeeebbbbeeeeeehheeelaaauuuuubeeehhhhhhheebeeebeeelaaauuubeeehhhhheelaaauuuuubee
bird_1_270517_175347.-29371.cbin,qqqqqqqqqqqqaaaaauuuuuuuuuuuggggggggbeeeehhhhhlaaauuuubeeebbbbeeeeehheeelaaauuubeeebbbbeeeelaaauuubeeehhhhhlaaauuubee
bird_1_270517_175531.-29344.cbin,qqqqqqqqqqaaaaaauuuuuuuugggggggggbeeeehhhhhlaaauuubeeehhhhhhhelaaauuuuuuubeeebbbbeeeeeehheeelaaauuubeeehhhhhebbbbeeelaaauuubeeehhhhhlaaauuuubeeebbbbeeeee
bird_1_270517_181221.-29143.cbin,qqqqqqqqaaaaaauuuuuuuuulgggggggbeebeeehhhhhhhhlaaauuubeeehhhhheebbbbeeeeeehheelaaauuubeeehhhhhhelaaauuuubeeebbbbeeeeeehbeeelaaauuuubeeehhhhhhhebbbbeeeee
bird_1_270517_181308.-29132.cbin,qqqqqqqqqqaaaaaaauuuuuuuuuuuggggggggbeeeeeehhhhaaaauuubeeebbbbeeeeeeeehheeelaaauuuuubeeehhhhhhhebeeebbbbeeeee
bird_1_270517_181408.-29121.cbin,qqqqqqqqqqqaaaaaauuuuuuuuuuugggggggggbeeeehhhhhhhhlaauuuuubeeebbbbeeeeeeehheeeelaaauuuuubeeebbbbeehhhhhhhhbbbbeeeeeelaaauuubbeeehhheebbbbeeeelaaauuuuuuubeeehhhhebbbbeeeee
bird_1_270517_181446.-29114.cbin,qqqqqqqqqqqqqqaaaaaaaauuuuuuuuuuugggggggbeeehhhhhhlaaauuuubeeebbbbeeeeeeeelaaauuuubeeebbbbbeeeeeehheeeelaaauuuuuubeeehhhhhhebbbbeeeeeelaaauuuubeeehhhhhe
bird_1_270517_182942.-28933.cbin,qqqqqqqqqqaaaaaauuuuuuuuuggggggggbeeeehhhhhlaaauuubeeebbbbeeeeeeeaaaaauuubeeehhhhhhhlbbbbeeeeehheeelaaauuuubeeehhhhhebeeehhhhheee
bird_1_270517_183029.-28923.cbin,qqqqqqqaaaaaaauuuuuuuuuugggggggbeeeehhhhhhhggggggggbeeehhhhhlaaauuubeeehhhhheeehheeelaaauuuubeeehhhhheeebbbbeeeeeelaaauuuubeeehhhhhhhlaaauuuuu
bird_1_270517_183400.-28868.cbin,qqqqqqqqqqqqaaaaaauuuuuuugggggggbeeehhhhhlaaauuuubeeeehhhhhaaauuuubeeebbbbbeeeeehheeelaaauuubeeebbbbeeelaaauuuubeeehhhhhhhlaaauuuuubeeebbbbeeee
bird_1_270517_183439.-28859.cbin,qqqqqqqqqaaaaaauuuuuuuuuuuggggggggggbeeehhhhhhlaaauuuubbeeebbbbeeeeeeeeeehheeelaaauuubeeehhhhhlaaauuuuubeeehheeebeeebbbbeeeeeeehheeehhhhhlaaauuuuuubeeebbbbeeeelaaauuuuuuhhhhlaaauuuuuu
bird_1_270517_183528.-28853.cbin,qqqqqqqqqqqllaaaaaaaauuuuuuuuggggggggbeeeeehhhhhhlaaauuuuubeeebbbbeeeelaaaauuuubeeehhhhhhlaaauuuuuuuubeeehhhhebbbbeeeeeeebeeelaaauuuuuubeeebbbbeeeeeehheeelaaauuuubee
bird_1_270517_183631.-28837.cbin,aaaaaaaauuuuuuuuuuuggggggggggbeeehhhhhhlaaauuuuuubeeehhhhhlaaauuubeeehhhhlaaauuuuubeeebbbbeeeeehheeelaaauuuuubeeebbbbeeeehhhhebbbbeeeaaaauuuubeeehhhhhhlaaauuuuuuubeeehhhheeaaaa
bird_1_270517_185847.-28538.cbin,qqqqqqqqqqqqaaaaaauuuuuuuugggggggbeeeehhhhlaaauuubeeehhhheebbbbeeeeeelaaauuubeeehhhhhhhlaaauubeeebbbbeeeeeehheeelaaauuubeeebbbbeeeeelaaauuuu
bird_1_270517_185908.-28535.cbin,qqqqqqqqqaaaaaaauuuuuuggggggggbeeehhhhhhhhhlaaauuubeeebbbbeeeeeeehheeelaaauuuubeeebbbbeeeeehheeelaaauuuuubeeehhhhhhheebbbbeeeeee
bird_1_270517_185951.-28528.cbin,qqqqqqqqqqaaaaaauuuuuuuggggggggbeeehhhhhhhlaaauuubeeebbbbeeeeeelaaauuuu
bird_1_270517_190317.-28493.cbin,qqqqqqqqqqqqqaaaaaauuuuuuuuuggggggggbeeehhhhhaaaauubeeebbbbeeeeeehheeelaaauuubeeehhhhhhhhlaaauuubeeehheebeeehhhhhlaaauuubeeebbbbeeeehheeelaaauuubbeeeheelaaauuuubeeehhhhhebee
bird_1_270517_190351.-28489.cbin,qqqqqqqqqaaaaggggggbeeeehhhhhhheebbbbeeeeeeehheeelaaauuuubeeehhhhhhhlaaauuuuubeeebbbbeeeeelaaauuubeeebbbbeeeeeehheeeeebbbbeeee
bird_1_270517_190423.-28485.cbin,qqqqqqqqqqqqqaaaaaaauuuuuuuugggggggbeeeehhhhhlaaauuuuubeeebbbbbeeeeehheeelaaauuuubeeehhhhlaaauubeeebbbbeeeeelaaauuuuuubeeehhhhhhlaaauuuuuuuhheeebbbbeeeehheeehhhhhhggggbeeeebbbbeeeeebbbbeeeee
bird_1_270517_190522.-28471.cbin,qqqqqqqqqqqqaaaaaauuuuuuuuuuggggggggggbeeeehhhhhhlaaauuubeeebbbbeeeeeehheeeeeelaaauubbeeebbbbeeeeeehheeelaaauuuuuhhhhhhhlaaauuuuuuuubeeehhhhhhebbbbeeeelaaauuuuhheeeebbbbeeeeee
bird_1_270517_190641.-28451.cbin,qqqqqqqqqqqqqaaaaaauuuuuuuuggggggggbeeeeeehhhhhhlaaauuubeeebbbbeeeeeehheeeelaaauuubeeebbbbeeeeeeagggggggbeeehhhhhlaaauuuuubeeeeeeehhhhlaaauuubeeebbbbeeeelaaauuubeeehhhhhhlaaauuuubeeeeebbbbeeelaaauuubeee
bird_1_270517_192123.-28196.cbin,qqqqqqqqqqqaaaaaaauuuuuuuuuugggggggbeeeehhhhhhlaaauuubeeebbbbeeeeeehheeelaaauuubeeehhhhhlaaauuueeeebbbbeeeelaaauuuuubeeehhhhhhhlaaauuuubeeebbbbeeeeee
bird_1_270517_192223.-28181.cbin,qqqqqqqqqqaaaaaauuuuuuuugggggggggbeeeeehhhhhlaaauuuubeeebbbbeeeeeeehheeeelaaauuuubeeebeeehhhhhlaaauuuubeeehhhhhebeeebbbbeeeeelaaaauuuubeeebbbbeeeeeggggggggbeeebbbbeeeeee
bird_1_270517_192324.-28167.cbin,qqqqqqqqqqqqqqaaaaaaauuuuuuuuuggggggggggbeeeeeehhhhhhhlaaauuuubeeebbbbeeeeehheeelaaauuuubeeebbbbeeeeeehheeelaaauuueeeehhhhhhebeeebbbbeeeehheeelaaauuuuuggggggbeeebbbbeeee
bird_1_270517_193655.-27929.cbin,qqqqqqqqqqqqqqqaaaaauuuuuuuuuugggggggbeeeeehhhhlaaauuuuubeeehhhhhhhlaaauuubeeehhhhebbbbbbeeeeeeee
bird_1_270517_193723.-27923.cbin,qqqqqqqqaaaaaaauuuuuuuuuuuggggggggbeeeeehhhhlaaaauuuubeeeaaaaahheebbbbeeeeehhhhhhlaauuuuueeeehhhhheebeeebbbbeeeelaaauuubeeehhhhhebbbbeeeeee
bird_1_270517_194217.-27865.cbin,qqqqqqqqqqqqqqqqaaaaaaggggggbeeeebbbbeeeeeeeeelaaauuubbeeebbbbeeeeelaaauuubeehhhhhhhebbbbeeeelaaauuuubeeehhhhheeebbbbeeeeaaaauuuubeeehhhhhlaaauuubeeebbbbeeeeeeeeeaaaaauuuubeeehhhhhhlaaauuuuubeee
bird_1_270517_194442.-27828.cbin,qqqqqqqqqqqqqqaaaaaaaaauuuuuuuugggggggggbeeeehhhhhbeeeelaaauuubeeebbbbeeeeeehheeelaaauuubeeebbbbeeeeeehheeelaaauuuuubeeehhhhhlaaauuuuubeeeehhhhhebbbbeeeeee
bird_1_270517_195021.-27737.cbin,qqqqqqqqqqqqqaaaaaaauuuuuuuuuubeeeeehhhhhlaaauuubeeebbbbeeeeeehheeeelaaauuuuubeeebbbbeeeeehheeelaaguuuubeeelaaauuuubeeebbbbeeeeehhhhhh
bird_1_280517_080821.-19055.cbin,qqqqqqqqqqqqaaaaaaaauuuuuuuugggggggbeeeeehhhhhhhlaaauuubeeehhhhebeeelaaauubebeeebbbbeeeelaaauuubeeebbbbeeeee
bird_1_280517_080903.-19045.cbin,qqqqqqqqqaaaaaauuuuuuuuuuggggggggbeeeeehhhhhhhlaaauuubeeeebbbbeeeeehhee
bird_1_280517_081004.-19026.cbin,qqqqqqqqqaaaaaauuuuuuuggggggbeeeehhhhlaaauuubeeeebbbbeeeeehheeelaaauuubeeeehhhhhhebeeebbbbeeeeehheeelaaauuubeeebbbbeelaaauuuuhhhhebeeebbbbeeeehhhheebeeebbbeeeeellaaauuubeee
bird_1_280517_081055.-19020.cbin,qqqqqqqqqaaaaaaaauuuuuuggggggggbeeeeehhhhhheeeeeeelaaauuubeeeebbbbeeeehhhhheebbbbeeehheeelaaauuuuu
bird_1_280517_081214.-19006.cbin,qqqqqqqqqaaaaaaauuuuuuuuugggggggggbeeeeehhhhlaaauuubeeeelaaaauuuubeeebbbbeeeeeeeelaaauuubeeebbbbehhhhhhheebbbbeeeeelaaauuuubeeelagggggbeeehhhhheebbbbeeee
bird_1_280517_081324.-18990.cbin,qqqqqqqqqqqaaaaaaauuuuuuuuugggggggbeeeeeeehhhhhlaaauuubeeeebbbbeeeehhhhhhlaaauuuubeeehhhhlaaauuubeeebbbbeeeeehheeeeelaaauuuuu
bird_1_280517_084014.-18584.cbin,qqqqqqqqqqaaaaaaaauuuuuuuu
bird_1_280517_085408.-18400.cbin,qqqqqqqqaaaaaauuuuuuuuuuaahhhhlaaauuuuubeeehhhhhhhbeeebbbbeeeehheeelaaauuubeeehhhhebbbbeeeehheeelaaauuuubeeebbbbeeeeelaaauuubeeeeebbbbeeeelaaauuuubeeehheelaaauuubeeehhheebeeebbbbeeeelaaauuuuhheeee
bird_1_280517_085522.-18383.cbin,qqqqqqqqqaaaaaauuuuuuuuuuggggggggbeeeeehhhhhhlaaauuuubeeebbbbeeeeebeeelaaauuubeeehhhhheaaaalggggggbeeebbbbeee
bird_1_280517_085626.-18368.cbin,qqqqqqqqqqaaaaaaaauuuuuuuuuuggggggggbeeeehhhhhlaaauubeeebbbbeeeeeehheeeelaaauubeeebbbbeeeeehhhhhheeebbbbeeeebeeebbbbbbeeeelaaauuuhhhhe
bird_1_280517_092029.-18018.cbin,qqqqqqqqqqqqqqqqqaaaaaaaauuuuuuuuugggggggghheeehhhhhhlaaauubeeebbbbeeeeeehheeelaaauuuubeebbbbeeeelaaauuubeeehhhhhlaaauuubeeeehhhheebeeelaaauuuubeeebbbbeee
bird_1_280517_092054.-18013.cbin,qqqqqqqqaaaaauuuuuuuggggggbeeeehhhhhhhhlaaauuubeeebbbbeeeehheeelaaauuuuuubeeehhhheebbbbeeeee
bird_1_280517_092138.-18002.cbin,qqqqqqqqaaaaaaaauuuuuuuuuuaggggggggbeeeehhhhhhhlaaauuubeeebbbbeeeeeehheeelaaauuuubeeebbbbeeeeehheeebbbbeeehheeebbbbeeee
bird_1_280517_092227.-17993.cbin,qqqqqqqqqaaaaaaauuuuuuuugggggggggbeeeehhhhhhlaaauuubeeebbbbeeeeehheeegaaauuubeeebbbbeeeehhhhebeeeebbbbeelaaauuuubeeebbbbeeehhhhhebbbbeeee
bird_1_280517_094652.-17608.cbin,qqqqqqqqqqaaaaaauuuuuuuuuuahhhhhhheeeeeeeelaaauuubeeebbbbeeeeehheeeelaaauuubeeehhhhhebeeehhhhggggggbeeehhhhheebeeelaaauuuuuuhhhheebeeelaaauuuuubeeebbbbeeeee
bird_1_280517_094724.-17603.cbin,qqqqqqqqaaaaaauuuuuuuuuuuuuaagggggggbeeehhhhhlaaauuuubeeehhhhebbbbeeeeeehheeebbbbeeeeeehheeelaaauuuuuhhhhhlaaauuuuubeeehhhhhlaaauuuuhheeebbbbeeeee
bird_1_280517_094827.-17586.cbin,qqqqqqqqqqqqqaaaaaauuuuuuuuaggggggggbeeeehhhhhlaaauuuubeeebbbbeeeeeehheeelaaauuuubeeehheebbbbeeeeehheeegggggggbeeebbbbeeehhhhelbbbbeeebbbbeeee
bird_1_280517_102238.-17081.cbin,qqqqqqqqqaaaaaaauuuuuuuugggggggbeeeeehhhhhhlaaauuubeeehhhhheebeeebbbbeeeeeeelaaauuubeeehheeelaaauuubeeehhhhggggbeeehhhlaaauuuubeee
bird_1_280517_102306.-17076.cbin,qqqqqqqqaaaaauuuuuuuuugggggggghheeebbbbeeeehheeelaaauuuubeeebbbbeeeeee
bird_1_280517_102325.-17072.cbin,qqqqqqqqqqaaaaaaauuuuuuuuugggggggbeeeeehhhhhlaaauuuubeeebbbbeeeeeehheeeelaaauuubeeebbbbeeeeehheeelaaauuuuubeeehhhheebbbbeeeeelaaauuuuuubeeehhhhhheebeeehhhhhlaaauuuubeee
bird_1_280517_102407.-17064.cbin,qqqqqqqqaaaaaauuuuuuuggggggbeeehhhhhlaaauuuubeeebbbbeeeeeeeehheeeelaaauuuubeeehhhhhebeeebbbbeeeehheeebeeebbbbeeeehheeelaaauuuuubeeehhhhe
bird_1_280517_102441.-17055.cbin,qqqqqqqqqqaaaaaauuuuuuuuuuggggggbeeeehhhhhlaaauuuubeeebbbbeeeeehheeeeelaaauuuuubeeebbbbeeeehheeeeebbbbeeeeelaaauuuuuuuhhhhhhhlggggbeeeebbbbeeee
bird_1_280517_102534.-17044.cbin,qqqqqqqqqqqqqqqaaaaggggggggbeeeeehhhhhlaaauuubeeebbbbeeeeehheeelaaauuubeeebbbbeeeehhhhhebbbbeeeehheeebbbbeeeeeeelaaauuuuubeeehhhhhhlaaauuuubeeeeeehhhhhheebebbbeeee
bird_1_280517_104443.-16769.cbin,qqqqqqqqqqqqaaaaaaauuuuuuuuaugggggggbeeeehhhhhhhhhhlaaauuubeeehhhhhebeeebbbbeeeeee
bird_1_280517_104706.-16729.cbin,qqqqqqqqqaaaaauuuuuuuuuagggggggbeeehhhhhhlaaauuubeeeehhhhebeeebbbbeeeeelaaauuubeeehhhhhhhebbbbeeeeeelaaauuubeehheeelaaauuubeeehhhhhebeeebbbbeeeeehheeelaaauuubeeebbbbeeee
bird_1_280517_104735.-16726.cbin,qqqqqqqqqqlaaaaaaauuuuuuugggggggbeeehhhhhlaaauuuubeeehhhhhhlaaauuuuubeeebbbbeeeeeehheeebbbbeeeelaaauuulhheeeebbbbeeeeee
bird_1_280517_104806.-16721.cbin,qqqqqqqqqqaaaaaaaaauuuuuuuugggggggbeeeehhhhhlaaauuuuuubbeeebbbbeeeehheeelaaauuuuuuhheeehhhhhlaaauuuuubeeehhhheeelaaauuuubeeebbbbeee
bird_1_280517_104854.-16707.cbin,qqqqqqqqqqqqqaaaaaauuuuuuuuuggggggggbeeeeehhhhhhlaaauuubeeebbbbeeeeeeehheeelaaauuuubeeebeeehhhhlaaauuuuuhheeebbbbeeeeelaaauuuubeeebbbbeeeeeelaaauuuuhhhhebeeehhhhhebeeehheeee
bird_1_280517_105038.-16684.cbin,qqqqqqqqqqqqqqqqqqaaaaaaaauuuuuuuuugggggggbeeeeebbbbeeeeeeehheeeaaggggbeeeebbbbeeeee
bird_1_280517_111827.-16306.cbin,qqqqqqqqqqaaaaaaaaauuuuuuuuuggggggbeeehhhhhhlaaauuubeeehhhhhhebbbeeelaaauuubeeebbbeeeeeelaaauuubeeehhhhhhhlaauuuuubeeehhhee
bird_1_280517_111845.-16305.cbin,qqqqqqqqqaaaaaauuuuuuugggggggggbeeehhhhhhhlaaauuuubeeehhhhhlaaauuuubeeebbbbeeeehheeelaaauuuubeeehhhebbbbeeeeelaaauuuubeeehheeelaaauuubeeeeehhhhhebeelaaauuuubbbbbeeee
bird_1_280517_111908.-16303.cbin,qqqqqqqqqqqqqqqaaaaaaauuuuuggggggggbeeehhhhhheebeeebbbbeeeeeeeeehheeelaaauuuubbeeehhhhhhlaaauuuubeeehhhhhheelaaauuuubeeebbbbeeeeehheeeagggggbeeebbbbeeee
bird_1_280517_111944.-16299.cbin,qqqqqqqqqaaaaaaaauuuuugggggggbeeeeehhhhhhlaaauuubeeebbbbeehheeebbbbeeeeehheeeelaaauuubeeebbbbeeeeeehhhhlaaauuuubeeebbbbeeeeehheeelaaauuuua
bird_1_280517_112047.-16286.cbin,qqqqqqqqqqqqqqaaaaaauuuuuugggggggggbeeeeehhhhhlaaauuuubeeebbbbeeeeehheeebbbbeeeeelaaauuuuhheeeehhhhhlaaauuuubeeehheeebbbbeeee
bird_1_280517_113341.-16096.cbin,qqqqqqqqqqqaaaaaauuuuuuuuuggggggggbeeeehhhhhhhheebbbbeeeeeehheelaaauubeeebbbbeeeeeeelaaauuubeeehhhhhhhlaaauuubeeehhhhhhlaaauubebeeehhhhlaaauuubeeehheeelaaauuuuubeeebbbbeeeelaaauuuubeee
bird_1_280517_113412.-16092.cbin,qqqqqqqqaaaaaaauuuuuggggggggbeeehhhhhhlaaauuuubeeebbbbeeeeehheeeelaaauuuubbeeeehhhhheebeeebbbbeeeeelaaauuuubeeebbbbeeelaaauuuubehhhheebbbbeeeee
bird_1_280517_113440.-16087.cbin,qqqqqqqqqaaaaaauuuuuuuuuagggggggggggbeeeee
bird_1_280517_113446.-16086.cbin,qqqqqqaaaaaaauuugggggggggbeeehhhhhhlaaauubeeebbbbeeeeehheeelaaauuuubeeebbbbeeeehheeelaaauuubeeebbbbeeeeelaaauuu
bird_1_280517_113520.-16079.cbin,qqqqqqqqqqqqaaaaaauuuuuggggggggggbeeehhhhhlaaauuuubeeebbbbeeeeehheelaaauuuuughhheebeeehhhhlaaauuuubeeehhhhelaaaauuhheeeeeeeee
bird_1_280517_113554.-16072.cbin,qqqqqqqqqqaaaaauuuuuuuuggggggbeeeeeeehhhhhlaaauuuuuuubeeebbbbeeeehheeebbbbeeeeelaaauuuubeeebbbbeeeehhhhheebeeebbbbeeee
bird_1_280517_115046.-15862.cbin,qqqqqqqqqqqqqqqqqqqaaaaaaaauuuuuuuulhhhhhlaaauuubeeebbbbeeeeeeehheeelaaauuubeeehhhhhlaaauuuuuubeeeehhhhhebeeeelaaauuubeeebbbbeeee
bird_1_280517_115452.-15806.cbin,qqqqqqqqaaaaaauuuuuuuuuuggggggggbeeeehhhhhhhlaaauuubeeebbbbeeeeelaaauuubeeelaaauuubeeehhhheebbbbeeeeehheeeelaaauuubeeehhhhhhhhlaaauuuuubbeeebbbbeel
bird_1_280517_115516.-15803.cbin,qqqqqqqqaaaaaaauuuubeeehhhhhhhlaaauuuubeeebbbbeeelaaauuubeeelaaauuuubeeebbbbeeeehheeeelaaauuuubeeebbbeeeeeeeebbbbeeeehheagggggbeeehhhhhhhebeee
bird_1_280517_115557.-15793.cbin,qqqqqqqqqqqqqqqqqaaaaaauuuuuuuuuuuggggggbeeehhhhhhlaaauuuubeeebeeehhhhhlaaauuuuuhheeeeelaaauuubbeeebbbbeeeeeebbbbeeee
bird_1_280517_115649.-15783.cbin,qqqqqqqqqqqqqqqaaaaaaaauuuuuuuuuuuugggggggbeeeeeeehhhhhlaaauuuuubeeehheeebbbeeeeehheeelaaauuubeeehhhheeaaauuuuubeeebbbbeeeeee
bird_1_280517_120303.-15694.cbin,qqqqqqqqqaaaaaauuuuuuuuuggggggggbeeeehhhhhhhlaaauuubeeebbbbeeeeelaaauuuubeeebbbbeeeeeebeeehhhhhebeeelaaauuubeeehheeeeaggggbeeebbbbeeeelaaauuubeeehhhhhlaaauuubeeelaaauuuubeeebbbbeeee
bird_1_280517_120340.-15687.cbin,qqqqqqqqqqqqaaaaaaauuuuugggggggbeeeeehhhhhlaaauuuubeeeebbbeeeeeeehheeelaaauuuuubeeehhheebbbbeeeeeehheeelaaauuuuuuuhheeebbbbeeeelaaauuuubeeebbbbeeeee
bird_1_280517_120433.-15677.cbin,qqqqqqqqqqqqqaaaaauuuuuuuuuggggggggeeeeehhhhlaaaauuuuuubeeebbbbeeeeeehheeeeaggggggbeeehhhhhebeeebbbbeeeehheeelaaauuuubeeebbbbeeeeee
bird_1_280517_121549.-15513.cbin,qqqqqeqqqqqaaaaauuuuuuhuuuuuuuhhhhhbeeeeeebbbbeeeeeaaaauuuubeeebbbbeeeehheeelaaauuuubeeehhhhhlaaauuubeeebeeebbbbeelaaauuuubeeelbbbeeeee
bird_1_280517_122312.-15419.cbin,qqqqqqqqqaaaaaauuuuuuugggggggggbeeehhhhhhlaaauuubeeebbbbeeeeehheee
bird_1_280517_122344.-15412.cbin,qqqqqqqqqqaaaaaauuuuuuugggggggbeeeeelaaauuubeeebbbbeeeeehheeelaaauuubeeebbbbeeeehheeelaaauuuubeeehhhhhhlaaauuubeeehhhhhhhlaaauuubeeebbbbee
bird_1_280517_122621.-15370.cbin,qqqqqqqaqaaaaaauuuuuuuuuugggggggggbeeehhhhhhlaaauuuubeeebbbbeeeeehheeelaaauuubeeehhhhhebeeebbbbeeeeeelaaauuubeeebbbbeeeeeelaaauuuubeeehhhhhhlaaauuuuhheeelaaauuuubeeehhhebeeebeeeebbbbeeeeeee
bird_1_280517_123324.-15260.cbin,qqqqqqqqqqqqaaaaaauuuuuuugggggggbeeeehhhhhalaaauuubeeebbbbeeeeeelaaauuubeeehhhhllaaauuubeeebbbbeeeeelaaaauuuubeeelaaauuuuubeeehhhhhhlaaauuuuubeeeebbbbeeeee
bird_1_280517_124911.-15029.cbin,qqqaaauuuuuuuuuuuhhhhhhhhgaaauuubeeebbbbeeeeee
bird_1_280517_124925.-15024.cbin,qqqqqqqqqqqaaaaaauuuuuuuuuuugggggggbeeehhhhhhlaaguuubeeehhhhhebeeelaaauuuuuhhhhhhlaaauuuuuubeeebbbbeeeeeehheeeelaaauuubeeehhhhhhebeeeelaaauuuubbeeebbbbeeeeee
bird_1_280517_125027.-15006.cbin,qqqqqqqqqqaaaaaauuuuuuuugggggggbeeeehhhhhhbbeeebbbbeeeehheeelaaauuubeeebbbbeeehheeeegggggggbeeehhhhebeeehheeelaaauuuuubeeebbbbeeeehheeeelaaauuuhhheebbbbeeee
bird_1_280517_134255.-14259.cbin,qqqqqqqqqqqqaaaaaauuuuuuuuuggggggbeeeeehhhhhhhheeeelaaauuubeeebbbbeeeehheeelaaauuubeeeaahhhhhheebbbbeeeeelaaauuubbeeebbbbeeeeelaaauuu
bird_1_280517_134328.-14254.cbin,qqqqqqqqaaaaaaauuuuuuuugggggggbeeeehhhhhlaaauuubeeebbbbeeeeehheeeaggggggbeeehhhhhebbbbeeeeehheeeelaaauuuubeeehhhhhlaaauuuubeeeaaa
bird_1_280517_134408.-14247.cbin,qqqqqqqqaaaaaaauuuuuuuuuugggggggggggbeeeebbbbeeeehheeelaaauuubeeebbbbeeehheeeeagggbeeebbbbeeeeeehheeebbbbeeeeehheeelaaauuubeeeebeeehhhhhhlaaauuuuubeeeebbbbee
bird_1_280517_142210.-13663.cbin,qqqqqlqlaaaaauuuuuuu
bird_1_280517_142217.-13662.cbin,lllllaaaaaauuuuubeeehhhhhhhhhlaaauuubeeebbbbeeeeehheeeelaaauuuubeeebbbbeeeeeee
bird_1_280517_142229.-13660.cbin,qqqqqqaaaaaauuuuuubeeebbbbeeeeehheeelaaauuuubeeehhhhhlaaauuuubbeeebbbbeeeeeelaaauuuubeeehhheebeeebeebbbbeeeelaaauuuhhhhebeeebbbbeeeeehheeelaaauuuubeeehhhbeeelaaauuuuhhhhee
bird_1_280517_142255.-13657.cbin,qqqqqqqqqqqqqaaaaaaauuuuugggggggbeeebbbeeeeeeeehheeeeaaaaahheeeebeeehhhhhlaaauuuuubeeeebbbbeeeeeehheeeelaaauuuuuuua
bird_1_280517_142327.-13652.cbin,qqqqqqqqqaaaaaaauuuuuuuuuuuggggggggbeeehhhhhlaaauuuubeeebbbbeeeeehheeelaaauuuuuubeeebbbbeeeeeeehheeeelaaauuuubeeelaaaaauuuuuubeeehhhhhebeeebbbbeeeeee
bird_1_280517_142405.-13646.cbin,qqqqqqqqqqaaaaaauuuuuuuuugggggggbeeeehhhhlaaauuubeeebbbbeeeehheelaaauuuuuuhhhhhhebbbbeeeeee
bird_1_280517_142426.-13642.cbin,qqqqqqqqaaaaaaauuuuuuuuggggggggbeeeeeebbbbbeeeeeeehheeelaaauuuubeeebbbbeeeeeehheeeebbbbeeeeelaaauuuubeeebeeehhhhhebbbbeeeehheeelaaauuuuuu
bird_1_280517_142503.-13636.cbin,qqqqqqqqqqqaaaaaaauuuuuuuuubeeehhhhhlaaauuuubeeehhhhheebbbbeeeehheeeelaaauuuubeeehhhheebeeebbbbeeeeeehheeelaaauuuuubeeebbbeeeeelaaauuubeeeaaahheeelaaauuuuhhhhhe
bird_1_280517_144121.-13418.cbin,qqqqqqqqqqqqqqqqqqqqqqaaaaauuuuuuuuuggggggbeeeehhhhhhhlaaauuuubeeebbbbeeeeee
bird_1_280517_144145.-13412.cbin,qqqqqqqaaaaaaauuuuuuubeeeeehhhhhhhlaaauuubbeeebbbbeeeeehheeehhhhhhlaaauuubeeehhhhhebeeebbbbeeeeehheeelaaauuubeelaaauuuuuhheeebbbbeeeeelaaauuuubeeeaaaauuuuubeeehhheeelaauuuubeeebeeebbbbeeee
bird_1_280517_144222.-13406.cbin,qqqqqqqqqqaaaaauuuuuuuggggggggbeeeehhhhhlaaauuuuuubeeebbbbeeeeeehheeelaaauuuuubeeehhhhheebbbbeeeelaaauuubeeebbbbeeeeeehheeelaaauuuuua
bird_1_280517_144304.-13397.cbin,qqqqqqqqqqqqqqaaaaaaauuuuuuuuuuggggggggbeeehhhhlaaauuuubeeebbbbeeeehheeeelaaauuuubeeehhhhhhlaaauuubeeebbbbeeeeeehheeelaaauuubeeebbbbeeeehheeeeeebbbbeeeeeehheeeebbbbeeelaaauuuuuhhhhhlaaauuuuubeeehheee
bird_1_280517_144424.-13380.cbin,qqqqqqqqqqqaaaaaauuuuuuuuuuuugggggggbeeehhhhhhlaaaauubeeehhhhhlaaauuuubeeebbbbeeeeehheeelaaauuuubeeebbbbeebeeee
bird_1_280517_144931.-13318.cbin,qqqqqqqqaaaaaauuuuuuuuuuggggggggbeeehhhhhhlaaauuuubeeebbbbeeeeeehheeeelaaauuubeeebbbbeeeehheeelaaauuubeeehhhhhebbbbeeeeelaaauuuuubeeebbbbeeeelaaauuuubeeelaaauuuuhhhhhhlaaauuuubeeehhheebbbbeeeelaaauuuuhheeebbbbeeeehheeeelaaauuuuuubeeebbbbeeeeee
bird_1_280517_145013.-13311.cbin,qqqqqqqqqqqqaaaaaauuuuuuuuuuggggggggbeeeeehhhhhhlaaauuuuubeeebbbbeeeeehheeeeeelaaauuuubeeehheeebbbbeeeeeeehheeeelaaauuuuuuhhhhhheeebeeebbbbeeeee
bird_1_280517_151032.-13056.cbin,qqqqqqqqqaaaaauuuuuuuugggggggbeeeehhhhhhhlaaauuuubeeebbbbeeeeeehheeeelaaauuubeeebbbbeeeehhhhhhlaaauuubeeehhhhhea
bird_1_280517_151110.-13046.cbin,qqqqqqqqaaaaaaaauuuuuuuuggggggggbeeeehhhhhlaaauuubeeebbbbeeeehheeelaaauuubeeebbbbeeeeeehheeelaaauuubeeebbbbeeeeee
bird_1_280517_151144.-13035.cbin,qqqqqqqqqqqaaaaggggggggbeeeehhhhhlaaauuuuubeeebbbbeeeeeeehheeeeelaaauuuuubeeebbbbeeeehheeelaaauuuuuhheeelaaauuuubeeebbbeeelaaauuuuhhhhhhlaaauuuuu
bird_1_280517_152741.-12813.cbin,qqqqqqqqqaaaaauuuuuuuuugggggggbeeeeeehhhhheeeebbbbeeeeehheeeelaaauuuubeeebbbbeeeeeehheeelaaauuuuuubeeehhhhheebbbbeeeeehhhhhggggggbeeebbbbeeeeeelaaauuubbeeebeeebbbbeeeeelaaaauuuuu
bird_1_280517_152839.-12802.cbin,qqqqqqqqqqaaaaaaauuuuuuuuuuuggggggggbeeeeehhhhlaaauuubeeebbbbeeeeeeehheeelaaauuuubeeehhhhhebbbbeeeelaaauuubeeebbbbeeeehheeeelaaauuuubbeeehhhhhhhebeeebbbbeeelaaauuueeeebbbbeeeeeeehheeagggbeeeebbbbeeee
bird_1_280517_153627.-12697.cbin,qaaaaaauuuuuuuuggggggggbeeeehhhhlaaauuuuubeeebbbbeeeeeeeehhhhhhhlaaauuuubeeehhhhhhhhhlaaauubeeehhhhhhhlaaauuubeeebbbbeeeelaaauuuuhhhhhlaaauuubeeelaaauuuubeeehhhhhlaaauuuubeeee
bird_1_280517_161252.-12244.cbin,qqqqqqqqqqqqaaaaauuuuuuuuuggggggggbeeehhhhhhhlaaauuubbeeebbbbeeeeeeehheeeelaaauuubeeehhhhhhhhlaaauuuuubeeebehhhhhhhlaaauuuubeeebbbbeeeeehheelaaaauubeeehhhhheebeeehhheebbbbeeeee
bird_1_280517_161321.-12240.cbin,qqqqqqqqqqqaaaaauuuuuuuugggggggbeeeehhhhhhhlaaauuuuubeeebbbbeeeeehheeelaaauuuubeeebbbbeeeeee
bird_1_280517_161343.-12237.cbin,qqqqqqqqqaaaaaaauuuuuuuugggggggbeeehhhhhhlaaauuubeeebbbbeeeeeee
bird_1_280517_161409.-12231.cbin,qqqqqqqqqaaaaaauuuuuuuuuugggggggggbeeehhhhhlaaauuuubeeebbbbeeeehheeeeelaaauuuubeeebbbbeeeeeehheeelaaauuuuubbeeebbbbeeee
bird_1_280517_161454.-12221.cbin,qqqqqqqqqqqqaaaaggggggbeeeeehhhlaaauuuubeeebbbbeeeeeehheeeelaaauuubeeehhhhhebeeebbbeeeeeehheeeeelaaauuubeeebbbbeeeehheeelaaauuuubeeebbbbeeehheeelaaauuuuuuhhhhebeeehhhhhbbbbeeee
bird_1_280517_161538.-12211.cbin,qqqqqqqqqqqqaaaaaaauuuuuuuuuggggggggbeeeehhhhlaaauuubeeehheeelaaauuuubeeebbbbeeeehheeeagggggbeeehhhhhlaaauuuuubeeebbbbeeeeehheeelaaauuubeeehhhhhebbbbeeelaaauuuuhhhhebeeelaaauuubeeebeeebbbbeeee
bird_1_280517_163502.-11946.cbin,qqqqqqqqqqqqqqqaaaaaaaauuuuuuuuuggggggggbeeeeeehhhhhlaaauuubeeebbbbeeeeeeehheeelaaauuubeeehhhhhlaaauuuubeeehhhhhebbbbeeeeeehheeelaaauuubeeehhhhlaaauuubeeebbbbeeeelaaauuuuuhhhhhlaaauuuubeeebbbbeeelaaauuuubeeebbbbeeeeee
bird_1_280517_163540.-11941.cbin,qqqqqqqqqqaaaaaaaauuuuuggggggggbeeehhhhhhlaaauuuubeeebbbbeeeehheeelaaauuuubeeebbbbeeeehheeelaaauuuuuubbeeeh
bird_1_280517_163637.-11926.cbin,qqqqqqqqaaaaaauuuuuuuuuuugggggggbeeehhhhhhhlaaauuubeeebbbbeeeeeehheeeelaaauuuuubeeehhhhhhlaaauuuubeeehhhhlaaauuuubeeebbbbeeeeehheeelaaauuuubeeehhhhhe
bird_1_280517_163729.-11917.cbin,qqqqqqqqqaaaaaaauuuuuuuugggggggggbeeeeehhhhhhhlaaauuuubeeebbbbeeeeeeeehheeelaaauuuubeeebbbbeeeehheeebbbbeeeeehhhhhhebeeebbbbeeeeeehheeeeeelaaauuuuubeeebbbbeee
bird_1_280517_164117.-11852.cbin,qqqqqqqqqqqaaaaaauuuuuuuuugggggggbeeeeeeehhhhhlaaaauuubeeebbbbeeeeeelaaauuubeeebbbbeeeeeehhhhhhlaaauuuubeeehhhhhlaaauuuubeeehhhhlaaauuuubeeehhhhhebeeehheelaaauuuuhhhhebeee
bird_1_280517_164205.-11845.cbin,aaaaaauuuuuuuuuuugggggggbeeehhhhhhlaaauuubeeebbbbeeeeeebeeegaaauuuuhhhhhhlaaauuuuhhhhhlaaauuuubeeehhhhbeeebbbbeeeelaaauuubeeelaaauuuubeeebbbbbeeeee
bird_1_280517_164308.-11833.cbin,qqqqqqqqqqaaaaaaaauuuuuuuuuuaggggggbeeehhhlaaauuubeeebbbbeeeehheeelaaauuuubeeebbbbeeeeelaaaauuuuubeeebeeehhhhhhlaaauuueeeehhhhhlaaauuubeee
bird_1_280517_165437.-11671.cbin,qqqqqqqqaaaaaaauuuuuuuuggggggglbeeeehhhhhhlaaauuubeeebeeehhhhlaaauuuubeeeelaaauuubeeehhhhhhlaaauuuuuuuubeeebbbbeeeeehheeeelaaauuubeeebbbbeeeeebbbbeeeeee
bird_1_280517_165504.-11668.cbin,qqqqqqqqaaaaaaauuuuuggggggggbeeehhhhhhlaaauuubeeebbbbeeeeeeeehheeelaaauuuubeeebbbbeeeeehhhhhhlaaauuuuhhhhhe
bird_1_280517_165536.-11660.cbin,qqqqqqqqqaaaaaaaauuuuuuuuggggggglbeeehhhhhebeebbbbeehhhhhhlaaauuuuuuubeeebbbbbbeeeeeeelaaauuubeeebbbbeeeehheeelaaauuuuubeeebbbbeeeebbbbeeee
bird_1_280517_165635.-11653.cbin,qqqqqqqqqqqqqaaaaaauuuuuuuuuuggggggggbeeeeeeehhhhhlaaauuuubeeebbbbeeeeeehlaaauuuuubeeehhhhhhlaaauuubeeebbbbbeeeeeee
bird_1_280517_170157.-11584.cbin,qqqqqqqaaaaauuuuuuuuuuugggggggbeeehhhhhhlaaauuubeeebbbbeeeeeehheeelaaauuubeeebbbbeeeeeeehheelaaauuubeeehhhhhhlaaauuuuubeeebbbbeeeelaaauuuuhhhhhlaaauuuubeeehhhhhebbbbeeee
bird_1_280517_170248.-11575.cbin,qqqqqqqqqqqqqgaaaaauuuuuuuuuggggbeeeeeeeehhhhlaaauubeeebbbbeeeehheeelaaauuuubeeehhhhhlbbbbeeeeeee
bird_1_280517_170347.-11566.cbin,qqqqqqqqqqqaaaaaauuuuuuuuuuuuuggggggggbeeeeehhhhhlaaauuuuubeeebbbbeeeeeeehheeelaaauuuubeeehhhhhhhlaaauuuuubeeebbbbeeelaggggggbeeeebbbbeeeelaaauuubeeebeeebbbbeeelaaauuuu
bird_1_280517_170419.-11560.cbin,qqqqqqqqqlaaaaaaaaauuuuuuuugggggggbeeeeehhhhlaaauuuuuuuuubeeebbbbeeeeeeeehheeeelaaauuuubeeebbbbeeeee
bird_1_280517_172610.-11253.cbin,qqqqqqqqqqqaaaaaauuuuuuuuuuggggggggbeeeehhhhhhlaaauuubeeehhhhheebeeebbbbeeeeeelaaauuuubeeebbbbeeeeehhhhhhllaaauuubeeehhhhhhebbbbeeeehheeelaaauuubeeebeeehhh
bird_1_280517_172634.-11249.cbin,qqqqqqqqqqaaaaaaauuuuuuggggggggbeeeebbbbeeeeeehheeeeebbbbeeeeehheeelaaauuuubeeehhhhhebbbbeeeeeehheeelaaauuuu
bird_1_280517_172656.-11245.cbin,qqqqqqqqaaaaaaauuuuuuugggggggbeeehhhhhhlaaauuuuubeeeeebbbbeeeeeelaaauuuubeeebbbbeeeeehheelaaauuuubeeehhhhhlaaauuuuubeeehhhhebeeelaaauuubeeebbbbeeeee
bird_1_280517_172735.-11237.cbin,qqqqqqqqqaaaaaaauuuuuuuuuuuuugggggggbeeehhhhlaaauuuubeeebbbbeeeeeeeeehheeelaaauuuubeeebbbbeeeebeeehhhhhaaaauuuubeeebbbbeeeelaaauuuubeeeebbbbeeeee
bird_1_280517_172914.-11214.cbin,qqqqqqqqqqqaaaaaauuuuuuuuuuuggggggbeeehhhhhhlaaauuuuubeeebbbbeeeeeeelaaauuuubeeebbbbeeeeeehheeelaaauuuuubeeebbbbeeeeehh
bird_1_280517_174148.-11029.cbin,qqqqqqqqaaaaauuuuuuuuugggggggbeeeehhhhhlaaauuubeeeelaaauuuubeeehhhhhhlaaauuuubeeehhhhhhhlaaauuuubbeeehhhhebbbbeeeeeeeee
bird_1_280517_174448.-10989.cbin,qqqqqqqqqqaaaaauuuuuuuuuggggggggbeeeeeeebbbbeeeeehheeelaaauuubeebbbbeeeeeeehheeelaaauuubeeehhhhhhhlaaauuuuubeeebbbbeeeelaaaauuuhhhheebeeehhhhhhee
bird_1_280517_175424.-10866.cbin,qqqqqqqqqqaaaaauuuuuuuuggggggbeeeehhhhhhhhhlbeauuubeeebeeebbbbeeeeeeehheeelaaauuuubeeebbbbeeeelaaauuubeeehhhhhhhlaaauuubeeeaaaauuuubeeehhhhhhhe
bird_1_280517_175501.-10858.cbin,qqqqqqqqqaaaaggggggggbeeeehhhhhlaaauuuuubeeebbbbeeeeeehheeelaaauuuuubbeeebbbbeeeeelaaauuuuubeeehhhhheebbbbeeehhhhhelaaauuuubeeehheeeelaaauuubeeebbbbeeeehheealaaauuuuubbee
bird_1_280517_175846.-10809.cbin,qqqqqqqqqqqqqaaaaaaauuuuuuugggggggggggbeeehhhhhlaaauuuuubeeebbbbeeeehheeelaaauuuua
bird_1_280517_175908.-10806.cbin,qqqqqqqqaaaaaauuuuugggggggbeeehhhhhhhhlaaauuubeeebbbbeeeeeeaagggggbeeehhhhhhhlaaauuuuuubeeehhhhhlaaauuuubeeebbbbeeeeeeeehheelaaauuuuubeeehhhhhhlaaauuuuuubeeehhhhhhe
bird_1_280517_175959.-10796.cbin,qqqqqqqaaaaaaaauuuuuuuuggggggbeeeeeehhhhhhlaaauuuubeeebbbbeeeehheeelaaauuuubeeebbbbeeeehheeeehhhhhebbbbeeeeeehhhhhhheeaaalaaauuuuuubeeebbbbeeeehheeeeelaaauuuuuuuhhhhebeeeeebbbbeeeaaaaaauuuuuubeeebbbbeeeee
bird_1_280517_184136.-10217.cbin,qqqqqqqqqqaaaaaaaauuuuuuuuuuuugggggggggbeeehhhhhhhhlaaauuubeeebbbbeeeeehheeegggggggbeeehhhhhhlaaauuuubeeebbbbeeeeehheeelaaauuuubeee
bird_1_280517_191740.-9722.cbin,qqqqqqqqqqqaaaaauuuuuuuuuugggggggbeeeeehhhhhhlaaauuubeeebbbbeeeeeeee
bird_1_280517_191801.-9718.cbin,qqqqlqqqqaaaaauuuuuuuggggggggbeeeehhhhhlaaauuuube
bird_1_280517_191812.-9716.cbin,qqqqqqqagggggbeeehhhhlaaauuubeeebbbbeeeehheeelaaauuuubeeebbbbeeeeelaaauuuubeeebeebbbbeeeee
bird_1_280517_191843.-9707.cbin,qqqqqqqaaaaaaauuuuuuuuggggggggbeeeebbbbeeeeeeehhhlaaauuubeeehhhhhhlaaauuubeeelaaaauuuuuuubeeebbbbeeehhhhhhhlaaauubeeebbbbeeeehhhhhhebeeebbbbeeeeee
bird_1_280517_191950.-9690.cbin,qqqqqqqqqqaaaaauuuuuuggggggggbeeeehhhhlaaauubeeebbbbeeeeeeelaaauuueeeebbbbeeehheeeelaaauuubeeebbbbeeeehhhhebbbbeeeeeehhhhhlaaauuuuubeeebbbbeeeee
bird_1_280517_192055.-9676.cbin,qqqqqqqqqqqqqaaaaauuuuuuuuuuuggggggggbeeeeehhhhhlaaauuubeeebbbbeeeeeeehheeelaaauuuubeeebbbbeeeelaaauuubeeebbbbeeeehhhheagggglggbeeehhhhhlaaauuuuuuhhhhhlaaauuuubeeebbbbeeee
bird_1_280517_192153.-9667.cbin,qqqqqqqqqqqaaaaaaauuuuuugggggggbeeeeehhhhhebbbbeeeeeehheeelaaauuubeeebbbbeeeeeehhhhhhhlaaauubeeebbbbeeee
bird_1_280517_193929.-9375.cbin,qqqqqqqqqqqaaaaauuuuuuuuugggggggbeeeeebbbbeeeeeeeeehheeelaaauuubeeehhhhhhhebeeelaaauuubeeebbbbeeeehheeelaaauuubeebbbbeeeeelaaauuuuhhhhhhee
bird_1_290517_081212.-858.cbin,qqqqqqqqqqqqqaaaaauuuuuuuugggggggggbeeeeeehhhhhhheebeeebbbbeeeeeehheeelaaauuubeeebbbbeeeeelaaauuubeeehhhhhhlaaauuubeeebbbbeeeeee
bird_1_290517_081247.-853.cbin,qqqqqqqaaaaaaauuuuuuuuggggggggbeeeeebbbbeeeehheeebbbbeeeehhhhhhhlaaauuuuubeeebbbbbeeeehhhhhhlaaauuubeeelaaauuuubeeehhhhhhlaaa
bird_1_290517_081355.-836.cbin,qqqqqqqqqaaaaaaauuuuuuuugggggggbeeeeeehhhhhhlaaauuuubeeebbbbeeeeehhhhhhlaaauuuubeeebbbbeeeelaaauuuubeeehhhhhhebeeebbbbeee
bird_1_290517_082033.-719.cbin,qqqqqqqqqaaaaaauuuuuuugggggggbeeeeebbbbeeeeelaaauuubeeebbbbeeeelaaauuubeeeehhhhlaaauuuubeeebbbbbeeehhhebbbbeeeeelaaauubbeeebbbbeeeeehhhhhheeebeeeaaauuubeee
bird_1_290517_084441.-313.cbin,qqqqqqqqqaaaaaauuuuuuuuuggggggggbeeeeehhhhhlaaauubeeebbbbeeeeeeehheeelaaauuuubeeehhhhhebeeehhhhhlaaauuubeeebbbbeeeee
bird_1_290517_084538.-303.cbin,qqqqqqqqqqqaaaaaaauuuuuuuuuuuuggggggggbeeeeehhhhhhlaaauuubeeebbbbeeeeehheeeehheeebbbbeeeeeelaaauuuubeeebbbbeeeee
bird_1_290517_084703.-286.cbin,qqqqqqaaaaaauuuuuuuugggggggbeeeehhhhhlaaauuubeeebbbbeeeeeehheeelaaauuuubeeehhhhhhhebeeebbbbeeehheeeegaaauuuubeeehhhheeelaaauubeeehhhhhhlaaauuubeee
bird_1_290517_084724.-284.cbin,qqqqqqqaaaaauuuuuuuggggggggbeeehhhhhhhlaaauuubeeebbbbeeeehheeelaaauuuubeeebbbbeeeehhhhhlaaauuuubeeehhheebbbeeeelaaauuuuhheeelaaauuuuubeeebbbbbeeee
bird_1_290517_084822.-273.cbin,qqqqqqqqqqqqqqqqqqaaaaaaaauuuuuuuuuggggggbeeehhhhhlaaauuuubeeebbbbeeeehheeehhhhebeeehhhhhlaaauuubeeehhhheebeeebbbbeeeeehheeelaaauuuubeeehhhhhebeeelaaauuubeeebbbbeee
bird_1_290517_084901.-264.cbin,qqqqqqqqqaaaaaaauuuuuuuuggggggggbeeeehhhhhlaaauuuuuuhheeebbbbeeeeeehheeebbbbeeeeehheeelaaauuuubeeebbbbeee
bird_1_290517_091318.64.cbin,qqqqqqqqqqaaaaaauuuuuuuuuaggggggggbeeehhhhlaaauuuubeeebbbbeeeeeehheeelaaauuubeeehhhhebeeehhhhhlaaauuubeehhheebbbbeeeelaaauuubeeehhhhebbbbeeeeee
bird_1_290517_091341.66.cbin,qqqqqqqqqqaaaaaauuuugggggggbeeebbbbeeeeehheeelaaauuubeeebbbbeeeeehheeelaaauuubeeebbbbehhhhegggggbeeehhhhhebeeebbbbeeeeee
bird_1_290517_091406.69.cbin,qqqqqqqqqqqqqqqqaaaaaauuuuuuugggggggbeeeeebbbbeeeeehheeeehhhlaaauuuubeeehhheebeeehhhheeeelaaauuubeeehhhhhhhlggggggbeeeebbbbeeeeeee
bird_1_290517_092115.148.cbin,qqqqqqqqqaaaaaaauuuuuuuuuuagggggggbeeeehhhhhebbbbeeeeehheeeeaaauuubeeebbbbeeeeeehhhhhhlaaauuuubeeehhhhhlaaauuubeeelaaauuubeeebbbbeeeelaaauuuuuhbeeebbbbeeeee
bird_1_290517_094726.522.cbin,qqqqqqqqqqaaaaaauuuuuuuuugggggggbeeeeeehhhhheeebeeebbbbeeeehhhhhlaaauuubeeelaaauuubeeehhhhhhhhebeeehhhhebeeelaaauuuubeeehhhhlaaauuuuuhheeeehheeelaaauuuubeeehhhhebeeebbbbbeeaaaggggggbeeebbbbeeeeee
bird_1_290517_094757.525.cbin,qqqqqqqqqqqqqqqaaaaaaaauuuuugggggggggbeeebbbbeeeeeeehheelaaauuuubeeeaaubeeeeeeehheelaaauuuubeeebbbbeeeeeee
bird_1_290517_094823.529.cbin,qqqqqqqqqaaaaaauuuuuuuugggggggbeehhhhhhlaaauuubeeebbbbeeeeeeehheeelaaaauubeeebbbbeeehhhheebeeehhheeeeelaaauuuubeeebbbbeeeeee
bird_1_290517_094900.538.cbin,qqqqqqqqaaaaaauuuauuggggggggbeeeeeehhhhhhlaaauuuubeeehhhhhhlaaauuuubeeebbbbeeeeehheeebbbbee
bird_1_290517_094926.544.cbin,qqqqqqqqaaaaaauuuuuuuuuuugggggggggggbeeehhhhhhlaaauuuubeeebbbbeeeeeehheeelaaauuuubeeehhhheebbbbeeeeeelaaauuuubeeehhhhhehheeeebbbbeeeeeeehhhhheebeee
bird_1_290517_095318.609.cbin,qqqqqqqqqaaaaauuuuuuuuuugggggglgbeeehhhhhhlaaauuubeeehheebbbbeeeeeehheellllaaaauuubeeebbbbeeeehheeeeeehhheeelaaauuuuhhhhelaaauuuubeeebbbbeeeeeeelaaauuuubeeehhhhhhlaaauuuuuu
bird_1_290517_095340.610.cbin,qqqqqqqqqqqqqaaaaauuubeeebbbbeeeeehheeeelaaauuuuuubeeebbbbeeeeehheeeehhhhhe
bird_1_290517_095405.616.cbin,qqqqqqqqqaaaaaauuuuuuuuuuggggggggbeeeehhhhlaaauuuubeeebbbbeeeeeeelaaauuuuuubeeehhhheebbbbeeeelaaauuuuuhhhhhgggggggbeeeebbbbeee
bird_1_290517_095502.628.cbin,qqqqqqqqqqqaaaaauuuuuuuuugggggggbeeeehhhhhhlaaauubeeebbbbeeehbeeehhhhhhlaaauuuubeeehheeeebbbbeeeehheeelaaauuuuhhhhhebeeelaaauuuuubeeehhhhebbbbeeee
bird_1_290517_100245.737.cbin,qqqqqqqqqqqqqqaaaaaauuuuuuuuuuuggggggggbeeeehhhhhhhlaaauuubeeebbbbeeeeehlaaauuubeeehhhhhlaaauuubeeebbbbeeeeehheeelagggggbeeehhheebeeebbbbeeee
bird_1_290517_101336.902.cbin,qqqqqqqaaaaauuuuuuuuuuugggggggbeeehhhhlaaauuuubeeehhhhhhhlaaauuuubeeebbbbeeeeelaaauuuubeeehhhhhlaaauuuuuhhhhhlaaauuubeeehhhhhebeeebbbbeeeee
bird_1_290517_101404.904.cbin,qqqqqqqqaaaaaauuuuuuuuggggggggggbeeeeehhhhlaaauuuubeeeebbbbeeeeeeehheeelaaauuuuuhheeeegggggggbeeebbbbeeeehheeelaaauuubeeebbbbeeeeeeel
bird_1_290517_101435.910.cbin,qqqqqqqqqaaaaaaaauuuuuuuuugggggggggbeeehhhhhhhlaaauuuubeeebbbbeeeeeeeelaaauuuuubeeehhhhhhhhhlaaauuuubeeebbbbeeeeehheeelaaauuuuubeeehhhhhhbbeeebbbeeeeelaaauuubeee
bird_1_290517_102031.991.cbin,qqqqqqqqaaaaaauuuuuuuuugggggggbeeebbbbeeeeeeeehheeelaaauuuuuubeeehhhhhlaaauuuubeeehhhhl
bird_1_290517_102042.992.cbin,qqqqqaaaaaauuuuuggggggggbeeebbbbeeeeeehheeeelaaauubeeebbbbeeeeeagggggbeeebbbbeeeeehhhhhhlaaauuuuuubeeebbbbeeeelaaauuubeeehhhhhhebeeeebbbbeeeeeel
bird_1_290517_102132.1002.cbin,qqqqqqqqqqqqaaaaaaagaaauuuuugggggggbebeeeeehhhhlaaauuuubeeebbbbeeeeeeggggggggbeeeehhhhhlaaauuuubeeelaaauuulbeeehhhhhhebeeehhhlaaauuuuaaheeebbbbeeeeee
bird_1_290517_102519.1057.cbin,qqqqqqqqqqqqqqqaaaaauuuuuuuaugggggggbeeeeeehhhhhhlaaauuuuubeeebeeehhhhheeebbbbeeeeelaaauuuuubeeehheeeeelaaauuuuubeeehhhhhebeeebbbbeeeee
bird_1_290517_102554.1060.cbin,qqqqqqqqqaaaaaauuuuuuuugggggglbeeeeehhhhhlaaauuuubeeebbbbeeeeehheeelaaauuuuubbeeehhhhhhlaaauuuuhhheebbbbbeeee
bird_1_290517_102642.1070.cbin,qqqqqqqqqqqqqqqqqaaaaaauuuuuuugggggggggbeeeeeehhhhhhhlaaauuuuubeeebbbbeeeehheeelaaauubeeebbbbeeeehhhhggggggbeeehhhhhhlaaauuuubeeebeeebbbbee
bird_1_290517_102709.1074.cbin,qqqqqqqqaaaaaaauuuuggggggbeeehhhhhllaaauuuubeeebbbbeeeehheee
bird_1_290517_102720.1075.cbin,qqqqqqqaaaaaaauuuuuuuuggggggggbeeeehhhhhhlaaauubeeeehhhhlaaauuuuuuubeeebbbbeeeelaaauuuuuhhhheebbbbeeeeeeehheeelaaaaauuuuubbbbeeeeee
bird_1_290517_105317.1438.cbin,qqqqqqqqqqqaaaaaaauuuuuuuuuahhhhlaaauuubeeebbbbeeeeeeehheeelaaauuubeeebbbbeeeeeehheeeelaaauuuubeeebbbbeeeehhhhhlaaauuuubeeebeeehhhhhhheebeee
bird_1_290517_105359.1446.cbin,qqqqqqqqqqaaaaaauuuuuuuggggggggbeeehhhhhlaaauuuubeeebbbbeeeeeehheeeagggggbeeehhhhhhbbeeehheeelaaauuubeeebbbbeeeeehheeelaaauuuuhhhhhlaaauuua
bird_1_290517_110255.1579.cbin,qqqqqqqqqqqqqqaaaaaauuuuuuuuuuggggggbeeeeehhhhhhhlaaauubeeebbbbeeeeeelaaauuuubeeehhhhlaaauuubeeehhhebbbbeeeelaaauuuubeeebeeehhhhebbbbeee
bird_1_290517_111330.1736.cbin,qqqqqqqqqaaaaaauuuuuuuuugggggggbeeeaaaaauuuuubeeebbbbeeeeehheeelaaauuuuhbeeehhhhhhebeeebbbbeeeeee
bird_1_290517_111405.1746.cbin,qqqqqqqaaaaaaaauuuuugggggggbee
bird_1_290517_111410.1747.cbin,qqqqqaaaaaauuubeeeelaaauuubeeebbbbeeeeeeehheeelaaauuuubbeeehhhhhlaaauuubbeeebbbbeeee
bird_1_290517_111441.1756.cbin,qqqqqqqqaaaaaaauuuuuuuggggggggbeeeehhhhhhlaaauuubeeebbbbbeeebbbbeeeee
bird_1_290517_111721.1804.cbin,qqqqqqaaaaaaauuuuuuuuuuugggggggbeeebbbbeeeeeeehhhlaaauuubeee
bird_1_290517_111730.1805.cbin,qqqqqaaaaauuuuuugggggggbeeehhhhhhlaaauuubeeebbbbeeeehheeelaaauubeeebbbbeeelaaauuuubeeehhhhhlaaauuuuubeeehhhhebbeeelaaauuuuuhheeeee
bird_1_290517_111809.1815.cbin,qqqqqqaaaaaaauuuuuuuuubbeeehhhhhhlaaauuubeeebbbbeeeeeeehlaaauuuubeeehhhhhhhlaaauuuuubeeebbbbeeeeeeehheeelaaauuuuubeeehhhhheebbbbeeee
bird_1_290517_112202.1865.cbin,qqqqqqqqqqqqaaaaauuuuuuuuuuuugggggggbeeeehhhhhhhlaaauuubbbbeeeeeel
bird_1_290517_112214.1866.cbin,qqqqqqqaaaaaaauuuuuuuggggggggbeeaaaaauuuuubeeebbbbeeeeeehheeelaaauuuubeeebbbbeeeeeehheeelaaauuubeeehhhhlaaauuuuubeeebbbbeeeeelaaauuubeeehhhhhebeeebbbbeeeeeee
bird_1_290517_112300.1873.cbin,qqqqqqqqqqaaaaaaauuuuuuuuuggggggbbeeeeehhhhhlaauuuubeeebbbbeeeehheeelaaauuuuubeeebbbbeeeeehheeeelaaauuuubeeebbbbeeeehhhhebeeebbbbeeeeeelaaauuuubeeebbbbeeeeee
bird_1_290517_114709.2209.cbin,qqqqqqqaaaaaauuuuugggggggbeeeehhhhhhlagggggbeeebbbbeeeeeeehheeelaaauuubeeebbbbeeeeelaaauuuuubeeehhhhlaaauuubeeebbbbeeeeelaaauuuubeeebbbbeeeeee
bird_1_290517_114812.2219.cbin,qqqqqqqqqqaaaaaaauuuuugggggggbeeehhhhhlaaauuubeeebbbbeeeeeeehheeeeelaaauuuuubeeehhhhlaaauuuuubeeehhhhlaaauuubbeeebeeebbbbeeee
bird_1_290517_114912.2232.cbin,qqqqqqqqaaaaaauuuuuugggggggbeeehhhhhlaaauuuubeeebbbbeeeehheeelaaauuuhhheebeeebbbbeeeehhhhheebbbbeeeeehheeebbbbeeeeehhhggggbeeebbbbeeehheeelaaauuuuubbeeebbbbeeeeee
bird_1_290517_122008.2634.cbin,qqqqqqqqqqqqqqaaaaaauuuuuuuuggggggggbeeeehhhhhhlaaauuubeeehhhhhhlaaauuuubeeehhhhebeeelaaauuuu
bird_1_290517_122240.2663.cbin,qqqqqqqqqqaaaauuuuuuuggggggggbeeeeehhhhhlaaauuuubeee
bird_1_290517_122249.2664.cbin,qqqqqqaaaaauuuubeeehhhhhhlaaauuubeeebbbbeeeeeaheeelaaauuubeeehhhhhlaaauuuubeeehhhhebeeebbbbeeeeeelaaauuuubeeeebbbbeeeeehheeelaaauuuuubeeeeeeeeelaaauuubee
bird_1_290517_122311.2667.cbin,qqqqqqqqqqqaaaaaaauuuuuuggggggggbeeehhhhhlaaauuubeeebbbbeeeeehheeelaaauuuuuubeeebbbbeeeeehheeelaaauuuuubeeehhhhheebbbbeee
bird_1_290517_122348.2674.cbin,qqqqqqqqqqqlqqqqaaaaaauuuuuuuagggggggbeeeehhhhhlaaauuuuubeeebbbbeeeeeeelaaauuuhheeebbbbeeeeehheeelaaauuuuubeeebbbbeeebbbbbeeeeee
bird_1_290517_125214.3065.cbin,qqqqqqqqqaaaaaauuuugggggggbeeeeebeeehhhhhhhhlaaaauuubeeebbbbeeee
bird_1_290517_125239.3069.cbin,qqqqqqqqqqaaaaauuuggggggggbeeelaaauuuubbbbeeeeeehheeelaaauuubeeebbbbeeeehhhhhhheeeelaaauuubeeebbbbeeehheeehhhhlaauuuubeeebbbbeeeee
bird_1_290517_132147.3443.cbin,qqqqqqqaaaaauuuuuuuuuuggggggggbeeeeeeehhhhhhlaaauuubeeebeeebbbbeeeeeehhhhhhhhhlaaauuubeeehhhhhhlaaauuuubeeebbbbeeeelaaauuuuuhheeelaaauuua
bird_1_290517_132215.3445.cbin,qqqqqqqqqaaaaaauuuuuuuuggggggggbeeehhhhhlaaauubeeebbbbeeeeeeeaheeelaaauuuubeeehhhhlaaauuu
bird_1_290517_134015.3718.cbin,qqqqqqqqqaaaaauuuuuuuugggggggbeeeehhhhhhlaaauuuubeeebbbbeeeeeehheeeelaaauuubeeehhhhhhebeeebeeelaaauuubeeebbbbeeeehhhhbeeelaaauuubeeebbbbeeeeaaaauuuubeeehhhhhhhlaaauuuubeee
bird_1_290517_134050.3724.cbin,qqqqqqqqqqaaaaauuuuuuggggggggbeeeehhhhhhlaaauuubeeebbbbeeeeeeehheelaaauuuubeeehhhhhhhebeeelaaauuubeeebbbbeeeeebbbbeeeeeeelaaauuuuuubeeehhhhhhhhebeeebbbbeeeeehheeelaaauuuuhhhhebbbbeeee
bird_1_290517_134133.3732.cbin,qqqqqqqqqqaaaaaaauuuuuuggggggbeeeehhhhhlaaauuubeeebbbbeeeeeehheeelaaauuuuubeeehhhhhhhlaaauuuubeeebbbbeeeeehheelaaauuubeeebbbbeeehhhhhebeeebbbbeeeee
bird_1_290517_143503.4476.cbin,aaaaaaauuubeeebbbbeeeeehhhhhhhlaaauuubeeebbbbeeeeeeaheeelaaauuubeeehhhhhlaaauuubeeebbbbeeeeeehhhhhagggggbeeelaaauuubeeebbbbeeeee
bird_1_290517_143531.4481.cbin,qqqqqqqaaaaaauuuuuuuggggggggbeeebbbbeeehheeelaaauuubeeebbbbeeeehhhebbbbeeehheeehhhhlaaauubeeebbbbeeeeelaauuuubeeehhhhhlaaauuuubeeehhhhhlaaauuuuuhheeebbbbeeeee
bird_1_290517_143623.4493.cbin,qqqqqqqqqqaaaaaauuuuuuugggggggbeeehhhhhlaaauuubeeebbbbeeeeehheeelaaauuubbeeebbbbeeelaaauubeeebbbbeeeee
bird_1_290517_144813.4662.cbin,qqqqqqqqaaaaauuuuuuuuuggggggggbeeeelaaauuubeeebbbbeeeeehhhhhhaaaauuuubeeehhhhhhhhbbbbeeeelaaauuuuubeeebbbbeeeeehheeelaaauuubeeebbbbeee
bird_1_290517_144901.4674.cbin,qqqqqqqqqqaaaaaauuuuuuugggggggbbebbbbeeeeeeehheeeeelaaauuubeeebbbbeeeeehhhhhlaaauuuuubeeehhhhhhhebeeelaaauuubeeebbbbeeee
bird_1_290517_144935.4680.cbin,qqqqqqqqqqaaaaaauuuuggggggggggbeeehhhhhlaaauuubeeebbbbeeeeeehheeelaaauuuubeeehhhheebeeehhhhhhelaaauuuubeeebbbbeeeehheeelaaauuuuuubeeebbbbeeehhhhhelaaauuuubeeebbbbeeeelaaaauuuua
bird_1_290517_145735.4791.cbin,qqqqqqqqqaaaaauuuuuugggggggbeeeehhhhhhaaauuuubeeebbbbeeeeeeehheeeelaaauuubeeehhhhhebeeelaaauuuubeeebbbbeeeehhhhhhlaaauuuubeeeeebbbbeeeeelaaauuuubeeebbbbeeeehhhhhheeaaa
bird_1_290517_145820.4798.cbin,qqqqqqqqqqqaaaaaauuuuuuuuugggggggbeeelaaauuubeeebbbbeeeeeeehheeeelaaauuubebeeehhhhhhlaaauuuubeeebbbbeeeehheeeeelaaauuuuuubeeehhhhebeeehhhhhlaaauuuuhheeelaaauuuubeeebbbbeee
bird_1_290517_145935.4819.cbin,qqqqqqqqaaaaaaaauuuuuugggggggbeeeeeehhhheebeeebbbbeeeehheeebbbbeeeehhhhhelaaauuubeeeeebbbbeeehhhhhlaaauuuuuahheeeelaaauuuubeeebbbbeeee
bird_1_290517_153406.5308.cbin,bbbbeeeeeeeeaaaauuubeeehhhhhhhebeeelaaauuuubeeehhhhhlaaauuuubeeehhhhhhlaaauuubeeehhhhhhebbbbeeeee
bird_1_290517_153429.5311.cbin,qqqqqqqaaaaauuuuuuugggggggggbeeeehhhhhheeeelaaauuuubeee
bird_1_290517_153437.5312.cbin,qqqqqqaaaaaauuuuuugggggggbeeehhhhhhhlaaauuuubeeebbbbeeeee
bird_1_290517_153457.5317.cbin,qqqqqqaaaaaaauuuuugggggggbeeehhhhhhhlaaauubeeeebbbbeeeeeeehheeelaaauuuuubeeebbbbeeeeeehheeeeelaauuuubeeebbbbeeeeee
bird_1_290517_154136.5427.cbin,qqqqqqqqqaaaaauuuuuuuuagggggggbeeeehhhhhlaaauuubeeebbbbeeeeeehheeeelaaauuubeeebbbbeeeela
bird_1_290517_154212.5440.cbin,qqqqqqqqqqqaaaaaauuuuuuugggggggggggbeeeehhhhhhhlaaauuuuubeeebbbbeeeehheeelaaauuubeeehhhheebeeebbbbeeeeelaaauuubeeeebbbbeeeee
bird_1_290517_154736.5526.cbin,qqqqqqqqaaaaauuuuuuuggggggggbeeelaaaauubeeebbbbeeeeehhhhlaaauuuuuubeeehhhheebeeehhhhhhlaaauuubbbbeeeelaaauuubeeehhhhhhlaaauuuubeeelaaauuubeeebbbbeeeehhhhhhelaaauuueeeehhhhebbbbbeee
bird_1_290517_160811.5786.cbin,qqqqqqqqqqqqqqqqqqqqqaaaaaaaauuuuugggggggbeeeeeehhhhhlaaauuubeeebbbbeeeeehheeeelaagggggbeeebbbbeeeeebeeehhhebbbbeeee
bird_1_290517_161041.5828.cbin,qqqqqqqqqaaaaauuuuuuuuggggggggbeeehhhhhlaaauuubbeeehhhhhlaaauuubeeebbbbeeeehheeelaaauuubeeebbbbeeehhhhhlaaauuuubeeehhhhhhlaaauuubeeebbbbeeeelaaauuuubeeebbbbeeeee
bird_1_290517_161128.5834.cbin,qqqqqqqqqqaaaaauuuuuuggggggggbeeehhhhhhlaaauuubeeebbbbeeeeeeehheeelaaauuuubeeehhhhhagggggbeeebbbbeeeelaaauuuuhheeelaaauuubeeebbbbeeeee
bird_1_290517_161227.5849.cbin,qqqqqqqqqqqaaaaauuuuuuggggggggbeeeehhhhhlaaauuubeeebbbbeeeeeehbeeeebbbbeeeeehheeelaaauuubeeehhhhhaggggbeeebbbbeeeeelaaauuuubeeehhhhhebbbbeeebbbbeeeeeelaaauuhheeelaaauuubeee
bird_1_290517_163856.6209.cbin,qqqqqqqqaaaaaauuuuuuuuuggggggggbeeehhhhhhhlaaauubeeebbbbeeeeehhhhhhhlaauuuubeeehhhhhhlaaauuubeeebbbbeeeeelaaauuubeeebbbbeeeee
bird_1_290517_163932.6215.cbin,qqqqqqqaaaaauuuuuuuugggggggggbeeehhhhlaaauuuuubeeeaaaa
bird_1_290517_164001.6223.cbin,qqqqqqqqaaaaaaauuuuuuugggggggbeeeehhhhhlaauuuubeeebbbbeeeeeehheeelaaauuuubeeehhhhhebeeebbbbeeeeehheeelaaauuuubeeebbbbeeeeehhhhhlaaauuubeeebbbbeeeeaaaauuuuubeeehhhhhebeeeelaaauuuuhhhhebbbbeeee
bird_1_290517_164127.6242.cbin,qqqqqqqqqqqaaaaaauuuuuuuuggggggggggggbeeeehhhhlaaauuubeeebbbbeeeeeehheeebbbbeeehheeeelaaauuubeeehhhhlaaauuuuubeeebbbbeeelaaauuuuuuhhhhhhhlaaauuuubeeebbbbeeee
bird_1_290517_164223.6257.cbin,qqqqqqqqqaaaaaauuuuuuuuuggggggggbeeeeehhhhhhlaaauuubeeebbbbeeeeehheeeelaaauuubeeebbbbeeeeeeehhh
bird_1_290517_173633.7007.cbin,qqqqqqqaaaauuuuuuuugggggggggbeeeeehhhhhhhlaaauuubeeebbbbeeeeeehheeelaaauuuubeeebbbbeeeeeelaaauuuubeeehhhhhlaaauuubeeehhhhhlaaauuubeeehhhhhhlaaauube
bird_1_290517_173702.7013.cbin,qqqqqqqaaaaaauuuuuuuggggggggbeeehhhhheebbbbeeeeehheeelaaauubeeebbbbeeeeeeehheeeelaaauuuubeeebbbbeeeeelaaauuuubeeehhhhhhebeeebbbbee
bird_1_290517_173732.7019.cbin,qqqqqqqqqqaaaaaauuuuuuugggggggbeeeelaaauuuuubeeebbbbeeeehheeebbbbeeeehheeelaaauuuubeeebbbbeeeeehhhhhhlaaauuubeeebbbbeeeeee
bird_1_290517_173822.7031.cbin,qqqqqqqqqaaaaaauuuuuuuuugggggggggbeeeehhhhhlaaauuuubeeebbbbeeeeeeehheeeelaaauuubeeehhhhhhhlaaauuuubeeebbbbeeeeeehheeeelaaauuuuuubeeebbbbeeee
bird_1_290517_173849.7036.cbin,qqqqqqqqqaaaaaauuuuuugggggggggbeeehhhhlaaauuuubeeebbbbeeeeeehheeeeeehhhhhhhlaaauuuuubeeebbbbeeeeehheeeelaaauuuuhhhhhbeeebbbbeeeeel
bird_1_290517_180149.7325.cbin,qqqqqqqqqqqaaaaaaaauuuuuuuuuggggggggbea
bird_1_290517_180154.7326.cbin,qqqqaaaauuubeeehhhhhhhhlaaauuubeeebbbbeeeeeeeehhelaaauuubeeehhhhhebeeelaaauuubeeehhhhhlaauuuubeeehhhhheebbbbeeeee
bird_1_290517_180219.7331.cbin,qqqqqqqqaaaaauuuuuuuuggggggggbeeeeeehhhhlaaauuuubeeebbbbeeeeeehheeelaaauuuubeeehhhhhhebeeebbbbeeeehheeelaaauuubeeebbbbeeeehhheebbbbeeeeeelaaauuuuuhheeeebbbbeeeeee
bird_1_290517_180305.7340.cbin,qqqqqqqqqqqaaaaaauuuuuugggggggggbeeeeehhhhlaaauuuubeeebbbbeeeeeeehheeelaaauuuubeeebbbbeeeeehhhhlaauuuubeeebbbbeeeeeehheeelaaauuubeeehhhhebbbbeeee
bird_1_290517_180411.7348.cbin,qqqqqqqqqqqqqqqaaaaaauuuuuuuuugggggggggbeeehhhhhhlaaauulbeeebbbbeeeeehheeeeelaaauuuuubeeebbbbeeeehhheebeeebbbbeeeelaaauuuubeeehhhhhlaaauuuuubeeebbbbeeee
bird_1_290517_180529.7363.cbin,qqqqqqqqqqaaaaaauuuuuuuuuuggggggggbeeehhhhhhhhlaaauuubeeebbbbeeeeeehhhhhebeeebbbbeeelaaauuuubeeeebbbbeeeeeehhhhhhhebeeebbbbeeeeeelaaauuubeeehhhhebeeelaaauuuubeeebbbbeeee
bird_1_290517_180711.7381.cbin,qqqqqqqqqqqqqqaaaaaauuuuuuuuuuuggggggbeeeeehhhhhhhhbeeebbbbeeeeeeehheeelaaauubeeebbbbeeeeeeehheeeelaaauuuubeeebbbbeeeeelaaauuuuubeeehhhhebeeebbbbeeeeee
bird_1_290517_181612.7511.cbin,qqqqqqqqqqqqaaaaaauuuuuuugggggggggbeeeeeehhhhhheeeaaubeeeeehheeeeelaaauuubeeehhhhhlaauuuubeeebbbbeeeelaaauuuubeeebbbbeeeeee
bird_1_290517_181644.7515.cbin,qqqqqqqqqqaaaaauuuuuuuggggggggbeeeehhhhhlaaauuuubeeebbbbeeeeeehheeelaaauuuubeeebbbbeeeelaaauuuuubeeehhhhhhebbbbeeeeehheeeeelaaauuuuuuahhhhhlaaauuuuubeeebbbbeeeeehhhhhebbbbeeeehheeee
bird_1_290517_181732.7521.cbin,qqqqqqqqqqqqaaaaaaauuuuuugggggggbeeeeeeehhhhhhlaaauuuuubeeebbbbeeeeeehheeeeelaaauuuuuubeeehhhhhlaaauuuubeeebbbbeeehheeeeagggggbeeeehhhhhlaaauuuuuubeeeeeebbbbeelaaaaauuuuua
bird_1_290517_182751.7671.cbin,qqqqqqqqqaaaaauuuuuuuuugggggggggbeeeebbbbeeeeeeehheeelaaauubeeehhhhhhlaaauuuuuubeeehhhhhhggggggbeeebbbbeeeelaaauuuuubeeebbbbeeeeehheeelaaauuuuaaaauuuuubeeebbbbeeeehheeeelaaauuuuhhhhhlaauuuuubeeebbbbeeeeehheeeebbbbeeelaaauuuuubeeeebbbbeee
bird_1_290517_182834.7678.cbin,qqqqqqqqqqqaaaaaauuuuuuuggggggggbeeehhhhhlaaauubeeebbbbeeeehheeelaaauuuuubeeebbbbeeeelaauuuuubbeeebbbbeeeeehhhhhlaauuuuuubeeebbbbeeeeee
bird_1_290517_182914.7685.cbin,qqqqqqqqqqqqqqqqqqqqqqqqqqqqqqaaaaaauuuuuuuugggggggggbeeeeehhhhhlaaauuubeeebbbbeeeeeehheeeeelaaauuuubeeehhhhhhlaaauuuuubeeehhhhhebeeelaaauuuuubeeebbbbeeeeehhhhhheelaaauuuubeeebbbbeeeee
bird_1_290517_182959.7691.cbin,qqqqqqqqqqqqqaaaaaauuuuuuugggggggggbeeeeehhhhhlaaauuuuuuuubeeebbbbeeeeeeeehheeelaaauuuubeeebbbbeeehhhhhhlaaauuuuuubeeelbbbbeeeelaaauuuuuuuuhhhhhlaaauuuubeeehhhhlaaauuuuuuhhhebbbeeeeehheeebbbbeeeee
bird_1_290517_183049.7698.cbin,qqqqqqqqqqqqqqqaaaaauuuugggggggggbeeehhhhhhebbbbeeeeeeeelaaauuuubbeeehhhhebbbbeeeeeeehheeeebbbbeeeeelaaauuuuuuhhheeeebeeelaaauuuuuhhhhlaaauuuuubeeebbbbeee
bird_1_290517_185713.8048.cbin,qqqqqqqqqaaaaauuuuuuuuugggggggbeeeelaaauuubeeebbbbeeeeeehheeeaaauuubeeebbbbeeeeehhhhhhlaaauuuubeeebbbeeeehheeelaaauuuubeeehhhhheelaaauubeeehhhhhlaaauuuubeeebbbbeeeelaaauuuuu
bird_1_290517_185802.8057.cbin,qqqqqqqqqqqqaaaaaauuuuuuuuggggggggbeeehhhhhheebbbbeeeeeehheeeeelaaauuubeeebbbbeeeeeeelaaauuuuubeeebbbbeeehhhhhhhhlaaauuuuuuubeeebbbbeeeeee
bird_1_290517_185902.8071.cbin,qqqqqqqqqqqaaaaaauuuuuuuuuggggggggggggbeeeeeehhhhhhlaaauuuubeeebbbbeeeeeehheeelaaauuubeeehhhhhhhlaaauuuubeeebbbbeeebbbbeeeeelaaauuuuhhhhhlaaauuuuuhheeeee
bird_1_290517_192038.8361.cbin,qqqqqqqqqaaaaauuuuuuuaugggggggbeeehhhhhhlaaauubeeebbbbeeeeeeehheeelaaauuuubeeehhhhhebbbbeeeeelaaauuubeeehhhhhhlaaauuubeeehhhhhebbbbeeeee
bird_1_290517_193741.8616.cbin,qqqqqqqqaaaaauuuuuuuugggggggbeeehhhhhhlaaauuuubeeebbbbeeeeeeehheggggggbeeehhhhhlaaauuuubeeehhhhhhlaaauuubeeehhhhebeeebbbbeeeelaaauuuuubeeebbbbeeeehhhhhheebbbbeeee
bird_1_290517_193810.8622.cbin,qqqqqqqqqaaaaaaauuuuuuuugggggggggbeeeeehhhhhhlaaauubeeebbbbeeeeeeehheeelaaauuuubbeeebbbbeeeeeehheeelaaauuuuuhhhhhhhebeeelaaauuubeeebbbbeeelaaauuuuuhhhhhhebeeebbbbeeeee
bird_1_290517_193854.8627.cbin,qqqqqqqqqqqaaaaaaauuuuuuuuugggggggbeeeeeehhhhhhlaaauuubeeebbbbeeeeelaaauulbeeebbbbeeeeehheeeeelaaauuuuubeeebbbbeeeeelaaauuuuhhhhhlaaauuuuuu
bird_1_290517_201602.9185.cbin,qqqqqqqqqqqqqqqqaaaaauuuuuuuuuuuggggggggbeeeeeeeehhhhhlaaauuubeeebbbbeeeeeeeeehheeelaaauuuubeeehhhhhhhl
bird_1_290517_201738.9214.cbin,qqqqqqqqqqqqqqqaaaaaauuuuuuuu
bird_1_300517_081134.17313.cbin,qqqqqqaaaaaauuuuuuugggggggggbeeeeeeehhhhhhhebeeebbbbeeeeeehheeelaaauuubeeehhhhhhlaaauuubeeebbbbeeeehheeelaaggggbeeehhhhhe
bird_1_300517_081737.17417.cbin,qqqqqqqqqqaaaaauuuuuuuuuugggggggggbeeeeehhhhlaaauuubeeebbbbeeeehheeelaaauuuubeeehhhhhhlaaauuuuubeeehhhhhhebbbbeeeeee
bird_1_300517_082021.17462.cbin,qqqqqqqaaaaauuuuuuuuugggggggggbeeeeehhhhhhheebbbbeeeeeeehheeelaaauuubeeebbbbeeeelaaauuuubeeehhhhhlaauuuubeeebbbbeeeeeaaaauuuuubeeehhheebeeebbbbeeee
bird_1_300517_082105.17467.cbin,qqqqqqqqaaaaauuuuuugggggggggbeeeeehhhhlaaauuuubeeebbbbeeeehheeeelaaauuuubeeebbbbeeehhhheebbbbeeeehheeeelaaauuuuubeeebbbbeeeeelaaauuuuubeeebeeehhhhhebeeehhhhebbbbeeee
bird_1_300517_082252.17489.cbin,qqqqqqqqqqaaaaaauuuuuuuuugggggggggbeeehhhhhlaaauuuuubeeehhhgaauuuubeeehhhhhhgggggggbeeebbbbeeeeelaauuuubeeebbbbeeeeehheebeeebbbbeeeeeelaaauuubeeelbeeehhhhllaggggggggbeeeelhhhhhaggggggbeeebbbbeeee
bird_1_300517_082512.17523.cbin,lqqqqqqqqqqqaaaaaauuuuuuuuuuggggggggbeeeaaaauuubeeehhhhhhlaaauuuubeeebbbbeeeehheebbbbeeeeeehhhhhlaaauuuuubeeebbbbeeeee
bird_1_300517_084350.17802.cbin,qqqqqqqqaaaaaauuuuuuuu
bird_1_300517_084359.17806.cbin,qqqqqqqqqaaaaaauuuuuuuugggggggggbeeeeehhhhhhhlaaauubeeebbbbeeeeeeehheee
bird_1_300517_084629.17845.cbin,qqqqqqaaaaauuuuuuuuuggggggggggbeeeehhhhhhlaaauuubeeebbbbeeeeehheeelaaauuuubeeehhhhhhhhlaaauuuubeeebbbbeeeehhhheelaaauuuubeeehhhhebbbbeeeeehheeeelaaauuuubbeeehhhhhhebeeebbbbeeeee
bird_1_300517_084728.17852.cbin,qqqqqqqaaaaauuuuuuuuugggggggggbeeebbbbeeeeehheeelaaauuuubeeebbbbeeeeee
bird_1_300517_085042.17895.cbin,qqqqqqqaaaaaauuuuuuuuugggggggggbeeehhhhhhhlaaauuuuubbeeebbbbeeeeeehheeelgggggggbeeehhhhhebeeehhhhhhhebbbbeeeeeelaaauubeeebbbbeeeee
bird_1_300517_085220.17926.cbin,qqqqqqqqqqqqqqqqqqaaaaaaaauuuuuuggggggggbeeeehhhhhlaaauuuqqqqqqaaaaauuuuubeeehhhhebeeebbbbeeeeehbbbbeeeehheeelaaauuubeeehhheaaaueeeeeebeeeaaubeeeehhhhhlaaauuuubeeeeeebbbbeeee
bird_1_300517_085311.17936.cbin,qqqqqqaaaaaauuuuuuuuugggggggggbeeehhhhhhebeeeebbbbeeeeeeehheeelaaauuuubeeebbbbeeehheeebbbbeeeelaaauuuubeeehhhebbbbeeee
bird_1_300517_085427.17951.cbin,qqqqqqqqqqqqqqqqaaaaaaaauuuuuuuuuuuggggggggbeeehhhhhebbbbeeeeeehhhhhlaaauuuuubeeehhhhhelaaauuuubeeehhheebeeebbbbeeeeelaaauuubeeeeaaaaaggggggbeeebbbbeeee
bird_1_300517_092917.18433.cbin,qqqqqqqqqqaaaaaauuuuuuuggggggggbeeeeeehhhhhhlaaauuuubeeebbbbeeeeeehheeelaaauubeee
bird_1_300517_092935.18436.cbin,qqqqqqaaaaaauuuuuugggggaggbeeehhhhhlaaauuuu
bird_1_300517_093822.18535.cbin,qqqqqqqaaaaauuuuuuubeeebbbbeeeeeehheeeeelaaauuuaaauuuuahhhhebeeeaaaueeeelaaauuuubeeehhhheebbbbeeeeelaaauuuuhhhhhhebeeebbbbeeeeehheeelaaauuuuubeeeebbbbeeee
bird_1_300517_093854.18539.cbin,qqqqqqqqqaaaaaauuuuuugggggggbeeehhhhhhlaaauuuubeeebbbbeeelaaauqqqqqqqqaaaaauuuubeeebbbbeeeeehheeelaaauuuuubeeehhhhhhebeeebbbbeeeeehheeeehhhhebeeebbbbeeee
bird_1_300517_093931.18546.cbin,qqqqqqqqaaaaaauuuuuggggggggbeeeehhhhhlaaauuuubeeeaubbeeeeehheeelaaauuuubeeeeeeebbbbeeeehheeebeeebbbbeeeelaaauuubbeeebbbbeeeeee
bird_1_300517_093959.18550.cbin,qqqqqqqqqqaaaauuuuuuugggggggbeeehhhhhhlaaauuubeeebbbbeeeehheeeaagggggbeeebbbbeeelaaauuubeeebbbbeeeehhhhlaaauuuuubeeebeeehhhhebbbbeeee
bird_1_300517_094047.18558.cbin,qqqqqqqqqaaaaaauuuuuuuaggggggggbeeeeeeehhhhhagggggggbeeebbbbeeeeeeehheeeebbbbeeeehheeeelaaauuuuubeeehhhhebbbbeeeehhhhhlau
bird_1_300517_094911.18653.cbin,qqqqqqqaaaaauuuuuuuuggggggggbeeeehhhhhlaaauuubeeebbbbeeeeehheeeelaaauuuuubeeebbbbeeeeeelaaauuuubeeehhhhbbeeebbbbeeeee
bird_1_300517_095515.18716.cbin,qqqqqqqaaaaauuuuuuuuggggggggbeeeeehhhhhhhlaaauuubeeebbbbeeeeelaaauuuuhheeelaaauuubeeebbbbeeeeeehhhhhlaauuuubeeehhhhebeeelaaauuuuu
bird_1_300517_095535.18718.cbin,qqqqqqqaaaaaauuuugggggggbeeeeahhhhhbeeeaaubeeeeeehheeelaaauuuubeeehhhhhlaaauuuuubeeehhhhhhebbbbeeeeelaaauuubbeeehhhhhhebeeebbbbeeeelaaauuuhhhhhhebbbbeeeee
bird_1_300517_095607.18722.cbin,qqqqqqqqqaaaaaauuuuuuugggggggggbeeehhhhhhlaaauuuubeeebbbbeeeeehheeeelaaauuuubeeehheebbbbeeeelaauuuubeeebbbbeeee
bird_1_300517_095636.18726.cbin,qqqqqqqqaaaaaauuuuuuaggggggbeeeeeehhhhhlaaauuubeeebbbbeeeeehheeeelaaauuubeeehhhhhheebeeehheeeelaaaauuubeeebbbbeeeee
bird_1_300517_100445.18837.cbin,qqqqqqqaaaaauuuuuuuuaggggggbeeeehhhhhhlaaauuubeeebbbbeeeeehheeelaaauuuubeeebbbbeeeel
bird_1_300517_100628.18858.cbin,qqqqqqqqaaaaaauuuuuuuggggggggbeeeeebbbbeehhhhhhhlaaauuubeeeaaauuubeeebbbbeeeeeehhhhlaaauuubeeebbbbeeeeelaaauuuubeeeehhhhhlaaauuuubeeebbbbeeee
bird_1_300517_100648.18860.cbin,qqqqqqqaaaaauuuuugggggggggbeeehhhhhhebeeehhhhhebbbbeeeeeehheeeehhhlaaauuubeeebbbbeeeeelaaaauuuuubbeeehhhhhhhlaaauuuubeeebbbbeeeee
bird_1_300517_100720.18865.cbin,qqqqqqqqqqqqaaaaaauuuuuuuuugggggggbeeehhhhhlaaauuuubeeebbbbeeeeehheeebeeeelaaauuuuhhhhlaaauuuubeeebbbbeeeee
bird_1_300517_102702.19107.cbin,qqqqqaaaaauuuuuuuggggggggbeeeehhhhhhhbbeeebbbbeeeeeeaaauuuubeeebbbbeeeeeelaaauuubeeebeeehhhhhaaggggbeeebbbbeeelaaauuuubeeebbbbbeeeeelaaauuubeeehhhheebeeelaaauuubeeebbbbeee
bird_1_300517_103343.19199.cbin,qqqqqqqaaaaauuuuuuuuggggggggbeeeeehhhhhlaaauuubeeebbbbeeeeeehheeelaaauuuuubeeebbbbeeeeeqqqqqqqqqqqaaaaaauuuubeeebbbbeeeeeehheeelaaauuubeeebbbbeeeeehhhhhlaaauuubeeelaaauuubeeebbbbeeeeaaaauuubbeeebbbbeeeee
bird_1_300517_103425.19205.cbin,qqqqqqqqaaaaaaauuuuuuuugggggggggbeeeehhhhhhhlaaauuuubeeebbbbeeeeeehheeeebbbbeeelaaauuuuubeeebeebeeehhhhhhhhheebbbbeeeeeelaauuuuubeeebeebbbbeeeeeehheeebbbbeeeeee
bird_1_300517_103506.19209.cbin,qqqqqqqqqqaaaaauuuuuuuuuggggggggbeeeeehhhhhhhhlaaauuubbeeebbbbeeeeehheeeehhhhebeeebbbbeeeeeeeeehheeelaaauuuubeeebbbbeeeee
bird_1_300517_103552.19212.cbin,qqqqqqqqqqqaaaaaauuuuuuggggggggbeeeeeehhhhhhlaaauuubeeehhhhebbbbeeeeeeehheeebbbbeeeehheeelaaauuuuubeeebbbbeeeee
bird_1_300517_105527.19426.cbin,qqqqqqqqqaaaaaauuuuuuuuugggggggbeeehhhhhlaaauubeeebbbbeeeeeeeehheeelaaauuubeeehhhhhebeeehhhhhlaaauuuubeeebbbbeeeeeelaaauuuu
bird_1_300517_110001.19499.cbin,qqqqqqaaaaauuuuuuuuuaggggggbeeehhhhhlaaauuubbeeebbbbeeeeeeehheeelaaauuubeeehhhhhheebeeelaaauuubeeehhhhebeeehhheeebbbbeeeeehheeelaaauuubeeebbbbeeeee
bird_1_300517_110122.19513.cbin,qqqqqqqqqqqqqaaaaaaauuuuuuuuggggggggbeeeehhhhhhlaaauubbeeehhhhebeeebbbbeeeeee
bird_1_300517_110352.19547.cbin,qqqqqqqqqaaaaauuuuuuuuuugggggggbeeeehhhhhhebeeelaaauubeeebbbbeeeeeeeeeehheeelaaauuuubeeehhhhhebeeehhhheggggggggbeeee
bird_1_300517_110410.19548.cbin,qqqqqqqaaaaauuuuuggggggggbeeehhhhhhhbeeebbbbeeeeeehheeeelaaauuuubeeebbbbeeelaaauuuuhhhheebeeebbbbeeeeeel
bird_1_300517_110434.19551.cbin,qqqqqqqqqqqaaaaaaauuuuuuuggggggggbeeehhhhhlaaauuubeeebbbbeeeeehheeelaaauuuubeeehhhhhebbbbeeeeee
bird_1_300517_112038.19717.cbin,qqqqqqqaaaaauuuuuuugggggggbeeeeeehhhhhhhlaaauuuubeeebbbbeeeeee
bird_1_300517_113244.19851.cbin,qqqqqqaaaauuuuuuuuuggggggggbeeeehhhhhhhlaaauuubeeebbbbeeeeehheeelaaauubeeebbbbeeeehheeelaaauuubeeehhhhhebeeebbbbeeeehhhhhhlaaauuubeeebbbbeeeehhhhhhebeeelaaauuuubeeehhhhhlaaauuuubeeehhhhhebbbbeeeee
bird_1_300517_113625.19908.cbin,qqqqqqqaaaaauuuuuuuuuggggggggbeeehhhhhebeeebbbbeeeeeeehheeeelaaauuubeeebbbbeeeeeeelaaauuuubeeebbbbeeeeeee
bird_1_300517_113643.19911.cbin,qqqqqqqqqaaaaaauuuugggggggbeeehhhhhaaaauuuuubeeehhhhebbbbeeeeeeehheebbbbeeeeeelaaauuubeeebbbbeeeeeehheeeelaaauuuuubeeehhhhhlaaauuuuubeeeehhhhhhgggggbeeeebbbbeeeeeel
bird_1_300517_113710.19914.cbin,qqqqqqqqaaaaaauuuuuggggggggggbeeelaaauuuubeeebbbbeeeeeehheeelaaauuuuubeeebbbbeelaaauuuubeeehhhhhggggggggbeeeebbbbeeeeeee
bird_1_300517_113753.19917.cbin,qqqqqqqqqqaaaaaaauuuuuuuuggggggaaaaaauuuuuuubeeeehhhhhhlaaauuuuuuubeeebbbbeeeeeeehheeelaaauuuuubeeebeeebbbbeeee
bird_1_300517_115310.20071.cbin,qqqqqqqqqaaaaauuuuuuuuuggggggggbeeeehhhhhhhlaaauuubeeebbbbeeeeeehheeelaaauuubeeebbbbeeeeeelaaauuubeeehhhhhhbbbbeeeeeelaaauuubeee
bird_1_300517_115334.20074.cbin,qqqqqqaaaaauuuuugggggggbeeeeehhhhhggggggbeeeehhhhhhebbbbeeeeeelaaauuubbeeebbbbeeeeeeehheeelaaauuubeeebbbbeeeehheeeelaaauuubeeebbbbeeeeee
bird_1_300517_115404.20078.cbin,qqqqqqqaaaaaaauuuuggggggggbeeeehhhlaaaaggggggbeeehhhhhhhlaaauuubeeebbbbeeeeeeeehheeelaaauuubeeehheeebeeehhhhebbbbeeeee
bird_1_300517_115723.20131.cbin,qqqqqqqqaaaaauuuuuuuugggggggggbeeeehhhhhlaaauuubeeebbbbeeeeeehheeelaaauuubeeebbbbeeeelaaauuubeeehhhhhhhebeeehhhhhebbbbeeeeee
bird_1_300517_115752.20134.cbin,qqqqqqaaaaaauuuuuuuuugggggggggbeeehhhhhlaaauuubeeebbbbeeeeeehheeelaaauuuuubbbbeeeee
bird_1_300517_121716.20368.cbin,qqqqqqqqqqqqqqqaaaaaauuuuuuugggggggggbeeeeebbbbeeeeehhhhhlaaauuubeeebbbbeeeeehhhhhlaaauuubeeeebbbbeeeeeehheeeelaaauuubeeebbeeehhhhhlaaauuuubeeebbbbeeeee
bird_1_300517_122539.20454.cbin,qqqqqqqqqqqqaaaaaaauuuuuuuuuaggggggbeeeehhhhhlaaauuuubeeeebbbbeeeeehhhhhhhlaaauuubeeehhhhhhlaaauuuubeeebbbbeeeeelaaauuuuhhhhheebeeebbbbeeeeelaaaauuuu
bird_1_300517_122651.20465.cbin,qqqqqqqqqqqaaaaauuuuuuuuuggggggggbeeeehaaaauuuubeeebbbbeeeeeeehheeelaaauuuubeeebbbbbeeeeeeelaauuuuuhhhhhlaaauuuubeeebbbbeeeeeehheeelaaauuuubbeeehhhhhebeeeaggggbeeebbbbeeeehhhhhhhlaaauuuuhhhhebeee
bird_1_300517_123918.20560.cbin,qqqqqqaaaauuuuuuuuggggggggbeeehhhhhhebeeelaaauuuhhhhhhhhlaaauuuuubeeebbbbeeeeeelaaauuube
bird_1_300517_123954.20566.cbin,qqqqqqqqaaaaauuuuuugggggggggggbeeehhhhhhlaaauuuuubeeelaaauuuubeeebbbbeeeeehheeelaaauuuubeeebbbbeeeeehheeelaaauuuuubeeehhhhhhhlaa
bird_1_300517_124028.20574.cbin,qqqqqaaaaaauuuuuuggggggggbeeehhhhhhhebbbbeeeeeeeehhee
bird_1_300517_124207.20596.cbin,qqqqqqqqqqqqqaaaauuuuuuuuuuggggggggbeeehhhhhhhlaaaggggggggbeeehhhhhhhhhlaaauuubeeebbbbeeeeeebbbbeeeeelaaauuuubeeelaaauuuuubeeehhhhhe
bird_1_300517_124237.20602.cbin,qqqqqqqqaaaaauuuuuuuuuuggggggggbeeeeeehhhhhlaaauuuuubeeebbbbeeeeeeelaaauuuuuuubeeehhhh
bird_1_300517_125709.20777.cbin,qqqqqqqqaaaauuuuuuugggggggggbeeeehhhhhhlaaauuubeeebbbbeeeeeeelaaauuubeeelaaauuuubeeebbbbeeeeeeehhhhhhlaauuuubeeehhhhhebeeebbbbeeeelaaauuubeeebbbbeeeehhhhe
bird_1_300517_125733.20780.cbin,qqqqqqqaaaaauuuuuuuugggggggggbeeee
bird_1_300517_125740.20782.cbin,qqqqqqqqqaaaaaauuuuuuggggggggbeeebbbbeeeeeehheeehhhhhhhlaaauubeeebbbbeeeeeeeelaaauuuuuubeeebbbbeeeaaaauuuubeeehhhhhhebeeehheeeelaaauuuuhhhhhhebeeebbbbeeeeeee
bird_1_300517_125819.20784.cbin,qqqqqqqqaaaaaauuuuuuuggggggggbeeehhhhhebbbbbeeeeeehheeelaaauuuubeeea
bird_1_300517_125903.20790.cbin,qqqqqqqqqqaaaaauuuuuuuuggggggggbeaaaaauuuuubeeelaaauuuuuhhhhhebbbbeeeeeeeehheeeelaaauuu
bird_1_300517_130021.20808.cbin,qqqqqqqqqqqaaaaaauuuuuuuuuaggggggggbeeeebbbbeeeeeeehheeelaaauuubeeeaaaueeeeeehhhheelaaauuubeeebbbbeeeeelaaauuubeeehhhhhlaaauuuubeeebbbbeee
bird_1_300517_130613.20868.cbin,qqqqqqqqaaaaauuuuuuuuggggggggbeeehhhhhlaaauuubeeebbbbeeeeeeeehheeebbbbeeeeeelaauubeeebbbbeeeelaaauuuubeeehhhhhhebeeebbbbeeeelaaauuubeeebbbbeeee
bird_1_300517_131912.21008.cbin,qqqqqqqqaaaauuuuuuuuugggggggggbeeehhhhhhlaaauuubee
bird_1_300517_131922.21009.cbin,qqqqqaaaauuuuuagggggggbeeebbbbeeeeehheeelaaauuuuubeeebbbbeeeeeehhhhhhheuuuuubeeebbbbeeeeee
bird_1_300517_132012.21022.cbin,qqqqqqqqqqqaaaaauuuuuuuuggggggggbeeehhhhhhlaaaauuubeeebbbbeeeeehheeelaaauuuuuuagggggggbeeelaaauuubeeehhhhhhebeeebbbbeeeelaaauuubeeebbbbeeeeehheeeeebbbbeeelaaauuuuhhhhhlaauuuhheeeebeeebbbbeeeelaaauuuuhhhhhhhhebeeebbbbeeeeee
bird_1_300517_132107.21029.cbin,qqqqqqqqqqqaaaaaauuuuuugggggggggbeeeehhhhhlaaauuuuubeeebbbbeeeeeeehheeelaaauuubbeeehhhhh
bird_1_300517_133740.21197.cbin,qqqqqqqqqqqaaaaauuuuuuuuugggggggggbeeeeeehhhhhlaaauuubeeebbbbeeeeeeehheeelaaauuuubeeebbbbeeeeehhhhlaaauuuubeeebbbbeeee
bird_1_300517_134038.21244.cbin,qqqqqqqqaaaaaauuuuuuuggggggggbeeehhhhhhlaaauuubeeebbbbeeeeeeeebbbbeeeeeehheeelaauuuubeeebbbbeeeeehheeelaaauuuubeeehhhhhelaaauuubeeebbbbeeeeaaaauuuubeeehhhhhheebeeeaaaaaaauuuhheeeebbbbeeeee
bird_1_300517_134152.21260.cbin,qqqqqqqqqqqqqqaaaaauuuuuugggggggbeeeelaaauuuhheeeebbbbeeeeehhhhebbbbeeeeeehheeelaaauuuubbeeeehhhhhhhlaaauuuubeeebbbbeeeeehheeelaaauuuuuhhhhaggggbeeebbbbeeeeeee
bird_1_300517_140836.21524.cbin,qqqqqqqqqqqqaaaauuuuuuuugggggggbeeeeebbbbeeeeeeehheeelaaauuuhhhhhebeeebbbbeeeeeelaaauuubeeebbbbeeeeee
bird_1_300517_140900.21526.cbin,qqqqqaaaaauuuuugggggggbeeehhhhhlaaauubeeebbbbeeeeeehheeelaaauuubeeehhhhhhlaaauuubeeebbbbeeelaaauuubeeebbbbeeeehhhhhhhlbeeebbbbeeeeehheeee
bird_1_300517_140929.21531.cbin,qqqqqqaaaaaaauuuuuuuggggggggbeeeehhhhhhhebbbbeeeeeehheeelaaauuubeeehhhhhlaagggggbbeeehhhhhlaauuuubeeebbbbeeeelaaauuuubeeebbbbeeeeeehheeelaaauuuubeeebeeehhhhhhlaggggggggbeeebbbbeeee
bird_1_300517_141024.21541.cbin,qqqqqqqqqaaaaaauuuuuuuaggggggggbeeeeehhhhhhlaaauubeeebbbbeeee
bird_1_300517_141139.21552.cbin,qqqqqqqqqaaaaauuuuuuuaggggggbeeelaaauuubeeebbbbeeeeeeeehheeeebbbbeeeeagggggbeeehhhhlaaauuubeeebbbbeeeeelaauuuuubeeehhhhhheaubbeeeehhhhhhhlaaauuuuuubeeehhhhelbbbbeeeehhhhhgggggbeee
bird_1_300517_144049.21815.cbin,qqqqqqaaaauuuuuuugggggggggbeeebbbbeeeeeeeehheeelaaauubeeebbbbeeeeeelhhhhhhhlaaauuuubeeelaaauuuubeeebbbbeeeeelaaauuuubeeehhhhhhhebbbbeeeehheeelaaauuulbeeehhhhhhlaaauuuuuhhhhhhhlaaauuuubeeebbbbeeeeee
bird_1_300517_144129.21822.cbin,qqqqqqqqaaaaaauuuuuuuugggggggbeeeeehhhhhhheeebbbbeeeeeehheeelaaauuubeeehhhhhhhbeeelaaauuubeeehhhheebeeeaaaaggggggbeeehhhhhlaaauuuubeeebbbbeeeeelaaauuuhhhhheebbbbeeeehheeeebbbbeeeee
bird_1_300517_144229.21832.cbin,qqqqqqqqaaaaauuuuuuuuaggggggggbeeeeehhhhhhlaaauuuubeeebbbbeeeeeeehheeelaaauuuuubeeehhhhhhlaaauuuuubeeebbbbeeehhheebbbbeeeee
bird_1_300517_144251.21834.cbin,qqqqqqqqqaaaaauuuuuggggggggbeeehhhhhhlaauuuubeeebbbbeeeeeeehheeelaaauuuubeeehhhhhhhhlaaauuuuuuubeeebbbbeeeeehheeelaaauuuuuhhhhhhhebbbbeeeehheeelaaauuuubeeebbbbeeeeeeeelaaauuuuuhhhhheebeeehheeee
bird_1_300517_144322.21836.cbin,qqqqqqqqqqqqqqqqqaaaaauuuuugggggggggggbeeeebbbbeeeeeehheeebbbbeeelaaauuuubbeeehhhhhhhhhlaaauuuuagggggggbeeebbbbeeeeehheeeebbbbeeeeelaaauuubeeehhhhhhebbbbeeeeelaaauuuuu
bird_1_300517_144402.21843.cbin,qqqqqqqqaaaaauuugggggggbeeeeehhhhhhhlaaauuuuuubeeeebbbbeeeeeeehheeelaaauuuuuubeeebbbbeeeeeelaauuubeeebbbbeeeehhhhhlaaauuuuubeeebeeeebbbbeeeeeelaaauuuuhhhhhhhhlbbbbeeeee
bird_1_300517_144556.21854.cbin,qqqqqqqqqqqaaaaaauuuuuuuuuggggggggbeeeeehhhhhhhhlaaauuuubeeebbbbeeeeehhhhhlaaauuubeeebbbbbeeeeehheebbbbeeeehhhhlaaauuuuuubbeeehhhhhelaaauuuubeeehhhhebbbeeeeelaaauuuubeeebbbbeeeeee
bird_1_300517_144650.21857.cbin,qqqqqqqqqqqqqqqqqqqaaaauuuuggggggggbeeehhhhhhhlaaauuuubeeeebbbbeeeeeehhhhlaaauuuubeeeebbbbeeeeehheeelaauubeeehhhhlaaauuuuhheeeebbbbeeeeehhhhhlbbbeeeebbbbeeeeelaaauubeeehhhebbbbeee
bird_1_300517_150255.22036.cbin,aaaaauuuuuuuuuuggggggggbeeehhhhhhhlaaauubeeebbbbeeeeeeehheeelaaauuuuubeeebbbbeeeeeeehheeelaaauuubeeehhhhheebeeebbbbeeeeehheeelaaauuuubeeebbbbeeeelaaaaaauuuubeeehhhhhlaaauuuubeeebbbbeeeehhhhhlaa
bird_1_300517_150343.22045.cbin,qqqqqqqqaaaaauuuuuggggggggbeeebbbbeeeeeeehheeelaaauuubeeebbbbeeeelaaauuuuuhhhhaaggggggbeeebbbbeeeeehhhhhlaaauuuuubeeehhhhhhebbbeeeelaaauuuhhhhgggggggbeeebbbbeeeeelaaauuuuhheeebbbeeeeehhhhhlaaauuuuuubeeehhhebbbbeeeee
bird_1_300517_150421.22047.cbin,qqqqqqqqqqqaaaaaaauuuuuuuaggggggbeeehhhhhlaaauuuubeeeebbbbeeeeeee
bird_1_300517_150429.22048.cbin,qqaaaaauuuubeeebbbbeeeeeehhaggggggggbeeebbbbeeeeeeeehheeelaaauuubeeebbbbeeeehhhhhebeeelaaauuuuubeeehhhhlaaauuuuuulllll
bird_1_300517_150455.22054.cbin,qqqqqqqqqqaaaaaauuuuuuuggggggggbeeeebbbbeeeeeehhhhhhlaaauu
bird_1_300517_150513.22057.cbin,qqqqqqaaaaaaauuuuuggggggggbeeeebeeelaaauuubbeeebbbbeeeeeeeehheeeeebbbbeeeeeehheeelaaauuuubeeehhhhhhlaaauuuuuubeeebbbbeeeeee
bird_1_300517_150622.22063.cbin,qqqqqqqqqqaaaaaauuuuuuuuuuuugggggggggbeeeehhhhhhlaaauuuubeeebbbbeeeeeehhhhhhlaaauuuubeeebbbbeeeeehheeebbbbeeeeehheeeelaaauuuuubeeehhheebbbbeeeee
bird_1_300517_150937.22092.cbin,qqqqqqqqqqqqqqqqqqaaaaaauuuuuuuuuuggggggggbeeeaaaauuuuubeeebbbbeeeeeeehheeebbbbebeehheeelaaauuuubeeeehhhhlaaauuuubeeebbbbeeeeehhhhhlaaauuuuubeeehhhhhebeeebbbbeeeeee
bird_1_300517_151017.22097.cbin,qqqqaaaaauuuuuuuagggggggggggbeeeehhhhhhlaaauuubeeebbbbeeeeeehheeeelagggggggggbeeebbbbeeeeeehhhhhlaaauuuubeeeaaauuuuuuuhhhhebbbbeeeelaaauubeeehhhhhebbbbeeeeeee
bird_1_300517_151057.22103.cbin,qqqqqqqqqqqqaaaaaaaaauuuuuuuuagggggggbeeeeeeehhhhhebbbbeeeeeeehheeelaaauuuubeeehhhhhaauuuubbbbeeeehheeebbbeeeebeeebbbbeeeelaaauuuuhhhhhebbbbeeeeee
bird_1_300517_151202.22111.cbin,qqqqqqqqqqqqqqqqaaaaauuuuuuuuggggggggeeeeelaaauuuuubeeebbbbeeeeeeehheeeehhhhhhhebbbbeeeelaaauuuubeeebbbbeeehhhhhhlaaauuuubeeebbbbeeeelaaauuubeeehhhhebbbbeeeee
bird_1_300517_152348.22272.cbin,qqqqqqqaaaaauuuuuuuagggggggbeeelaaauuuubeeebbbbeeeeeeelaaauuubeeebbbbeeeeeehhhhhhhhhhlaaauuuubeeehhhhhlaaauuubeeebbbbeeee
bird_1_300517_152559.22310.cbin,qqqqqqaaaaaauuuuuuuggggggggbeeehhhhhhlaaauuubeeebbbbeeeeehheeelaaauuuubeeebbbbeeeeeelaaauuuuuhheeebbbbeeeeeehheheeeebbbbeeeeeelaaauuuubeeeaaaauuuubeeebbbbeeeeelaaauuubeeehhhhhhhlaauuuubeeeaaaaggggggbeeebbbbeeeeee
bird_1_300517_152635.22315.cbin,qqqqqqqaaaaaauuuuuuagggggggbeeehhhhhhlaaauuuubeeebbbbeeeeeeelaaauuuubeeebbbbeeeeeehheeebbbbeeeeeelaaaaauuuubeeebbbbeeeelaaauuuuhhhhhhebeeebbbbeeeee
