wav_file,song,onsets,offsets
bird_8_251209_131627.10.wav,aaaaaaaaaaaaaaacaaddfaafaaaaafaadggdhjkaa,478.185941 1039.750567 1757.256236 1964.897959 2165.464853 2366.054422 2680.770975 3012.947846 3423.446712 3689.886621 3881.54195 4094.535147 4296.281179 4587.868481 4836.666667 5229.160998 5435.147392 5614.172336 5822.993197 5992.811791 6317.460317 6520.544218 6720.657596 6866.870748 7392.108844 7570.612245 7774.331066 7981.904762 8182.630385 8319.659864 8543.537415 8723.446712 8926.1678 9307.052154 9500.634921 9698.027211 9894.535147 10389.52381 10751.632653 11345.079365 11666.621315,540.770975 1099.070295 1789.183673 2033.287982 2248.911565 2461.292517 2756.961451 3076.75737 3497.959184 3776.303855 3984.036281 4187.278912 4390.136054 4678.253968 4912.970522 5296.848073 5511.428571 5701.133787 5918.412698 6097.619048 6401.995465 6594.716553 6803.24263 6925.464853 7472.879819 7672.947846 7888.61678 8077.664399 8260.657596 8413.945578 8621.519274 8820.589569 9021.360544 9424.897959 9622.834467 9795.986395 10305.714286 10670.068027 10919.274376 11401.315193 11746.145125
bird_8_251209_131703.10.wav,aaaaaaaaaaaaaafaadddaaaaaaaaafggdgonhjkb,1971.564626 2442.018141 2640.839002 2887.188209 3083.310658 3297.256236 3493.650794 3711.587302 3902.879819 4109.909297 4337.641723 4581.927438 4750.589569 4952.403628 5093.106576 5398.231293 5594.46712 5768.684807 5947.165533 6120.498866 6492.018141 6707.732426 7533.424036 7753.333333 7949.773243 8143.174603 8323.265306 8522.947846 8744.557823 8894.14966 9092.108844 9281.814059 9457.437642 9638.548753 9802.086168 10004.875283 10210.657596 10711.360544 11040.839002 11333.922902,2048.730159 2512.947846 2717.052154 2962.063492 3183.99093 3380.566893 3586.1678 3794.217687 4004.399093 4207.823129 4426.439909 4656.712018 4828.253968 5027.641723 5192.086168 5463.696145 5670.430839 5865.668934 6048.730159 6227.573696 6574.739229 6780.748299 7612.993197 7851.020408 8054.285714 8248.93424 8418.548753 8618.730159 8818.866213 8986.689342 9209.455782 9400.136054 9551.723356 9758.752834 9918.163265 10138.412698 10621.950113 11021.54195 11332.539683 11507.334891
bird_8_251209_131803.11.wav,aeaaaaaaaaaaaaaaadddddggdhjkb,432.403628 997.278912 1438.412698 1956.780045 2166.394558 2421.405896 3222.585034 3420.362812 3624.62585 3829.954649 4015.487528 4197.278912 4385.714286 4617.619048 4837.120181 5041.768707 5231.904762 5403.015873 5576.507937 5747.07483 5925.941043 6102.471655 6302.675737 6490.498866 6681.156463 6838.594104 7328.004535 7691.995465 8000.090703,510.249433 1037.55102 1502.789116 2026.9161 2253.718821 2503.764172 3304.965986 3512.879819 3724.62585 3922.335601 4114.965986 4299.070295 4479.047619 4701.678005 4922.947846 5108.344671 5304.331066 5501.950113 5680.181406 5856.462585 6031.06576 6207.732426 6413.197279 6620.272109 6768.594104 7257.029478 7619.183673 7921.201814 8151.950113
bird_8_251209_142038.14.wav,aaaadddggdgonhjkblaafaafgddddggonhjkb,770.45799 936.489736 1123.315133 1318.666607 1491.228965 1663.020349 1830.412639 2122.430779 2324.358217 2496.761845 2673.655269 2825.469328 3013.859351 3240.866154 3734.13146 4075.809464 4361.228965 4568.43985 4978.530553 5269.278852 5403.519215 5610.480666 5798.643931 5939.210825 6150.798126 6320.911505 6507.963659 6674.811732 6843.247106 7026.353682 7216.240303 7383.088376 7580.639396 7775.423977 8266.512412 8613.541891 8897.487469,847.510145 1031.546426 1212.385428 1412.294725 1590.911505 1768.462525 1941.002208 2244.13146 2444.60765 2586.058897 2783.428512 2941.20629 3161.931913 3643.97273 3994.630326 4302.385428 4511.863886 4676.285655 5029.324203 5334.29019 5497.555496 5688.349147 5871.183614 6035.922843 6269.732367 6418.825337 6616.557764 6786.716494 6959.437582 7148.575904 7336.625791 7499.9818 7719.324203 8173.859351 8535.355949 8844.018081 9044.244838
bird_8_251209_142137.15.wav,aaaaaaaaaaddddfgggonhjkblgdhjkblgdgonhjkblgdgonhjkbaaafaafdddggonhj,1621.111111 1973.741497 2188.911565 2373.151927 2552.44898 2742.902494 2943.492063 3141.315193 3329.115646 3485.85034 3663.492063 3827.573696 4002.902494 4185.827664 4353.287982 4555.986395 4747.256236 4936.689342 5106.9161 5303.265306 5500.181406 6050.952381 6386.848073 6669.705215 6869.070295 7096.462585 7265.351474 7424.943311 7931.70068 8291.22449 8578.480726 8772.44898 9008.503401 9189.569161 9364.353741 9532.653061 9710.793651 9904.217687 10418.29932 10777.346939 11071.746032 11282.92517 11541.360544 11703.287982 11878.77551 12045.192744 12241.133787 12440.181406 12972.358277 13325.351474 13608.911565 13969.319728 14142.471655 14339.319728 14480.272109 14721.519274 14915.238095 15071.020408 15225.53288 15389.160998 15575.238095 15758.367347 15945.351474 16106.598639 16296.00907 16496.235828 17007.460317,1671.768707 2037.619048 2265.85034 2457.324263 2645.963719 2841.201814 3035.600907 3217.777778 3407.029478 3578.707483 3763.424036 3931.360544 4112.063492 4297.528345 4450.31746 4676.122449 4862.743764 5058.29932 5225.464853 5432.380952 5908.548753 6315.464853 6620.0 6827.210884 6978.798186 7215.941043 7365.578231 7841.904762 8211.655329 8505.963719 8729.795918 8879.342404 9124.263039 9282.358277 9485.555556 9641.201814 9848.548753 10326.326531 10701.496599 11005.646259 11246.235828 11401.814059 11655.69161 11808.77551 11999.092971 12166.303855 12375.102041 12877.482993 13251.972789 13561.111111 13759.52381 14038.163265 14242.517007 14422.857143 14556.9161 14825.260771 15004.988662 15156.417234 15330.47619 15498.707483 15680.453515 15879.387755 16070.31746 16225.419501 16431.133787 16921.451247 17314.489796
bird_8_251209_142200.16.wav,aaaaaafgggdgonhjkblgdhjkbaafaaonhjkblggonhjkblgdgonhjkblggdddgonhjkbla,1970.430839 2179.002268 2381.927438 2545.646259 2716.598639 2907.936508 3046.462585 3241.927438 3451.632653 3645.079365 3817.460317 3985.170068 4159.297052 4339.297052 4544.399093 5052.403628 5402.063492 5673.197279 5881.269841 6112.92517 6285.736961 6446.235828 6943.673469 7307.823129 7633.333333 7967.006803 8149.297052 8288.888889 8485.600907 8659.863946 8795.056689 8984.62585 9178.866213 9695.895692 10046.077098 10327.278912 10513.764172 10774.240363 10949.727891 11128.798186 11330.498866 11520.816327 12050.816327 12411.06576 12689.455782 12898.571429 13131.133787 13301.519274 13482.993197 13645.804989 13851.791383 14080.385488 14592.562358 14950.748299 15240.770975 15453.129252 15705.464853 15893.809524 16069.909297 16233.401361 16409.773243 16591.315193 16760.839002 16957.369615 17150.294785 17641.723356 17993.265306 18268.594104 18491.882086 18811.564626,2048.14059 2265.963719 2464.535147 2646.507937 2807.709751 2983.424036 3139.478458 3366.213152 3572.222222 3764.081633 3912.312925 4102.176871 4271.337868 4479.478458 4964.557823 5329.773243 5636.507937 5842.199546 5979.795918 6230.272109 6378.888889 6857.55102 7230.362812 7534.489796 7750.362812 8050.498866 8223.8322 8389.727891 8567.414966 8735.714286 8909.024943 9118.820862 9616.825397 9973.945578 10269.909297 10491.360544 10630.748299 10883.0839 11075.238095 11246.938776 11460.47619 11971.746032 12338.639456 12643.287982 12837.664399 12996.258503 13239.206349 13400.408163 13607.414966 13759.954649 13954.648526 14507.278912 14871.632653 15179.818594 15401.995465 15553.718821 15822.789116 16012.517007 16170.907029 16335.578231 16513.469388 16711.315193 16870.272109 17091.564626 17556.122449 17924.195011 18227.845805 18432.380952 18595.668934 18886.507937
bird_8_251209_142235.17.wav,aaaaaaaaaadddddggonhjkblgdgonhjkblgdhjkblgdgo,1961.06576 2165.918367 2375.895692 2637.07483 2821.995465 3017.165533 3201.22449 3390.725624 3603.401361 3764.172336 3927.437642 4106.984127 4276.099773 4441.111111 4617.097506 4805.782313 4987.006803 5148.412698 5345.464853 5537.006803 6039.024943 6386.780045 6665.396825 6879.546485 7091.814059 7258.435374 7455.37415 7617.709751 7811.904762 8017.528345 8546.213152 8901.904762 9177.55102 9379.727891 9645.260771 9809.229025 9984.603175 10466.689342 10818.662132 11101.995465 11309.319728 11544.444444 11706.734694 11883.514739 12052.970522,2012.358277 2251.54195 2465.442177 2716.281179 2913.628118 3094.693878 3297.097506 3478.662132 3675.102041 3852.471655 4030.725624 4208.163265 4377.120181 4548.61678 4724.46712 4917.256236 5102.290249 5264.852608 5480.702948 5959.342404 6306.485261 6620.47619 6820.090703 6974.285714 7205.759637 7349.909297 7578.820862 7735.442177 7954.285714 8470.272109 8832.675737 9112.879819 9328.684807 9485.056689 9762.358277 9904.081633 10401.746032 10744.671202 11040.544218 11261.043084 11416.712018 11652.92517 11801.927438 12004.013605 12173.378685
bird_8_251209_142253.18.wav,aaaaaaaddddggonhjkblgdhjkbaaaafaaaonhjaadddggonhjkblgdgonhjkblgdgodaaddggonhjk,1982.403628 2197.188209 2382.947846 2567.256236 2748.662132 2956.190476 3127.437642 3313.197279 3474.285714 3644.081633 3840.0 4210.068027 4392.92517 4555.464853 4742.675737 4935.69161 5450.884354 5813.696145 6086.530612 6294.058957 6517.55102 6682.993197 6833.922902 7315.736961 7684.353741 7986.213152 8337.414966 8518.820862 8698.77551 8909.206349 9048.526077 9261.85941 9478.095238 9623.219955 9775.600907 9967.165533 10157.278912 10681.179138 11168.798186 11334.240363 11508.390023 11679.637188 11845.079365 12022.131519 12209.342404 12376.235828 12553.287982 12760.816327 13281.814059 13633.015873 13905.85034 14104.671202 14333.968254 14505.21542 14680.816327 14850.612245 15036.371882 15236.643991 15804.081633 16171.247166 16457.142857 16677.732426 16925.895692 17098.594104 17275.646259 17451.247166 17683.446712 17972.244898 18139.138322 18300.226757 18467.120181 18638.367347 18832.834467 19001.179138 19195.646259 19417.687075 19937.23356 20285.53288,2046.258503 2282.811791 2478.730159 2677.55102 2860.408163 3033.106576 3215.963719 3408.979592 3586.031746 3751.473923 3944.489796 4330.521542 4530.793651 4665.759637 4880.544218 5375.419501 5744.036281 6040.090703 6233.106576 6392.743764 6639.455782 6781.678005 7243.174603 7610.340136 7919.455782 8141.496599 8414.331066 8621.85941 8800.362812 8980.31746 9164.62585 9350.385488 9563.718821 9708.843537 9888.798186 10096.326531 10598.45805 10930.793651 11247.165533 11443.0839 11608.526077 11782.675737 11946.666667 12144.036281 12347.210884 12477.823129 12699.863946 13210.702948 13561.904762 13853.605442 14068.390023 14199.002268 14455.873016 14606.802721 14802.721088 14958.004535 15174.240363 15722.811791 16091.428571 16400.544218 16618.231293 16772.063492 17034.739229 17190.022676 17397.55102 17554.285714 17757.460317 18047.709751 18237.823129 18409.070295 18575.963719 18761.723356 18950.385488 19107.120181 19326.258503 19857.414966 20210.068027 20510.47619
bird_8_251209_142323.19.wav,aaaaaaafddddggonhjkblgdgconhjkblaaaaddgonhjkblgdhjkblfaaddggcoa,1972.244898 2187.029478 2382.947846 2580.31746 2761.723356 2960.544218 3175.328798 3326.258503 3522.176871 3689.070295 3854.512472 4031.564626 4220.226757 4413.24263 4577.23356 4762.993197 4964.716553 5479.909297 5825.306122 6105.396825 6314.376417 6524.807256 6693.151927 6854.240363 6993.560091 7026.938776 7222.857143 7424.580499 7952.834467 8320.0 8604.444444 8822.131519 9193.650794 9357.641723 9557.913832 9746.575964 9923.628118 10096.326531 10277.732426 10454.78458 10639.092971 10855.328798 11358.911565 11715.918367 11996.00907 12203.537415 12498.14059 12657.777778 12813.061224 13318.095238 13667.845805 13955.192744 14181.587302 14471.836735 15066.848073 15219.229025 15423.854875 15593.650794 15789.569161 15982.585034 16107.39229 16143.673469 16349.750567,2030.294785 2266.848073 2472.92517 2670.294785 2870.566893 3060.680272 3250.793651 3420.589569 3631.020408 3795.011338 3973.514739 4141.85941 4336.326531 4527.891156 4680.272109 4896.507937 5401.54195 5748.390023 6053.151927 6254.875283 6417.414966 6651.06576 6796.190476 6984.852608 7012.426304 7143.038549 7360.725624 7871.564626 8251.791383 8562.358277 8765.53288 8912.108844 9256.054422 9460.680272 9663.854875 9849.614512 10029.569161 10199.365079 10398.185941 10554.920635 10785.668934 11280.544218 11650.612245 11939.410431 12160.0 12310.929705 12606.984127 12757.913832 13236.825397 13596.734694 13889.886621 14122.086168 14267.210884 14513.922902 15152.471655 15325.170068 15525.442177 15701.043084 15896.961451 16092.879819 16133.514739 16255.419501 16435.37415
bird_8_251209_142346.20.wav,aaaaafadafddddggonhjkblgdgonhjkblgdgdhjkb,1988.049887 2177.460317 2381.269841 2564.693878 2751.723356 2928.639456 3128.321995 3289.138322 3459.795918 3620.839002 3769.092971 3921.70068 4097.619048 4260.975057 4438.730159 4629.637188 4799.387755 4981.814059 5180.748299 5716.394558 6056.893424 6328.095238 6546.099773 6748.435374 6916.462585 7085.328798 7254.78458 7444.285714 7657.936508 8180.204082 8543.809524 8839.795918 9047.981859 9273.287982 9448.866213 9631.587302 9810.839002 9967.528345 10483.446712 10829.138322 11101.156463,2064.126984 2270.113379 2465.056689 2648.503401 2846.281179 3024.14966 3201.904762 3382.517007 3549.546485 3693.061224 3855.600907 4027.777778 4200.0 4370.113379 4561.020408 4759.455782 4910.068027 5124.852608 5636.099773 5990.589569 6281.995465 6483.854875 6630.952381 6867.981859 7020.521542 7212.380952 7363.492063 7582.630385 8103.786848 8469.546485 8776.145125 8988.820862 9138.77551 9384.353741 9541.723356 9751.22449 9906.507937 10403.877551 10759.024943 11043.514739 11256.507937
bird_8_251209_142356.21.wav,aaaafaaddggonhjkblgdgonhjaaaaaaa,930.742334 1095.504239 1284.415804 1482.805826 1629.200384 1809.767278 1980.515577 2141.626688 2297.272947 2482.397663 2687.250271 2853.984965 3040.76501 3237.318298 3742.057527 4099.38179 4389.22306 4584.257074 4824.551858 4991.717391 5165.141427 5347.907867 5530.016711 5730.719659 6252.488366 6772.012176 6951.059795 7187.272947 8199.926008 8478.384058 9111.785418 9347.99857,1008.316031 1194.801291 1380.062062 1555.209455 1712.193582 1883.486099 2062.397663 2240.379523 2398.565464 2606.161836 2806.955486 2957.068865 3171.67204 3673.37272 4025.345509 4322.511042 4548.021246 4685.957754 4934.461155 5092.533718 5287.613083 5447.023514 5662.783151 6163.508774 6523.984965 6836.275214 7040.266144 7272.533718 8278.9056 8569.177709 9194.189046 9425.889727
bird_8_251209_142415.22.wav,aaaaaaaaafaaadddgdgonhjkblaaaonhjkblggonhjkblgdgonhjaaaaf,954.542788 1167.649364 1389.009908 1576.696983 1757.377255 1945.789953 2144.633491 2353.295622 2545.472493 2726.901065 2911.753672 3113.250271 3285.018978 3447.490634 3611.776348 3775.495169 3956.92374 4146.583604 4314.769545 4484.429409 4672.116484 4866.039387 5389.123287 5742.61535 6024.202652 6254.769545 6766.039387 6923.794489 7131.096076 7281.050724 7488.715123 7686.266144 8196.560928 8548.919205 8830.279749 9023.794489 9259.69018 9445.563196 9622.501972 9793.52238 10002.003105 10547.377255 10907.150498 11186.334171 11411.209455 11623.454353 11801.912402 11969.032584 12134.429409 12327.535985 12531.005373 13070.574534 14129.984965 14301.526915 14504.950951 14701.753672 14900.937346,1033.953219 1261.662969 1472.229863 1674.701518 1849.69018 2038.919205 2252.048457 2462.524647 2645.948684 2806.402198 2994.74687 3181.821699 3364.814897 3542.955486 3713.771813 3889.236665 4080.982697 4237.853445 4438.919205 4593.409001 4800.733264 5312.569999 5672.184511 5960.143695 6188.941881 6359.486099 6846.28882 7020.619885 7213.36365 7398.238933 7628.941881 8126.220792 8473.885192 8770.982697 8994.1573 9133.749137 9365.200384 9568.964557 9716.334171 9933.477028 10470.551858 10835.653899 11122.479296 11350.415804 11503.52238 11739.37272 11896.334171 12088.397663 12247.898797 12464.701518 12980.642561 13264.452085 14205.585872 14395.744602 14598.919205 14796.016711 15002.501972
bird_8_251209_142434.23.wav,aaaaaddddggonhjkblgdgonhjkblaaaddddggonhjkblgdgonhjkblaafgdgonhja,1968.049887 2149.637188 2340.521542 2511.428571 2695.034014 2870.47619 3037.120181 3213.446712 3391.882086 3570.521542 3767.777778 3933.287982 4123.718821 4320.975057 4852.471655 5213.219955 5495.102041 5712.947846 6013.401361 6212.403628 6390.793651 6560.226757 6748.77551 6945.170068 7447.55102 7806.00907 8093.424036 8318.185941 9099.297052 9270.068027 9468.072562 9637.709751 9805.102041 9977.755102 10152.063492 10336.031746 10534.036281 10701.814059 10895.941043 11099.501134 11622.108844 11971.723356 12247.687075 12435.963719 12684.013605 12851.496599 13027.006803 13200.294785 13392.040816 13594.14966 14145.396825 14504.852608 14783.219955 14984.399093 15278.61678 15472.834467 15640.181406 15814.421769 15987.324263 16162.721088 16327.346939 16518.29932 16712.76644 17247.097506 17612.834467,2034.081633 2236.462585 2432.176871 2618.185941 2775.487528 2979.455782 3140.408163 3317.936508 3495.941043 3690.47619 3889.614512 4044.62585 4255.487528 4772.086168 5144.126984 5450.952381 5655.464853 5797.959184 6128.367347 6296.893424 6513.265306 6667.210884 6881.768707 7357.301587 7725.963719 8033.424036 8244.648526 8412.721088 9174.943311 9373.401361 9567.936508 9745.895692 9907.913832 10091.564626 10263.310658 10459.863946 10650.884354 10810.589569 11033.492063 11542.494331 11907.641723 12192.018141 12405.646259 12551.451247 12800.249433 12953.401361 13150.022676 13305.442177 13532.063492 14062.653061 14426.00907 14720.770975 14946.099773 15081.54195 15357.891156 15550.521542 15723.877551 15934.535147 16087.23356 16277.346939 16437.641723 16649.387755 17151.768707 17529.387755 17665.238095
bird_8_251209_142501.24.wav,aaaaafaadddggonhjkblgdgonhjkb,1981.587302 2238.888889 2682.743764 2846.303855 3035.578231 3222.267574 3401.360544 3596.893424 3749.319728 3920.15873 4092.675737 4275.306122 4461.201814 4635.464853 4826.848073 5026.780045 5512.539683 5872.562358 6151.22449 6350.090703 6615.714286 6773.786848 6947.165533 7119.818594 7311.882086 7512.358277 8041.655329 8408.29932 8692.040816,2034.761905 2324.036281 2755.623583 2942.562358 3129.614512 3290.045351 3480.47619 3662.857143 3847.596372 4033.310658 4198.14059 4405.034014 4589.387755 4749.070295 4965.85034 5443.537415 5805.147392 6094.603175 6305.963719 6452.721088 6725.396825 6868.526077 7068.344671 7224.421769 7445.941043 7970.975057 8324.965986 8623.492063 8839.070295
bird_8_251209_142516.25.wav,aaaafaafdddddgonhjkblgdgonhjkblgdgonhjkblgdh,1775.555556 1989.206349 2183.650794 2376.507937 2565.895692 2767.800454 2973.378685 3178.117914 3329.637188 3500.453515 3678.095238 3858.344671 4033.854875 4226.485261 4399.68254 4590.861678 4785.147392 5293.945578 5664.444444 5947.687075 6142.108844 6375.895692 6540.249433 6704.263039 6871.179138 7062.018141 7264.285714 7787.619048 8142.290249 8427.301587 8654.807256 8874.829932 9040.0 9213.151927 9381.791383 9566.643991 9773.922902 10302.494331 10649.319728 10931.088435 11128.367347 11412.857143 11587.664399 11781.043084,1834.716553 2070.0 2276.893424 2469.591837 2653.605442 2842.335601 3052.902494 3258.730159 3433.605442 3603.877551 3786.462585 3971.156463 4142.335601 4348.548753 4507.301587 4725.69161 5223.151927 5592.176871 5892.517007 6092.199546 6250.975057 6487.573696 6639.455782 6821.814059 6988.117914 7200.929705 7716.031746 8078.027211 8376.371882 8583.8322 8740.566893 8991.451247 9137.210884 9336.734694 9494.603175 9703.0839 10217.23356 10585.782313 10869.569161 11081.020408 11236.598639 11531.133787 11680.15873 12174.331066
bird_8_251209_142541.26.wav,aaaaaaafaafggdgonhjkblgdddgonhjkblaaonhjkblgdgonhjkblaaaddggonhj,1984.943311 2300.544218 2527.573696 2726.485261 2926.870748 3128.979592 3318.571429 3508.77551 3686.099773 3858.730159 4005.464853 4210.272109 4410.340136 4590.997732 4764.897959 4935.668934 5112.290249 5311.22449 5846.326531 6196.893424 6475.21542 6664.46712 6924.46712 7097.709751 7252.653061 7434.172336 7612.335601 7781.020408 7963.265306 8166.054422 8705.238095 9070.113379 9336.213152 9598.503401 9869.909297 10058.93424 10228.231293 10411.587302 10612.44898 11155.941043 11514.081633 11797.823129 11995.37415 12216.00907 12388.004535 12560.204082 12733.310658 12920.907029 13126.122449 13611.405896 13954.829932 14235.555556 14432.176871 14752.131519 14912.086168 15100.816327 15274.081633 15441.927438 15630.272109 15819.251701 15990.204082 16170.702948 16371.85941 16892.743764,2062.358277 2379.183673 2614.920635 2813.968254 3028.163265 3222.675737 3418.072562 3587.23356 3768.004535 3942.789116 4112.108844 4324.30839 4531.496599 4688.412698 4880.680272 5039.002268 5240.861678 5762.199546 6129.68254 6416.689342 6616.122449 6765.986395 7039.455782 7184.376417 7364.512472 7538.29932 7731.360544 7888.503401 8105.21542 8619.569161 8999.455782 9293.764172 9499.229025 9696.984127 9947.823129 10133.605442 10340.748299 10547.732426 11069.160998 11444.920635 11752.743764 11963.786848 12102.176871 12330.839002 12481.473923 12673.922902 12835.034014 13059.750567 13535.102041 13886.099773 14177.23356 14391.428571 14531.179138 14822.60771 15007.619048 15192.380952 15377.664399 15549.206349 15743.015873 15946.848073 16085.53288 16308.820862 16806.598639 17180.498866
bird_8_251209_142618.27.wav,aaaaaaaaaafdddggonhjkblgdgonhjkblggonhj,1975.827664 2190.929705 2394.285714 2593.696145 2830.408163 3031.904762 3230.498866 3416.394558 3603.378685 3791.451247 3954.399093 4131.519274 4293.786848 4458.14059 4653.401361 4855.782313 5019.546485 5205.555556 5400.793651 5886.190476 6241.360544 6524.920635 6717.482993 6954.852608 7110.612245 7281.337868 7443.809524 7628.888889 7826.507937 8371.609977 8729.501134 9015.419501 9237.482993 9465.668934 9646.00907 9801.043084 9987.210884 10189.795918 10686.417234,2036.326531 2270.090703 2478.435374 2683.945578 2911.904762 3124.897959 3320.362812 3510.272109 3700.408163 3885.487528 4049.433107 4225.306122 4400.453515 4567.437642 4780.068027 4963.0839 5126.598639 5337.959184 5806.258503 6182.380952 6475.941043 6687.23356 6827.868481 7071.655329 7202.403628 7397.23356 7553.582766 7766.190476 8285.578231 8646.439909 8961.043084 9169.501134 9328.888889 9574.376417 9740.907029 9911.337868 10124.671202 10604.126984 10951.609977
bird_8_251209_142645.28.wav,aaaaaaaafddddggonhjkblgdgonhjkblgdgonhjkble,1985.442177 2194.761905 2389.637188 2591.836735 2791.292517 2986.077098 3190.748299 3414.693878 3621.609977 3785.895692 3960.498866 4133.174603 4302.267574 4483.786848 4677.959184 4845.986395 5032.585034 5231.360544 5776.575964 6131.360544 6411.814059 6611.315193 6852.494331 7014.897959 7186.031746 7356.122449 7536.326531 7733.0839 8259.229025 8615.170068 8892.086168 9101.54195 9338.888889 9505.668934 9671.746032 9838.390023 10024.557823 10227.619048 10725.941043 11088.231293 11375.510204 11601.428571 12520.204082,2054.512472 2272.675737 2479.251701 2688.367347 2893.424036 3091.995465 3276.349206 3486.485261 3710.453515 3886.213152 4056.349206 4230.748299 4409.024943 4595.646259 4794.013605 4960.113379 5165.464853 5699.931973 6058.072562 6344.217687 6569.410431 6716.75737 6958.956916 7105.918367 7306.507937 7458.29932 7675.192744 8185.555556 8544.557823 8827.664399 9049.614512 9206.077098 9454.603175 9596.099773 9787.278912 9937.346939 10157.800454 10632.018141 11013.265306 11308.390023 11527.596372 11694.693878 12557.256236
bird_8_251209_142701.29.wav,aaaafaaonhjkblggonhjkbafaddfaaonhjaaafaadddgonhjkblgdgonhjaaaaaaaaaafdddggonhjkba,1973.900227 2180.544218 2360.816327 2573.061224 2767.505669 2933.061224 3117.800454 3271.768707 3478.185941 3670.272109 4145.963719 4503.809524 4775.668934 4987.07483 5212.108844 5406.281179 5576.258503 5758.390023 5957.641723 6447.346939 6807.210884 7088.503401 7368.367347 7563.945578 8368.843537 8538.956916 8730.090703 8949.070295 9112.92517 9293.151927 9439.387755 9643.038549 9843.99093 10363.99093 11065.079365 11239.478458 11417.324263 11579.002268 11791.587302 11957.619048 12127.596372 12286.598639 12439.410431 12627.891156 12804.444444 12989.138322 13191.337868 13719.206349 14069.183673 14351.473923 14553.106576 14876.462585 15042.653061 15227.437642 15405.963719 15588.61678 15778.956916 16344.603175 16961.179138 17141.972789 17349.773243 18005.623583 18169.591837 18374.62585 18774.943311 19422.993197 19588.979592 19796.961451 19967.414966 20134.489796 20295.034014 20459.002268 20644.30839 20827.664399 20997.029478 21175.555556 21371.791383 21876.848073 22239.024943 22525.555556 22956.9161,2049.365079 2270.385488 2460.453515 2675.464853 2847.188209 3011.632653 3194.671202 3404.036281 3612.789116 4072.517007 4430.340136 4726.417234 4938.163265 5082.539683 5335.464853 5524.444444 5683.99093 5894.263039 6376.575964 6735.056689 7025.328798 7253.741497 7445.238095 7630.861678 8444.852608 8641.133787 8836.598639 9024.240363 9196.258503 9366.938776 9552.539683 9775.011338 10271.111111 10658.004535 11141.156463 11335.442177 11504.829932 11689.365079 11875.396825 12046.031746 12230.566893 12396.734694 12553.197279 12747.437642 12902.902494 13130.566893 13614.852608 14005.714286 14293.741497 14502.721088 14652.358277 14994.671202 15138.662132 15352.811791 15505.827664 15720.068027 16186.417234 16585.578231 17026.235828 17229.478458 17445.21542 18066.848073 18277.210884 18478.45805 18835.283447 19512.040816 19685.53288 19876.938776 20056.349206 20236.507937 20405.102041 20565.85034 20763.537415 20944.46712 21108.027211 21305.714286 21793.696145 22170.136054 22454.852608 22673.0839 23021.269841
bird_8_251209_142746.30.wav,aaaaaaadddddggonhjkblgdgonhjkblaaddggonhjkblgdgonhjkblaaaaacfaaoaaadaafaaadddggonhjkb,1964.920635 2173.764172 2376.961451 2553.900227 2741.904762 2929.614512 3137.505669 3323.151927 3509.705215 3694.263039 3867.641723 4063.038549 4254.875283 4444.603175 4619.410431 4816.870748 5027.913832 5516.530612 5880.181406 6162.76644 6365.578231 6622.857143 6783.718821 6951.927438 7118.548753 7317.097506 7514.058957 8044.263039 8397.369615 8687.528345 8920.929705 9149.115646 9331.882086 9507.641723 9710.408163 9901.768707 10086.099773 10248.45805 10445.827664 10647.709751 11132.267574 11491.972789 11774.013605 11961.201814 12202.947846 12367.165533 12530.634921 12701.904762 12889.138322 13086.1678 13592.811791 13954.920635 14239.750567 14459.047619 14773.424036 15170.793651 15350.181406 15548.979592 15724.14966 15842.335601 15884.036281 16079.410431 16248.888889 16398.45805 16863.854875 17028.004535 17210.521542 17442.267574 18136.575964 18308.77551 18475.578231 18643.446712 18814.104308 19003.650794 19169.024943 19339.002268 19546.031746 19727.482993 19912.290249 20076.938776 20251.06576 20457.936508 20959.818594 21327.346939 21613.129252,2032.358277 2260.0 2461.995465 2653.038549 2846.462585 3021.247166 3230.272109 3424.603175 3614.671202 3798.752834 3978.049887 4173.0839 4363.696145 4563.877551 4732.018141 4949.68254 5421.609977 5808.45805 6110.725624 6324.671202 6472.834467 6741.06576 6877.505669 7079.501134 7232.403628 7449.183673 7966.326531 8324.421769 8616.235828 8839.070295 9000.975057 9224.195011 9410.272109 9603.424036 9814.353741 10024.217687 10207.097506 10352.222222 10578.526077 11056.553288 11423.287982 11708.435374 11930.045351 12062.993197 12311.22449 12467.891156 12645.487528 12810.839002 13021.564626 13522.585034 13883.061224 14177.664399 14401.133787 14561.473923 14812.993197 15265.124717 15456.054422 15644.104308 15823.446712 15864.489796 15982.131519 16158.77551 16334.421769 16512.562358 16936.848073 17132.290249 17311.111111 17539.433107 18223.673469 18407.052154 18542.040816 18720.861678 18892.879819 19072.585034 19264.444444 19441.428571 19651.609977 19850.113379 20026.9161 20178.435374 20392.244898 20892.630385 21237.936508 21542.063492 21757.23356
bird_8_251209_142830.31.wav,aaaaaaaaafddddggonhjkblaaaaaafaadddggonhjkblgdgonhjkb,1973.129252 2183.378685 2379.274376 2576.235828 2759.115646 2955.804989 3147.777778 3369.569161 3523.922902 3679.251701 3872.539683 4036.371882 4214.716553 4390.680272 4578.979592 4784.78458 4948.526077 5132.857143 5337.07483 5843.854875 6198.185941 6484.353741 6722.92517 7045.056689 7203.673469 7560.816327 8477.142857 8650.249433 8828.049887 9007.346939 9202.335601 9604.739229 9765.260771 9926.349206 10095.827664 10282.040816 10463.197279 10624.30839 10814.036281 11011.473923 11513.854875 11874.943311 12159.501134 12368.095238 12611.156463 12770.952381 12937.029478 13100.521542 13297.39229 13490.408163 13999.909297 14363.287982 14655.895692,2040.566893 2271.473923 2473.877551 2670.362812 2859.773243 3055.306122 3236.394558 3437.55102 3611.360544 3782.335601 3969.160998 4145.487528 4319.773243 4505.37415 4690.47619 4904.716553 5061.269841 5277.437642 5766.326531 6119.206349 6428.503401 6643.287982 6808.344671 7118.253968 7304.852608 7622.562358 8543.197279 8749.070295 8927.913832 9091.655329 9279.886621 9683.446712 9862.244898 10037.188209 10200.839002 10393.061224 10586.485261 10732.154195 10948.503401 11424.489796 11801.655329 12095.782313 12320.090703 12467.619048 12719.68254 12866.099773 13051.972789 13216.122449 13427.414966 13925.804989 14281.020408 14597.573696 14809.229025
bird_8_251209_143110.32.wav,eeaaaaaaaaaddggaaaadoee,150.0 806.303855 1769.977324 1983.492063 2198.684807 2711.38322 2905.328798 3122.154195 3320.521542 3531.791383 3698.888889 3898.820862 4071.111111 4290.113379 4528.117914 4762.380952 5019.886621 5364.081633 5776.643991 5981.791383 6131.70068 6366.054422 6749.546485,175.623583 829.455782 1823.718821 2060.793651 2281.088435 2757.256236 2984.671202 3207.188209 3406.984127 3617.664399 3780.793651 3984.557823 4171.292517 4404.376417 4638.004535 4864.716553 5093.854875 5425.759637 5872.879819 6075.487528 6364.126984 6439.342404 6802.222222
bird_8_251209_143209.33.wav,aaaaaaaaadafaadddddgggdgonhjkblgdgonhjkblgdgonhjkblgdhj,1981.451247 2147.437642 2327.120181 2531.201814 2734.376417 2955.170068 3152.131519 3352.92517 3523.151927 3716.507937 3918.61678 4102.086168 4320.544218 4503.514739 4675.873016 4851.836735 5025.21542 5205.170068 5401.133787 5600.181406 5802.834467 6014.875283 6179.569161 6356.303855 6516.031746 6708.072562 6909.092971 7394.512472 7746.780045 8035.306122 8263.333333 8499.818594 8671.609977 8862.517007 9017.755102 9205.918367 9404.172336 9881.746032 10252.630385 10533.764172 10747.959184 10991.496599 11150.272109 11322.108844 11486.031746 11671.768707 11868.888889 12412.721088 12802.494331 13085.895692 13320.068027 13550.090703 13712.358277 13869.750567 14388.956916,2035.827664 2217.052154 2423.900227 2617.845805 2824.852608 3053.265306 3246.077098 3447.029478 3617.505669 3790.884354 3989.68254 4195.102041 4402.92517 4580.884354 4778.752834 4951.564626 5133.265306 5317.165533 5507.936508 5721.292517 5928.594104 6134.535147 6275.283447 6476.825397 6634.104308 6847.346939 7322.290249 7664.580499 7970.702948 8193.968254 8351.609977 8616.485261 8766.553288 8977.913832 9132.970522 9338.367347 9796.122449 10172.44898 10474.535147 10686.213152 10853.741497 11101.655329 11245.147392 11444.852608 11592.040816 11804.988662 12325.396825 12706.575964 13026.507937 13248.253968 13421.428571 13671.337868 13814.739229 14280.226757 14600.544218
bird_8_251209_143338.34.wav,aaaaaaaaafddddggonhjkbaaaafggdgonhjkble,360.522324 579.139104 775.692392 954.014387 1142.948628 1343.810306 1561.157245 1712.24568 1895.01212 2037.914614 2201.769489 2365.64704 2549.547267 2714.535929 2895.692392 3091.202596 3248.776292 3438.844319 3634.808038 4145.374932 4492.268356 4780.839784 5247.823911 5455.692392 5638.141371 5864.671984 5998.322777 6187.166315 6372.653843 6540.272891 6707.755884 6867.982641 7061.134569 7249.229807 7723.31144 8050.885136 8339.139104 8555.715068 8799.071077,432.631167 664.717335 866.440691 1050.091485 1236.486043 1428.594886 1639.184455 1805.692392 1971.588084 2131.724138 2302.427086 2468.776292 2650.091485 2824.241145 3017.846587 3205.057471 3360.907811 3574.649308 4055.533662 4417.982641 4716.281961 4932.789898 5312.313707 5539.910079 5732.291031 5935.805771 6097.93729 6296.168582 6492.154977 6637.846587 6823.583548 6991.520056 7192.631167 7644.127766 7979.229807 8274.127766 8493.266088 8669.207131 8832.56314
bird_8_251209_143431.35.wav,aaaaaaaaaddddggonhjkbaaafagddggonhjkblgdgonhjkblgdhjkbaaaafgdgdhjkb,1061.483105 1243.909409 1488.557935 1663.31984 1844.249545 2039.759749 2214.068139 2410.099885 2584.521654 2739.737073 2911.460429 3080.371994 3244.294896 3425.972901 3611.006914 3788.127096 3979.691722 4184.657708 4731.823241 5081.981971 5367.015985 5771.551132 5935.17925 6117.03866 6242.639567 6449.48764 6612.752946 6772.231404 6934.816438 7133.025055 7314.226869 7480.009182 7665.678116 7855.723468 8342.140701 8686.108955 8972.73027 9176.040928 9400.666778 9562.662243 9724.793762 9899.64637 10090.485372 10288.013717 10770.576075 11120.258615 11406.08628 11603.841382 11825.065871 11985.723468 12148.172447 12646.56247 13000.576075 13283.614624 13915.700792 14115.451359 14310.281291 14517.832311 14670.326642 14856.381064 15020.938887 15189.64637 15357.94569 15517.106688 15978.875395 16331.256348 16619.532992,1121.528456 1331.845917 1569.464964 1748.081744 1933.365191 2129.601019 2311.959295 2492.707595 2668.875395 2839.963831 3017.650905 3188.603286 3353.864057 3547.378797 3725.33798 3906.449091 4122.344783 4641.301699 5003.841382 5297.242742 5522.390134 5846.56247 6023.501245 6186.063604 6354.249545 6534.725735 6699.918479 6875.972901 7044.294896 7252.140701 7434.839114 7588.308502 7803.002379 8265.269953 8630.71213 8914.975168 9131.165645 9289.737073 9509.124828 9656.766552 9844.362923 10008.943422 10224.068139 10693.410543 11047.288094 11340.598751 11558.898071 11698.059069 11940.644103 12080.39467 12556.108955 12923.047731 13230.099885 13447.197391 13997.650905 14217.78696 14405.836846 14599.01145 14742.09535 14973.79603 15121.868592 15311.324375 15464.816438 15898.988774 16267.605554 16566.154307 16779.578343
bird_8_251209_143540.36.wav,aaaaaaaaaadddgggonhjkblgdgonhjkblgdhjkbaaafaaonhjkbaaafgggonhjkbaaaddggdgonhjkbl,1645.396825 1987.256236 2200.997732 2392.539683 2568.798186 2755.759637 2948.730159 3132.426304 3332.653061 3510.15873 3652.086168 3825.079365 4004.897959 4200.589569 4405.668934 4598.390023 4778.072562 4969.886621 5177.39229 5679.229025 6025.510204 6302.811791 6521.609977 6754.489796 6928.253968 7109.68254 7278.321995 7470.839002 7675.668934 8187.528345 8552.585034 8841.564626 9057.142857 9306.031746 9475.782313 9643.560091 10123.446712 10481.746032 10767.505669 11086.371882 11234.263039 11439.410431 11574.512472 11781.655329 11988.072562 12125.963719 12303.197279 12510.385488 13027.959184 13403.741497 13708.752834 14082.789116 14261.020408 14450.47619 14596.054422 14811.405896 15008.14059 15192.60771 15360.204082 15548.571429 15739.591837 16233.333333 16584.444444 16865.85034 17249.229025 17670.294785 17844.285714 18022.653061 18187.324263 18365.102041 18553.673469 18729.705215 18885.306122 19052.517007 19244.489796 19441.088435 19899.614512 20259.68254 20534.240363 20760.748299,1674.693878 2063.424036 2292.018141 2480.770975 2669.251701 2854.104308 3044.761905 3211.201814 3410.294785 3568.027211 3752.380952 3933.673469 4110.770975 4311.292517 4521.972789 4717.142857 4888.798186 5109.138322 5591.405896 5954.512472 6247.913832 6456.054422 6628.798186 6866.190476 7016.122449 7229.070295 7388.77551 7605.736961 8103.99093 8477.278912 8778.253968 9003.492063 9159.546485 9414.557823 9570.861678 10021.746032 10405.102041 10717.07483 10914.943311 11162.358277 11334.14966 11513.333333 11686.553288 11872.902494 12057.800454 12240.702948 12445.328798 12940.657596 13319.138322 13624.126984 13867.301587 14162.60771 14359.478458 14533.492063 14693.151927 14925.328798 15119.274376 15313.492063 15471.723356 15682.312925 16140.770975 16499.773243 16812.108844 17035.782313 17336.893424 17748.752834 17924.693878 18119.68254 18290.362812 18479.569161 18675.736961 18825.170068 19013.854875 19166.145125 19380.385488 19819.909297 20184.671202 20499.251701 20690.249433 20858.435374
bird_8_251209_143615.37.wav,aaaaaaaaddddggaonhjkblgdgonhjkbaaafaacfddggonhjkb,1969.160998 2147.845805 2326.712018 2508.548753 2700.861678 2884.14966 3074.331066 3264.920635 3434.376417 3603.560091 3790.498866 3971.54195 4155.056689 4360.204082 4580.47619 4704.557823 4893.922902 5089.977324 5567.07483 5925.034014 6209.546485 6423.197279 6660.045351 6828.662132 7009.455782 7176.938776 7371.587302 7576.349206 8082.60771 8426.485261 8704.693878 9020.068027 9184.421769 9366.780045 9520.272109 9719.863946 9921.587302 10025.668934 10066.938776 10224.943311 10396.462585 10576.734694 10759.274376 10916.621315 11109.750567 11324.240363 11788.707483 12144.875283 12432.312925,2031.632653 2235.283447 2413.378685 2602.244898 2793.061224 2983.809524 3163.696145 3343.628118 3532.857143 3707.324263 3892.743764 4069.818594 4267.891156 4472.60771 4646.530612 4808.730159 5021.473923 5491.564626 5847.596372 6149.68254 6352.335601 6518.843537 6771.791383 6923.378685 7126.099773 7292.630385 7510.929705 7988.390023 8344.78458 8654.444444 8853.174603 9093.333333 9266.9161 9441.972789 9594.535147 9798.117914 10000.453515 10047.596372 10164.603175 10337.505669 10506.077098 10693.106576 10878.639456 11027.437642 11250.272109 11723.24263 12077.868481 12374.693878 12589.410431
bird_8_251209_143626.38.wav,aaaadddfggdgonhjkblgdgonhjkbaaaafaafddggonhjkb,710.287598 976.954265 1169.221839 1348.246782 1514.233177 1689.539299 1858.360161 2074.777394 2265.525694 2452.056306 2625.820478 2786.455399 2956.251317 3139.335217 3328.768324 3813.054038 4176.750183 4463.008687 4687.611861 4941.693494 5114.9588 5300.514356 5463.054038 5667.475807 5865.729775 6386.976941 6730.060841 7007.40778 7351.761521 7572.35109 7766.432723 7941.965603 8095.661748 8279.085784 8467.88397 8604.890773 8767.24905 8950.605059 9172.645875 9361.398709 9528.246782 9712.917984 9904.754719 10386.478075 10756.523426 11044.664016,790.877168 1066.636805 1264.301204 1437.838619 1611.852224 1792.124333 1966.069911 2163.893041 2379.085784 2569.698029 2718.564242 2905.888505 3061.897576 3271.580115 3733.484877 4105.86583 4395.888505 4621.262655 4785.684424 5057.24905 5207.022292 5414.709367 5579.221839 5793.961068 6314.845421 6666.976941 6949.675353 7172.917984 7420.695762 7677.226374 7861.806873 8025.434991 8168.360161 8364.686691 8544.550637 8696.750183 8870.627734 9052.827281 9284.233177 9475.230909 9630.060841 9845.208233 10305.162882 10681.239979 10997.385104 11200.151544
bird_8_251209_143703.39.wav,aaaaaaaaaadddddggonhjkbaaafa,1967.414966 2184.263039 2376.848073 2556.054422 2753.219955 2951.54195 3150.31746 3495.328798 3715.238095 3907.709751 4093.650794 4278.843537 4475.056689 4666.417234 4845.079365 5072.902494 5302.290249 5462.721088 5671.904762 5873.650794 6388.61678 6750.612245 7045.419501 7446.938776 7623.99093 7845.464853 8013.492063 8250.045351,2037.800454 2282.267574 2468.61678 2649.68254 2851.38322 3036.666667 3249.365079 3560.430839 3807.732426 4002.335601 4195.986395 4377.505669 4576.802721 4777.505669 4954.331066 5189.569161 5427.800454 5581.179138 5809.206349 6308.185941 6669.160998 6997.256236 7187.505669 7521.609977 7720.408163 7928.503401 8112.335601 8334.557823
bird_8_251209_145026.40.wav,caaaaaaaaaaadaaaaaddddgafaaonhjkb,1650.249433 1957.528345 2234.058957 2467.39229 2682.743764 2880.113379 3094.036281 3295.782313 3506.553288 3712.562358 4233.786848 4411.768707 4625.238095 5449.818594 5650.702948 5868.412698 6088.390023 6329.365079 6523.968254 6714.875283 6907.800454 7102.131519 7300.907029 7653.038549 7799.002268 8020.272109 8212.993197 8351.632653 8552.176871 8762.721088 9262.426304 9623.356009 9913.106576,1689.705215 2031.768707 2308.911565 2551.451247 2760.680272 2974.807256 3182.222222 3382.834467 3592.222222 3811.655329 4299.977324 4491.06576 4721.882086 5530.929705 5738.231293 5956.553288 6166.439909 6410.975057 6621.70068 6822.562358 7006.938776 7209.818594 7413.287982 7737.981859 7902.176871 8101.496599 8294.875283 8467.573696 8692.494331 9179.637188 9534.78458 9847.641723 10069.795918
bird_8_251209_145035.41.wav,eaaaaaaaddaafeaafddggdgonhjkba,757.96325 896.398624 1165.945109 1358.031277 1554.879349 1758.144656 1961.931504 2186.874814 2364.697944 2541.659395 2719.074361 2963.949644 3112.657127 3425.559622 3637.600438 3846.489327 4013.700211 4197.668465 4367.305653 4568.394089 4778.008601 4970.933771 5148.779576 5323.269372 5522.135585 5725.174134 6235.242161 6596.058488 6895.945109 7659.550551,785.922433 959.618578 1249.210415 1464.108374 1654.947377 1859.482524 2059.369145 2283.178669 2468.212683 2644.584565 2825.287513 3033.133318 3197.010869 3454.153726 3689.958715 3941.682071 4098.008601 4300.570959 4469.618578 4685.559622 4896.693408 5063.745563 5266.239894 5437.691141 5660.389554 6151.886152 6508.394089 6820.548284 7055.582297 7736.670733
bird_8_251209_145315.42.wav,cccaaaaaaaaafddddafggonhjkbaaa,957.573696 1277.482993 1310.680272 1758.344671 1966.75737 2169.591837 2358.707483 2569.68254 2769.410431 2964.78458 3151.995465 3359.546485 3540.793651 3730.657596 3923.718821 4116.1678 4319.410431 4521.405896 4738.027211 4933.378685 5125.260771 5292.630385 5492.789116 5699.070295 6268.185941 6597.097506 6887.868481 7268.956916 7443.038549 7695.827664,1013.696145 1309.546485 1346.122449 1815.464853 2050.113379 2252.92517 2451.564626 2665.102041 2870.181406 3055.963719 3222.358277 3432.857143 3625.034014 3836.825397 4033.741497 4225.034014 4428.367347 4619.455782 4837.120181 5048.321995 5249.501134 5406.507937 5630.566893 6124.829932 6522.721088 6827.55102 7039.410431 7339.977324 7535.941043 7786.031746
bird_8_251209_145323.43.wav,aaaaaaaddddgggonhjkblgdhjkb,987.555913 1478.621673 1657.193101 1838.190834 2022.476548 2547.261128 2704.426661 2896.172693 3067.986752 3263.587659 3447.329156 3641.637546 3829.551378 4028.735051 4183.043441 4376.603532 4601.047976 5095.583124 5442.136412 5746.308747 5975.424394 6211.342761 6382.453872 6557.419859 7045.084258 7420.979949 7708.508294,1070.730516 1544.131877 1758.757727 1926.127342 2113.406253 2610.07292 2787.215777 2993.859768 3174.812149 3364.313283 3551.365437 3746.127342 3945.945936 4139.097863 4295.855233 4522.635278 5016.172693 5374.562716 5672.884711 5894.834825 6070.458407 6326.013963 6472.317818 6957.057047 7333.338226 7645.084258 7870.70784
bird_8_251209_145439.44.wav,aaaaaaaaaaaaafaaddddggonhjkbaaafaaddddfafggdgonhjkbaaaafaafdddggonhjkbaaaon,1959.773243 2188.412698 2395.895692 2570.022676 2764.78458 2960.929705 3162.653061 3367.07483 3569.229025 3769.705215 4031.179138 4204.648526 4641.405896 4846.598639 5045.963719 5244.444444 5422.92517 5613.446712 5794.240363 5971.85941 6179.387755 6367.482993 6528.730159 6732.222222 6932.44898 7453.356009 7815.85034 8108.367347 8480.362812 8680.498866 8852.517007 9001.678005 9217.142857 9408.117914 9592.60771 9768.14059 9946.281179 10131.156463 10369.954649 10489.68254 10649.092971 10850.952381 11040.861678 11219.229025 11393.174603 11558.888889 11753.877551 11955.804989 12435.487528 12794.671202 13084.46712 13420.907029 13601.201814 13799.410431 13986.099773 14150.249433 14367.142857 14549.455782 14711.836735 14894.761905 15090.453515 15285.170068 15464.30839 15660.113379 15831.473923 16009.183673 16219.342404 16716.780045 17087.891156 17373.741497 17739.659864 17913.900227 18115.37415 18257.256236 18466.258503,2037.823129 2261.814059 2476.145125 2664.30839 2852.970522 3063.582766 3259.637188 3467.891156 3668.888889 3867.39229 4106.961451 4276.371882 4720.793651 4937.687075 5124.444444 5319.342404 5518.231293 5717.278912 5891.54195 6078.435374 6291.088435 6479.183673 6645.283447 6864.693878 7366.417234 7743.877551 8050.340136 8269.387755 8550.907029 8747.959184 8930.884354 9103.424036 9302.947846 9485.170068 9688.004535 9882.517007 10058.004535 10239.637188 10436.893424 10565.986395 10738.548753 10963.287982 11163.582766 11307.39229 11508.208617 11667.709751 11890.181406 12355.895692 12716.984127 13032.494331 13240.680272 13493.333333 13686.870748 13895.873016 14095.442177 14245.555556 14450.884354 14637.936508 14815.011338 14997.55102 15183.24263 15382.879819 15574.217687 15778.027211 15938.548753 16146.848073 16627.165533 17006.825397 17320.589569 17538.684807 17809.977324 18058.639456 18199.024943 18378.480726 18601.678005
bird_8_251209_145511.45.wav,aaaaaaaaafaadddggonhjkbaaafaaafdddggaonhjkblgdgonhjkbafaafddggoe,1959.909297 2194.46712 2381.179138 2568.390023 2762.267574 2953.129252 3161.904762 3343.877551 3590.15873 3778.072562 4031.632653 4203.877551 4368.911565 4544.603175 4725.328798 4920.226757 5118.45805 5284.353741 5486.621315 5729.274376 6173.378685 6540.136054 6835.646259 7150.47619 7302.857143 7519.795918 7663.877551 7867.891156 8046.394558 8235.21542 8412.199546 8582.562358 8748.594104 8922.108844 9114.897959 9305.555556 9499.047619 9659.229025 9849.954649 10064.897959 10600.294785 10976.598639 11266.462585 11493.8322 11760.022676 11918.253968 12110.770975 12288.29932 12484.376417 12705.646259 13206.235828 13555.623583 13840.113379 14123.265306 14303.696145 14514.580499 14693.922902 14841.678005 15012.993197 15200.680272 15391.247166 15601.179138 15765.464853 16481.904762,2022.879819 2261.609977 2469.659864 2669.501134 2866.099773 3054.421769 3252.789116 3438.412698 3686.621315 3863.333333 4104.14966 4293.446712 4470.589569 4651.020408 4834.62585 5036.394558 5228.231293 5402.380952 5624.965986 6084.807256 6462.947846 6771.655329 6977.097506 7221.156463 7408.77551 7598.276644 7761.836735 7952.267574 8127.913832 8315.600907 8490.748299 8688.072562 8856.1678 9030.453515 9224.058957 9428.571429 9599.229025 9768.072562 9994.104308 10517.732426 10886.235828 11203.628118 11423.764172 11592.471655 11863.129252 12020.861678 12223.356009 12406.780045 12619.886621 13117.845805 13472.358277 13774.399093 13989.478458 14206.598639 14408.344671 14582.857143 14770.181406 14929.68254 15110.226757 15302.970522 15514.489796 15721.06576 15884.421769 16509.183673
bird_8_251209_150036.46.wav,aaaaaaaaaaaafaafdddfaadddgaaafggddddggonhjkbaa,213.877551 1602.630385 1965.192744 2660.430839 2860.770975 3062.290249 3239.591837 3432.811791 3637.052154 3823.854875 4079.410431 4294.353741 4452.517007 4690.952381 4894.331066 5057.369615 5260.952381 5456.507937 5660.294785 6002.040816 6184.671202 6353.106576 6531.133787 6703.492063 6907.006803 7126.893424 7733.446712 7894.852608 8083.650794 8230.385488 8459.795918 8648.14059 8816.848073 8998.45805 9215.827664 9413.8322 9613.718821 9809.342404 9967.460317 10161.496599 10377.732426 10892.653061 11245.079365 11544.761905 11979.251701 12191.927438,276.326531 1681.496599 2030.816327 2735.37415 2950.702948 3147.006803 3333.537415 3527.800454 3734.444444 3924.897959 4136.961451 4370.929705 4542.675737 4765.873016 4964.943311 5164.285714 5363.129252 5561.519274 5878.231293 6048.503401 6265.53288 6437.777778 6626.802721 6807.755102 7007.777778 7240.816327 7801.088435 7993.650794 8165.011338 8325.555556 8568.276644 8761.247166 8902.743764 9109.410431 9323.424036 9517.936508 9726.349206 9932.743764 10085.464853 10305.079365 10783.378685 11167.029478 11485.464853 11697.596372 12034.376417 12268.344671
bird_8_251209_150319.47.wav,aaaaaaaaaaaaafaadddddggonhjkblgdhjkbaaafaafddggonhj,271.814059 1550.839002 1970.884354 2161.791383 2385.578231 2601.22449 2805.37415 3000.566893 3208.752834 3410.975057 3656.938776 3840.15873 4042.44898 4215.736961 4418.911565 4602.131519 4795.85034 4987.210884 5189.750567 5381.451247 5556.439909 5766.394558 5981.020408 6138.61678 6340.113379 6547.619048 7051.746032 7413.605442 7706.145125 7943.061224 8209.024943 8378.662132 8572.539683 9085.555556 9457.596372 9740.816327 10092.040816 10298.321995 10516.099773 10690.929705 10886.077098 11083.446712 11227.868481 11414.603175 11609.183673 11799.433107 11994.829932 12160.385488 12349.047619 12552.018141 13048.435374,323.446712 1600.793651 2043.469388 2245.85034 2483.696145 2685.69161 2888.480726 3085.260771 3303.197279 3507.528345 3734.512472 3920.657596 4121.927438 4298.61678 4500.113379 4692.131519 4897.029478 5081.678005 5293.151927 5484.829932 5656.802721 5879.002268 6090.725624 6254.535147 6476.621315 6955.102041 7331.156463 7644.399093 7871.496599 8041.156463 8317.052154 8471.609977 8990.249433 9366.9161 9681.133787 9884.081633 10146.439909 10386.712018 10595.124717 10783.287982 10970.612245 11158.14059 11319.52381 11519.138322 11709.863946 11905.623583 12105.714286 12270.068027 12487.301587 12973.900227 13343.968254
bird_8_251209_153556.50.wav,aaaaaddddfafggdgonhjkbaaafaaddddggonhjkblggonhjkblgdhjkblgao,757.36671 931.969885 1119.316824 1319.793014 1506.89052 1687.638819 1891.153558 2070.586665 2267.752198 2436.754465 2621.51637 2769.97442 2982.831563 3169.97442 3345.189839 3522.446075 3685.257867 3877.457413 4063.602538 4536.641087 4891.017504 5175.439273 5744.010701 5923.103672 6441.493694 6573.761268 6778.681903 6985.439273 7122.355372 7284.645622 7468.43247 7648.046982 7832.468751 8030.314556 8188.296415 8376.14222 8572.332697 9088.27374 9447.661495 9735.66603 9990.904125 10211.425667 10413.783944 10575.688706 10767.094601 10979.49823 11466.096869 11838.251064 12122.083264 12356.935871 12614.350837 12783.829295 12948.772606 13435.734057 13783.194375 14065.870112 14297.344034 14559.566257 14756.595735 14898.636552,855.82476 1022.241994 1225.439273 1419.679635 1598.228388 1784.44154 1996.958547 2171.969885 2370.700044 2518.341767 2701.334964 2866.867844 3091.811155 3286.232923 3435.325894 3638.636552 3791.811155 4009.929069 4448.954012 4801.720452 5116.300951 5333.103672 5811.788479 5996.164896 6510.337232 6675.053785 6863.647889 7044.328161 7222.967617 7385.915463 7572.151291 7753.80662 7948.477821 8146.709114 8299.362175 8511.35764 8990.337232 9377.094601 9672.876914 9892.718184 10078.046982 10327.729522 10531.017504 10687.865576 10904.260134 11384.804352 11751.017504 12056.777141 12280.110474 12450.087799 12729.97442 12873.443808 13346.210248 13714.509567 14007.434737 14215.484624 14390.654692 14678.296415 14835.280542 15012.173966
bird_8_251209_153620.51.wav,aaaaaaaafaafddddggconhjkblgaoaaafggonhjkblgdhjkblgdhjkblgaoaaaafggonhjkba,1976.961451 2198.095238 2396.848073 2579.319728 2769.297052 2971.882086 3155.487528 3337.959184 3500.521542 3684.965986 3851.904762 4033.537415 4222.562358 4397.777778 4572.063492 4751.609977 4938.276644 5125.147392 5249.455782 5284.263039 5477.460317 5679.365079 6156.303855 6502.018141 6796.281179 6997.07483 7245.646259 7439.931973 7577.165533 8077.324263 8245.442177 8455.759637 8593.287982 8772.60771 8965.487528 9128.503401 9318.231293 9520.702948 10032.653061 10383.696145 10669.365079 10879.546485 11141.247166 11298.480726 11464.988662 11967.482993 12334.897959 12622.721088 12833.764172 13080.997732 13258.367347 13471.179138 13944.172336 14301.405896 14589.931973 14811.927438 15055.102041 15266.848073 15404.535147 15962.902494 16147.800454 16316.530612 16516.281179 16665.668934 16841.904762 17036.575964 17208.480726 17393.718821 17594.739229 18097.346939 18455.759637 18749.727891 19359.342404,2043.197279 2277.528345 2488.571429 2674.263039 2859.773243 3074.693878 3252.76644 3429.410431 3588.911565 3768.435374 3938.888889 4120.544218 4328.185941 4501.360544 4680.0 4856.031746 5059.115646 5240.793651 5271.768707 5397.437642 5613.197279 6086.575964 6433.129252 6729.455782 6944.013605 7098.820862 7355.941043 7515.578231 7693.673469 8149.433107 8339.931973 8534.331066 8677.755102 8889.206349 9080.975057 9243.129252 9455.646259 9955.736961 10308.594104 10616.984127 10824.557823 10989.727891 11252.131519 11396.439909 11873.8322 12255.328798 12572.743764 12768.344671 12941.133787 13193.809524 13345.714286 13861.54195 14223.605442 14529.070295 14753.786848 14914.988662 15171.473923 15336.507937 15522.176871 16035.21542 16241.111111 16417.324263 16602.086168 16747.936508 16963.492063 17152.517007 17313.446712 17531.995465 18018.45805 18372.222222 18674.603175 18910.362812 19425.260771
bird_8_251209_153639.52.wav,aaaafaaddggonhjkblgdhjkblgdgonhjkblaaafggonhjkaaaaafaddggonhjk,1214.957683 1387.15723 1563.302354 1739.742264 1884.753601 2078.585801 2256.771742 2421.193511 2588.835234 2775.456549 2959.855642 3123.143624 3312.440676 3524.322762 4027.769475 4408.608477 4683.937275 4896.590336 5169.424803 5354.617547 5520.105075 6016.159497 6368.631153 6666.862445 6866.726391 7104.844304 7281.306889 7455.456549 7628.313692 7819.424803 8027.293284 8541.125484 8908.245665 9203.052921 9421.442944 9764.776277 10206.839769 10431.964486 10577.406663 10779.810291 10965.18444 11128.449747 11321.805756 11548.585801 12074.889656 12439.152694 13161.669701 13390.581266 13588.109611 13765.728658 13951.578998 14117.043851 14261.012105 14423.64249 14597.769475 14787.814826 14975.751334 15140.309157 15333.959951 15535.887388 16021.442944 16391.374917,1288.336368 1479.470155 1652.327298 1817.066527 1968.85791 2160.309157 2340.649293 2525.842037 2699.266073 2891.46562 3073.279679 3234.504168 3456.046119 3954.821629 4315.615279 4614.413465 4847.701447 4994.753601 5281.94181 5440.059724 5927.31596 6302.009837 6588.222989 6828.064259 6979.288749 7218.381719 7380.762672 7578.381719 7736.975824 7948.041583 8456.182173 8822.962218 9143.075597 9363.597139 9529.152694 9836.749066 10296.613012 10512.304622 10676.499633 10895.637955 11079.130019 11241.715053 11456.544985 11990.603942 12360.24113 12670.785348 13239.900994 13469.356776 13677.928205 13868.517774 14042.349973 14171.851107 14348.222989 14531.692377 14699.447479 14904.844304 15094.209384 15257.338636 15456.09147 15929.787615 16320.195778 16622.735461
bird_8_251209_153703.53.wav,aaaaaaaadddggonfhjkblgdgonhjkbfaaonaaafaaonhjkblaaddddgonhjkblgdhjaaaonhjkblea,1962.879819 2172.244898 2359.954649 2555.623583 2743.99093 2931.791383 3125.510204 3298.095238 3486.326531 3654.807256 3817.936508 4015.85034 4206.190476 4376.75737 4568.231293 4769.410431 4792.721088 5290.816327 5649.115646 5932.993197 6145.53288 6401.292517 6569.478458 6749.614512 6908.61678 7106.190476 7330.045351 7863.877551 8234.761905 8526.371882 8806.621315 8993.469388 9162.086168 9292.176871 9490.045351 10056.1678 10238.888889 10447.800454 10643.310658 10832.789116 10997.460317 11142.585034 11368.843537 11558.163265 12078.707483 12467.664399 12752.063492 12949.977324 13266.938776 13436.621315 13629.319728 13801.54195 13985.419501 14158.911565 14344.603175 14510.249433 14705.668934 14912.993197 15431.473923 15804.603175 16098.594104 16310.498866 16584.807256 16747.845805 16908.367347 17384.557823 18181.655329 18369.251701 18575.034014 18715.736961 18914.920635 19124.081633 19638.752834 20004.285714 20290.47619 20520.657596 20723.673469 20810.725624,2033.8322 2261.972789 2458.208617 2655.53288 2844.195011 3029.251701 3203.469388 3388.866213 3583.174603 3759.115646 3933.015873 4134.943311 4331.179138 4488.730159 4708.095238 4790.589569 5206.281179 5581.564626 5877.709751 6098.231293 6250.47619 6521.678005 6662.018141 6860.453515 7023.038549 7235.623583 7783.446712 8156.00907 8475.102041 8693.151927 8896.984127 9071.269841 9242.857143 9419.229025 9627.301587 10131.451247 10343.401361 10551.678005 10718.684807 10902.675737 11075.895692 11260.680272 11497.39229 11999.002268 12363.582766 12690.045351 12914.376417 13058.253968 13345.623583 13535.646259 13733.333333 13906.802721 14091.020408 14270.612245 14461.972789 14619.342404 14841.405896 15350.748299 15723.310658 16026.371882 16245.464853 16415.53288 16693.900227 16835.714286 17310.294785 17666.122449 18259.410431 18480.453515 18654.104308 18830.453515 19047.800454 19554.852608 19913.8322 20250.249433 20455.464853 20626.780045 20746.439909 20895.034014
bird_8_251209_153736.54.wav,aaaaaddafddddggonhjkblgdgonhjkblgdhcfaaonhjkblaaaaaddgaonhjkcaaddgonhjkblgdhjkblgao,1969.977324 2160.498866 2344.172336 2526.00907 2705.646259 2866.462585 3038.480726 3241.564626 3420.521542 3622.290249 3806.485261 3980.15873 4153.151927 4339.773243 4535.895692 4694.240363 4898.321995 5099.909297 5577.256236 5938.684807 6223.378685 6437.868481 6668.049887 6836.303855 7019.138322 7180.498866 7377.210884 7584.62585 8099.387755 8466.235828 8744.603175 8953.197279 9195.918367 9366.439909 9543.310658 10014.172336 10062.380952 10200.090703 10378.435374 10526.281179 10718.77551 10923.492063 11470.702948 11834.739229 12119.092971 12321.587302 12608.435374 13582.44898 13787.482993 13983.401361 14189.365079 14380.748299 14536.145125 14727.414966 14919.68254 15060.340136 15240.408163 15448.61678 15950.884354 16331.043084 16688.888889 16842.698413 17011.950113 17187.006803 17356.213152 17536.643991 17711.519274 17900.770975 18100.884354 18626.961451 18994.78458 19274.353741 19472.267574 19718.435374 19883.015873 20073.854875 20554.920635 20924.489796 21214.126984 21422.993197 21667.936508 21879.637188 22016.258503,2025.011338 2239.931973 2438.390023 2620.31746 2800.566893 2967.936508 3148.61678 3332.539683 3521.950113 3724.943311 3910.498866 4086.439909 4266.326531 4459.818594 4651.133787 4806.870748 5030.022676 5502.879819 5868.435374 6172.176871 6379.52381 6530.340136 6781.746032 6930.566893 7133.287982 7294.557823 7511.791383 8015.918367 8386.621315 8693.310658 8902.698413 9055.396825 9308.594104 9453.287982 9930.226757 10047.006803 10121.38322 10277.278912 10460.113379 10643.446712 10853.514739 11388.843537 11748.276644 12063.718821 12270.226757 12423.106576 12698.435374 13652.403628 13885.21542 14076.1678 14282.902494 14481.70068 14646.00907 14840.045351 15001.201814 15175.351474 15381.06576 15865.918367 16244.444444 16571.587302 16733.174603 16942.539683 17118.911565 17297.188209 17461.201814 17655.918367 17822.811791 18036.666667 18549.455782 18919.251701 19213.8322 19438.684807 19572.721088 19832.335601 19973.718821 20482.494331 20852.993197 21145.056689 21376.643991 21526.303855 21782.834467 21955.419501 22130.045351
bird_8_251209_153815.55.wav,aaaaaaaddddfafddggonhjkblgdgonhjkblgdgonhjkblaaafaaaonhjkblgdgonhjkblgaonhjkbaadd,1962.630385 2181.292517 2366.75737 2549.818594 2738.956916 2937.959184 3124.081633 3336.780045 3508.526077 3697.482993 3916.439909 4116.938776 4292.834467 4447.188209 4609.206349 4787.55102 4983.265306 5175.147392 5337.800454 5521.768707 5725.283447 6208.752834 6562.789116 6849.387755 7063.582766 7293.854875 7461.201814 7647.868481 7813.446712 8021.111111 8221.337868 8741.54195 9103.356009 9385.759637 9582.199546 9849.024943 10017.278912 10195.963719 10357.709751 10550.589569 10758.843537 11316.825397 11658.639456 11953.945578 12188.208617 12676.961451 12854.195011 13049.047619 13195.464853 13381.609977 13577.029478 13792.018141 13920.408163 14125.714286 14327.596372 14851.972789 15208.117914 15497.800454 15730.15873 15960.544218 16127.256236 16303.038549 16467.823129 16679.569161 16909.002268 17429.251701 17784.331066 18073.061224 18289.251701 18532.086168 18729.795918 18873.605442 19067.891156 19261.519274 19794.580499 20150.770975 20438.367347 20753.333333 20945.623583 21128.095238 21351.156463,2026.349206 2269.954649 2463.673469 2643.718821 2834.78458 3035.260771 3214.104308 3427.641723 3617.07483 3807.823129 4013.174603 4203.696145 4375.736961 4529.52381 4719.115646 4900.249433 5106.802721 5294.331066 5448.956916 5657.687075 6144.036281 6491.791383 6794.421769 7001.972789 7150.544218 7401.451247 7560.340136 7763.605442 7926.825397 8155.714286 8669.478458 9027.505669 9332.562358 9545.53288 9691.54195 9954.920635 10107.981859 10311.247166 10467.845805 10681.201814 11222.630385 11592.176871 11877.39229 12106.485261 12275.124717 12742.92517 12955.464853 13130.272109 13281.950113 13468.117914 13655.895692 13868.526077 14038.45805 14257.097506 14773.922902 15137.324263 15448.684807 15650.612245 15816.621315 16067.006803 16223.378685 16419.183673 16578.843537 16814.331066 17358.93424 17715.21542 18016.938776 18237.732426 18393.514739 18644.739229 18808.14059 18983.219955 19200.340136 19701.882086 20081.22449 20382.471655 20601.768707 20831.043084 21038.321995 21231.814059 21454.988662
bird_8_251209_153853.56.wav,aaaaaaaaddfaafddggonhjkblgdgonhjkblgaonfhj,1973.877551 2179.115646 2396.462585 2569.727891 2755.736961 2959.886621 3160.362812 3367.052154 3557.709751 3726.349206 3930.816327 4097.55102 4283.061224 4420.589569 4586.077098 4766.303855 4944.46712 5135.510204 5301.043084 5491.882086 5693.492063 6206.575964 6558.684807 6842.063492 7041.723356 7262.403628 7427.800454 7601.791383 7770.362812 7960.090703 8152.721088 8640.47619 8995.759637 9274.943311 9478.662132 9795.238095 9990.430839 10124.807256 10331.292517 10551.088435 10575.759637 11091.179138,2044.875283 2269.092971 2474.739229 2667.596372 2839.387755 3042.76644 3253.968254 3455.419501 3653.514739 3829.297052 4011.814059 4178.004535 4358.185941 4506.326531 4685.306122 4862.789116 5062.176871 5255.714286 5411.247166 5631.632653 6117.07483 6495.238095 6791.405896 7004.512472 7139.433107 7378.45805 7524.875283 7720.725624 7876.235828 8090.702948 8569.092971 8926.145125 9227.823129 9426.575964 9573.174603 9893.446712 10056.145125 10253.219955 10470.544218 10574.671202 10998.163265 11373.673469
bird_8_251209_153912.57.wav,aaaaaaaafaafdddggonhjkblgdgonhjkblgdgonhjkblgddddgaonhjkblaaafaaonhje,1987.120181 2198.571429 2379.365079 2576.825397 2778.820862 2999.569161 3223.378685 3418.208617 3573.219955 3772.92517 3962.131519 4103.560091 4272.562358 4448.730159 4624.285714 4815.283447 5018.072562 5177.369615 5361.201814 5563.265306 6047.414966 6400.725624 6679.501134 6859.886621 7105.759637 7267.913832 7446.9161 7611.22449 7806.666667 8015.056689 8552.879819 8935.578231 9226.75737 9426.825397 9688.707483 9863.514739 10037.664399 10199.047619 10399.455782 10594.217687 11126.870748 11497.891156 11777.414966 11991.70068 12252.290249 12423.061224 12594.081633 12766.462585 12947.414966 13121.428571 13323.854875 13452.947846 13641.269841 13838.503401 14376.1678 14735.804989 15022.267574 15224.897959 15503.174603 15684.058957 15890.249433 16058.820862 16232.063492 16421.995465 16558.93424 16748.866213 16953.877551 17466.031746 17803.560091,2049.52381 2287.165533 2476.213152 2678.231293 2875.736961 3102.244898 3317.868481 3504.648526 3670.430839 3854.875283 4039.705215 4190.249433 4374.875283 4550.136054 4733.8322 4934.421769 5126.326531 5289.478458 5500.544218 5969.909297 6330.975057 6620.816327 6843.673469 6978.503401 7215.419501 7356.349206 7559.886621 7727.346939 7938.45805 8475.079365 8842.018141 9159.909297 9381.904762 9534.852608 9806.848073 9962.108844 10158.367347 10312.675737 10537.641723 11033.900227 11416.145125 11725.85034 11934.489796 12086.213152 12369.773243 12525.895692 12705.260771 12880.770975 13057.709751 13236.984127 13394.62585 13560.204082 13775.646259 14295.510204 14666.575964 14952.517007 15180.090703 15334.512472 15590.816327 15787.732426 15968.049887 16135.102041 16315.895692 16499.183673 16678.77551 16890.839002 17380.498866 17745.260771 17839.365079
bird_8_251209_153953.58.wav,aaaaaaaaaaafddddggonhjkblgdhjkblaafggdgonhjkblad,1968.29932 2166.077098 2380.566893 2570.839002 2765.759637 2969.365079 3152.630385 3437.755102 3607.845805 3805.782313 3980.385488 4167.006803 4324.512472 4503.0839 4703.696145 4884.421769 5073.809524 5271.22449 5430.725624 5630.657596 5833.061224 6324.421769 6675.192744 6956.530612 7188.231293 7437.573696 7601.836735 7776.666667 8218.480726 8580.793651 8863.605442 9071.315193 9336.825397 9545.963719 9679.501134 9891.791383 10088.820862 10271.882086 10449.251701 10612.335601 10809.274376 11008.29932 11507.619048 11905.192744 12200.408163 12383.061224 12786.281179 12984.693878,2031.088435 2247.755102 2468.752834 2665.578231 2863.401361 3074.376417 3258.185941 3511.70068 3685.782313 3883.469388 4068.503401 4252.879819 4428.117914 4604.648526 4805.487528 4991.247166 5191.519274 5382.675737 5551.85941 5766.893424 6246.780045 6601.360544 6897.891156 7118.208617 7281.179138 7547.687075 7694.444444 8128.276644 8503.151927 8795.873016 9020.453515 9162.086168 9418.662132 9617.278912 9781.496599 10010.090703 10212.244898 10361.995465 10568.843537 10727.664399 10946.258503 11427.505669 11817.732426 12123.696145 12357.097506 12498.390023 12861.111111 13085.827664
bird_8_251209_154019.59.wav,aaaaaaaaaafaaafddggonhjkblgdgonhjkblgdgonhjkblaaafaafggonhjkblaaafddggohjkb,1963.696145 2297.823129 2497.573696 2697.256236 2905.056689 3098.367347 3383.854875 3608.027211 3859.365079 4053.174603 4254.739229 4438.979592 4624.671202 4787.256236 4930.498866 5114.852608 5284.852608 5469.319728 5663.718821 5820.31746 6008.390023 6209.795918 6733.877551 7088.956916 7379.070295 7610.884354 7885.941043 8047.414966 8214.693878 8375.895692 8571.836735 8768.231293 9333.197279 9688.253968 9964.943311 10165.941043 10430.0 10590.294785 10765.011338 10929.614512 11118.231293 11315.53288 11847.188209 12219.546485 12508.61678 12710.090703 13037.573696 13198.004535 13408.956916 13559.773243 13749.229025 13944.965986 14089.433107 14265.170068 14458.571429 14616.417234 14812.698413 15011.972789 15535.306122 15886.689342 16171.043084 16376.75737 16680.634921 16903.356009 17195.260771 17349.138322 17519.931973 17686.439909 17875.124717 18072.834467 18240.294785 18626.666667 19149.68254 19514.30839 19807.709751,2052.92517 2372.789116 2598.820862 2789.138322 3004.058957 3200.589569 3467.414966 3700.204082 3957.165533 4146.031746 4347.278912 4519.637188 4690.340136 4867.755102 5044.30839 5214.603175 5386.938776 5585.986395 5779.569161 5937.460317 6153.038549 6655.011338 7008.77551 7325.079365 7536.213152 7710.181406 7998.004535 8144.421769 8335.147392 8489.160998 8707.641723 9235.941043 9606.689342 9924.807256 10144.126984 10278.367347 10540.975057 10689.002268 10880.430839 11039.319728 11255.396825 11755.011338 12148.956916 12433.151927 12682.018141 12817.755102 13109.705215 13298.956916 13494.852608 13658.911565 13829.591837 14025.442177 14185.419501 14379.297052 14569.138322 14728.911565 14952.358277 15467.505669 15823.038549 16115.69161 16325.895692 16475.396825 16753.922902 16986.258503 17280.249433 17434.580499 17626.054422 17800.31746 17993.99093 18193.764172 18351.54195 19082.063492 19440.249433 19733.106576 19975.283447
bird_8_251209_154102.61.wav,aaaaaaaaaafaodfaaddddggonhjkblgdgonhjkblgdgonhjkblaaafaaonhjkblgdgonhje,1970.997732 2171.746032 2383.696145 2575.963719 2771.519274 2965.328798 3175.668934 3378.548753 3579.795918 3750.589569 3954.920635 4171.950113 4367.482993 4591.337868 4840.952381 5390.136054 5586.984127 5797.437642 5973.219955 6150.31746 6329.569161 6512.108844 6714.897959 6880.249433 7066.621315 7258.843537 7783.310658 8145.782313 8427.07483 8648.072562 8872.018141 9048.956916 9221.791383 9383.015873 9575.396825 9772.517007 10322.131519 10679.614512 10967.868481 11177.029478 11411.428571 11582.60771 11779.705215 11940.589569 12129.433107 12329.954649 12876.689342 13263.287982 13551.22449 13789.387755 14049.455782 14255.102041 14452.879819 14597.845805 14825.102041 15023.038549 15164.489796 15368.117914 15582.108844 16091.927438 16458.820862 16744.875283 16949.024943 17241.70068 17408.095238 17593.968254 17758.548753 17955.69161 18153.378685 18670.181406 19425.578231,2038.956916 2263.786848 2462.494331 2680.181406 2860.612245 3063.333333 3267.210884 3471.043084 3666.938776 3832.902494 4050.680272 4248.911565 4457.959184 4688.730159 4902.040816 5464.30839 5672.335601 5893.514739 6071.972789 6252.063492 6442.60771 6628.526077 6834.875283 6985.396825 7200.952381 7695.351474 8068.412698 8370.907029 8589.410431 8743.446712 8986.326531 9137.687075 9339.727891 9495.963719 9709.002268 10233.741497 10609.68254 10905.124717 11132.675737 11270.340136 11523.8322 11675.306122 11896.780045 12053.446712 12268.594104 12804.285714 13178.571429 13484.444444 13699.818594 13876.553288 14143.99093 14342.176871 14526.666667 14704.013605 14893.356009 15098.888889 15273.877551 15495.034014 16012.76644 16375.170068 16675.782313 16904.172336 17057.981859 17354.603175 17510.952381 17710.929705 17871.927438 18085.941043 18586.145125 18954.172336 19489.297052
bird_8_251209_160324.63.wav,aaaaaaaaaaaaafafdddggdgonhjkbaaaaafaafggdddg,803.904136 1018.62069 1235.151302 1415.85425 1615.899601 1809.25561 2005.559465 2368.393932 2512.316835 3026.625225 3228.598014 3452.339511 3682.475565 3825.242005 4054.765814 4210.32137 4406.285089 4574.856517 4757.192118 5017.23747 5202.02205 5376.534522 5552.430213 5713.949488 5919.41434 6127.509579 6591.749941 6943.586676 7229.913207 7763.564 8065.151302 8304.811166 8490.344046 8682.906404 8846.965361 9062.090077 9264.493706 9392.135429 9582.067402 9784.289624 9947.532254 10121.024318 10338.053796 10516.579873,859.300962 1110.344046 1315.627492 1510.706857 1698.892798 1902.271483 2105.876925 2424.244272 2597.486903 3096.579873 3319.25561 3543.586676 3768.824771 3939.754477 4135.128626 4320.366721 4507.260145 4681.636563 4862.951755 5131.54586 5318.325905 5478.325905 5670.094613 5828.575338 6044.493706 6494.675111 6865.491438 7181.86332 7386.17171 7850.774885 8148.960826 8393.858785 8593.473297 8784.856517 8951.613887 9146.217062 9339.799828 9478.734068 9706.058331 9903.700055 10046.988037 10228.824771 10438.257878 10634.516381
bird_8_251209_161105.66.wav,aeaaaaaaaaaaafafggdggonhjkblggdddggonhjkblaaf,1583.151927 1642.108844 1780.022676 1960.589569 2176.077098 2374.535147 2575.011338 2759.637188 2958.61678 3145.170068 3342.471655 3510.408163 3718.888889 3863.24263 4082.040816 4239.637188 4503.877551 4703.764172 4890.0 5080.045351 5277.596372 5443.8322 5636.371882 5836.734694 6345.918367 6708.956916 7007.845805 7239.251701 7521.723356 7734.399093 7925.21542 8106.485261 8278.163265 8491.564626 8693.310658 8853.310658 9047.959184 9245.37415 9759.931973 10122.290249 10415.555556 10670.929705 10896.349206 11084.693878 11257.755102,1633.696145 1665.102041 1852.335601 2049.795918 2259.954649 2475.646259 2673.469388 2854.376417 3041.22449 3238.639456 3415.37415 3587.641723 3804.126984 3966.145125 4164.30839 4333.650794 4615.21542 4833.333333 4983.922902 5191.315193 5399.705215 5557.07483 5789.425304 6253.492063 6618.503401 6936.75737 7158.707483 7335.238095 7638.798186 7865.555556 8019.546485 8206.099773 8384.444444 8609.342404 8805.941043 8963.197279 9182.471655 9665.056689 10037.868481 10351.088435 10571.587302 10733.968254 10971.950113 11177.687075 11351.179138
bird_8_251209_161127.67.wav,aaaaaaaaafggonhjkblaaa,2414.988662 2578.095238 2764.965986 2957.959184 3148.662132 3322.199546 3520.861678 3704.852608 3920.090703 4060.566893 4268.93424 4462.585034 4616.462585 4819.115646 5040.702948 5503.24263 5871.428571 6169.705215 6382.539683 6729.115646 6923.764172 7141.564626,2475.306122 2664.399093 2862.879819 3057.256236 3237.732426 3431.54195 3616.326531 3806.1678 3988.321995 4149.433107 4384.920635 4573.356009 4742.76644 4955.510204 5415.487528 5790.816327 6111.428571 6328.888889 6481.564626 6806.712018 7026.077098 7214.580499
bird_8_251209_161155.68.wav,aaaaaaaaaaaaaaafaaaadddddggonhjkbaaaaaafaafdddggonhjkblaaafggonfdfaaaafggdddafaaonhjkblaaadddafggonhjkblgdhjke,484.875283 675.600907 904.285714 1795.238095 1982.199546 2170.680272 2366.666667 2570.544218 2770.725624 2974.399093 3164.263039 3353.900227 3568.412698 3764.399093 3986.666667 4140.408163 4352.92517 4515.555556 4723.287982 4899.750567 5055.102041 5235.623583 5418.095238 5613.333333 5790.544218 5981.088435 6174.14966 6340.612245 6539.047619 6748.231293 7247.006803 7611.85941 7918.888889 8275.487528 8469.047619 8659.410431 8892.76644 9088.412698 9310.362812 9478.730159 9681.791383 9873.945578 10012.086168 10183.265306 10365.555556 10529.977324 10721.950113 10910.090703 11087.528345 11278.027211 11482.585034 12001.088435 12364.739229 12675.147392 12923.877551 13261.587302 13480.997732 13678.77551 13820.612245 14041.85941 14236.893424 14406.190476 14606.077098 14948.163265 15017.346939 15340.362812 15520.068027 15723.492063 15991.111111 16195.736961 16343.741497 16558.14059 16761.564626 16935.85034 17115.918367 17295.464853 17752.562358 17941.904762 18136.712018 18317.482993 18459.727891 18656.507937 18867.324263 19353.673469 19702.358277 19985.170068 20215.260771 20939.727891 21136.1678 21342.811791 21526.643991 21694.331066 21872.789116 22065.442177 22225.895692 22406.462585 22592.902494 22779.002268 22974.036281 23193.469388 23701.496599 24072.199546 24349.501134 24554.920635 24835.37415 25003.0839 25181.451247 25638.571429 26009.183673 26415.034014,551.927438 758.412698 978.730159 1855.351474 2057.732426 2257.256236 2460.702948 2667.800454 2864.444444 3066.235828 3253.809524 3448.276644 3647.868481 3831.496599 4064.013605 4223.945578 4426.893424 4603.741497 4812.063492 4994.444444 5159.342404 5337.596372 5527.120181 5720.15873 5897.687075 6095.034014 6289.546485 6453.764172 6676.371882 7153.764172 7524.761905 7843.174603 8075.147392 8335.827664 8566.462585 8764.036281 8985.238095 9182.244898 9378.548753 9578.843537 9768.594104 9956.00907 10105.487528 10291.111111 10468.526077 10636.802721 10839.52381 11028.662132 11202.698413 11417.369615 11899.705215 12293.8322 12591.655329 12841.473923 13036.938776 13342.562358 13565.124717 13758.049887 13924.421769 14155.668934 14351.405896 14517.278912 14735.759637 14996.712018 15214.172336 15392.517007 15609.750567 15811.043084 16075.419501 16275.147392 16444.195011 16676.031746 16884.671202 17033.106576 17225.056689 17395.53288 17836.870748 18023.741497 18200.136054 18399.070295 18575.056689 18791.995465 19264.535147 19624.217687 19934.399093 20142.947846 20313.560091 21015.827664 21231.791383 21433.809524 21622.086168 21802.335601 21980.226757 22164.421769 22298.095238 22525.827664 22722.811791 22885.464853 23119.251701 23618.049887 23985.578231 24268.662132 24510.816327 24658.61678 24948.684807 25090.385488 25556.099773 25930.090703 26239.637188 26521.836735
bird_8_251209_161251.69.wav,aaaaaaaaaadddggonhjkblggonhjkblgdgoaaaafaafggdddggonhjkblaaafaaddggonhjk,1735.736961 1977.664399 2168.231293 2368.276644 2552.44898 2745.260771 2940.181406 3149.705215 3358.390023 3564.897959 3772.222222 3970.566893 4136.190476 4322.789116 4524.263039 4689.52381 4896.938776 5092.154195 5571.723356 5930.090703 6215.056689 6429.931973 6735.646259 6932.063492 7100.634921 7299.092971 7518.888889 7994.62585 8351.632653 8644.104308 8844.172336 9135.986395 9292.494331 9486.145125 9655.442177 9863.877551 10448.526077 10631.995465 10834.943311 10971.337868 11154.217687 11354.104308 11510.181406 11699.047619 11879.909297 12056.031746 12227.55102 12399.319728 12588.276644 12781.292517 12944.988662 13138.117914 13329.818594 13843.356009 14219.68254 14513.492063 14732.358277 15023.786848 15192.993197 15408.93424 15550.702948 15743.922902 15906.553288 16080.249433 16251.519274 16439.387755 16638.367347 16808.548753 17011.519274 17217.369615 17715.986395 18078.321995,1812.312925 2047.687075 2258.367347 2450.929705 2642.743764 2847.301587 3043.446712 3241.043084 3446.9161 3660.068027 3863.696145 4069.047619 4240.521542 4434.852608 4641.428571 4801.791383 5023.582766 5477.346939 5851.247166 6160.521542 6378.027211 6534.535147 6853.401361 7041.179138 7215.464853 7429.478458 7914.671202 8265.351474 8577.278912 8794.013605 8952.426304 9232.721088 9386.349206 9604.965986 9768.208617 9948.367347 10523.0839 10711.587302 10906.099773 11058.594104 11242.040816 11430.47619 11599.024943 11820.861678 11999.909297 12155.827664 12337.346939 12511.814059 12704.240363 12895.464853 13061.54195 13272.675737 13746.485261 14121.950113 14443.786848 14665.487528 14828.367347 15089.977324 15295.306122 15484.240363 15651.678005 15813.741497 15999.002268 16184.739229 16356.893424 16559.501134 16757.482993 16920.861678 17141.904762 17627.07483 17990.31746 18306.303855
bird_8_251209_165948.74.wav,aaaaaaaaaaaaafafggonhjkblgdgonhjkblgdhj,2407.641723 2660.362812 3057.460317 3335.986395 3518.049887 3692.040816 3884.78458 4083.446712 4282.879819 4478.435374 4680.113379 4880.362812 5071.85941 5218.253968 5414.920635 5567.39229 5768.231293 5968.321995 6128.14059 6319.68254 6519.501134 6978.730159 7321.655329 7601.54195 7804.195011 8049.297052 8238.548753 8439.569161 8596.9161 8789.342404 8983.015873 9478.027211 9839.909297 10117.687075 10338.911565 10582.335601 10756.122449 10926.054422 11420.702948,2456.417234 2727.913832 3132.108844 3406.439909 3602.993197 3789.569161 3982.335601 4177.460317 4375.646259 4574.943311 4772.857143 4975.85034 5155.53288 5317.800454 5495.283447 5656.417234 5884.353741 6078.344671 6237.029478 6453.560091 6900.612245 7249.342404 7548.253968 7772.562358 7912.44898 8168.662132 8327.120181 8580.997732 8708.526077 8926.077098 9380.0 9753.469388 10051.201814 10282.131519 10436.961451 10699.68254 10850.770975 11325.260771 11603.99093
bird_8_251209_170007.75.wav,aaaaaaaaafaafddggonhjkblaafaadddgonhjkblaaafaaonhjkblggonhjkblgdhjaaaafaaddggonhj,1978.61678 2468.866213 2644.671202 2843.809524 3017.596372 3206.689342 3392.471655 3585.69161 3769.909297 3904.399093 4118.049887 4294.62585 4449.863946 4623.560091 4797.301587 4990.952381 5174.557823 5303.24263 5528.752834 5733.197279 6255.396825 6615.873016 6896.712018 7114.897959 7445.668934 7786.666667 7918.911565 8148.93424 8318.61678 8489.773243 8651.111111 8828.866213 9018.526077 9181.972789 9389.274376 9588.843537 10068.049887 10420.294785 10702.267574 10937.891156 11257.210884 11416.122449 11600.884354 11750.068027 11958.684807 12157.301587 12285.328798 12474.920635 12668.344671 13189.886621 13564.875283 13850.022676 14080.15873 14377.709751 14574.920635 14734.263039 14932.902494 15146.281179 15625.442177 15977.959184 16265.37415 16466.75737 16716.9161 16883.106576 17071.564626 17569.024943 18077.414966 18259.931973 18446.712018 18645.419501 18779.070295 18986.9161 19191.904762 19358.61678 19520.15873 19711.632653 19898.004535 20059.795918 20253.469388 20442.358277 20946.870748,2029.229025 2538.594104 2734.036281 2938.276644 3116.349206 3315.941043 3486.575964 3677.596372 3844.807256 4007.777778 4204.489796 4374.78458 4540.793651 4728.866213 4905.555556 5105.53288 5295.37415 5446.462585 5664.920635 6171.995465 6533.99093 6833.197279 7045.578231 7215.147392 7518.526077 7861.292517 8028.61678 8231.38322 8412.562358 8588.435374 8754.263039 8937.39229 9140.907029 9300.498866 9528.843537 9988.321995 10340.634921 10648.956916 10856.235828 11036.530612 11341.950113 11518.208617 11686.099773 11864.036281 12042.76644 12234.46712 12403.356009 12611.405896 13106.734694 13483.287982 13804.058957 14006.712018 14178.049887 14489.297052 14682.517007 14858.888889 15067.437642 15549.727891 15899.727891 16201.746032 16422.267574 16577.029478 16827.709751 16977.460317 17476.780045 17848.276644 18153.106576 18364.331066 18548.548753 18726.1678 18881.179138 19066.553288 19273.061224 19458.548753 19633.106576 19824.172336 20043.582766 20177.505669 20378.93424 20867.39229 21130.136054
bird_8_251209_170036.76.wav,aaaaaaaafadddggonhjkbaaafaafddggonhjkbaaafaafggdgonhjkbaaaaaddfaafggonhjkbe,1968.77551 2134.353741 2306.485261 2495.53288 2693.469388 2896.145125 3083.764172 3266.1678 3404.512472 3600.022676 3788.390023 3960.634921 4140.498866 4329.251701 4510.589569 4674.104308 4865.85034 5064.716553 5570.770975 5928.843537 6214.331066 6582.063492 6742.380952 6933.537415 7076.417234 7261.882086 7455.600907 7628.888889 7806.575964 7977.414966 8163.877551 8352.562358 8508.956916 8695.396825 8900.272109 9409.024943 9778.276644 10056.984127 10460.226757 10613.24263 10824.693878 10963.537415 11177.006803 11362.494331 11502.743764 11685.736961 11880.47619 12053.265306 12224.240363 12395.736961 12575.056689 12782.743764 13264.535147 13609.546485 13896.507937 14543.378685 14712.993197 14907.120181 15091.564626 15287.165533 15462.517007 15632.086168 15837.868481 16008.662132 16197.505669 16335.736961 16548.004535 16734.716553 16907.913832 17092.562358 17302.040816 17816.349206 18230.816327 18489.433107 18746.825397,2022.562358 2212.630385 2400.113379 2587.664399 2791.020408 2995.578231 3180.272109 3343.424036 3504.172336 3697.23356 3891.54195 4070.340136 4250.15873 4442.76644 4635.260771 4791.564626 5009.909297 5490.068027 5844.943311 6145.034014 6371.609977 6660.294785 6834.421769 7021.201814 7157.029478 7346.666667 7534.875283 7728.730159 7913.333333 8086.326531 8279.251701 8465.306122 8625.238095 8835.37415 9326.802721 9698.662132 9984.353741 10204.829932 10536.031746 10709.659864 10901.768707 11067.619048 11252.789116 11440.612245 11579.750567 11809.501134 12004.240363 12150.997732 12345.351474 12505.963719 12725.53288 13173.469388 13541.655329 13818.095238 14061.292517 14628.956916 14808.276644 15006.394558 15186.190476 15381.995465 15555.079365 15737.414966 15909.705215 16093.015873 16274.943311 16448.004535 16662.471655 16851.496599 17019.68254 17236.281179 17717.936508 18089.229025 18424.240363 18642.857143 18792.426304
bird_8_251209_170103.77.wav,aaaafaaddddfggonhjkblgdgonhjkblgdhjkblaaafaadddggonhjkblgdhjkblaaonaadddaonhjkbaaaaaafaafggonhjkbaaddddgaonhjkblaaaaddddggonhjkbl,1969.909297 2184.285714 2374.081633 2558.276644 2726.462585 2888.526077 3078.93424 3241.519274 3404.535147 3574.126984 3753.061224 3947.664399 4132.44898 4316.235828 4479.68254 4666.00907 4872.358277 5377.891156 5734.920635 6025.260771 6203.492063 6449.229025 6613.24263 6781.111111 6944.807256 7139.410431 7350.929705 7860.068027 8219.931973 8499.659864 8713.809524 8976.734694 9149.977324 9301.247166 9789.229025 10156.666667 10445.170068 10648.004535 10918.77551 11124.195011 11330.136054 11473.900227 11676.326531 11853.650794 12018.594104 12181.496599 12349.52381 12544.353741 12728.367347 12891.360544 13072.698413 13286.439909 13775.600907 14129.342404 14410.861678 14596.870748 14853.492063 15028.61678 15198.93424 15682.743764 16056.077098 16355.419501 16572.222222 16811.337868 16994.14966 17135.600907 17338.730159 17673.877551 17839.387755 18033.197279 18215.306122 18396.9161 18603.015873 18750.657596 18953.038549 19152.086168 19687.913832 20043.922902 20328.29932 20725.804989 21651.564626 21820.612245 21998.390023 22181.950113 22375.011338 22522.335601 22736.00907 22917.981859 23056.258503 23230.748299 23427.936508 23592.92517 23781.269841 23983.741497 24485.53288 24862.358277 25162.789116 25493.764172 25669.002268 25857.596372 26043.197279 26226.961451 26408.798186 26594.30839 26794.829932 26946.485261 27127.709751 27327.891156 27887.369615 28246.621315 28537.573696 28793.696145 29648.185941 29901.927438 30121.927438 30356.553288 30525.510204 30696.1678 30864.807256 31050.340136 31252.199546 31451.814059 31615.351474 31796.734694 31996.394558 32509.138322 32906.530612 33184.331066 33401.38322,2050.453515 2280.589569 2460.997732 2645.124717 2809.84127 2970.975057 3159.365079 3338.93424 3511.473923 3683.310658 3857.482993 4037.414966 4253.605442 4433.446712 4591.38322 4806.507937 5296.417234 5657.823129 5973.265306 6170.294785 6317.165533 6559.705215 6707.936508 6898.072562 7059.365079 7275.555556 7780.453515 8152.879819 8447.596372 8646.507937 8826.349206 9092.040816 9244.761905 9709.229025 10078.004535 10376.099773 10604.78458 10757.619048 10998.888889 11227.891156 11413.24263 11571.473923 11760.204082 11937.800454 12126.303855 12288.344671 12465.283447 12658.639456 12844.104308 12995.85034 13213.061224 13704.104308 14047.959184 14348.435374 14571.428571 14707.278912 14969.251701 15126.893424 15590.453515 15976.439909 16293.8322 16520.770975 16665.328798 16897.278912 17074.920635 17254.399093 17461.043084 17756.689342 17944.444444 18139.886621 18323.287982 18498.662132 18697.777778 18873.356009 19091.632653 19613.605442 19968.480726 20268.639456 20481.020408 20789.410431 21745.147392 21922.879819 22093.287982 22279.183673 22459.183673 22628.503401 22815.827664 22993.310658 23135.941043 23359.727891 23540.816327 23700.975057 23916.00907 24409.977324 24774.013605 25082.222222 25309.954649 25569.433107 25769.455782 25964.988662 26141.133787 26330.31746 26516.145125 26708.503401 26884.829932 27054.671202 27265.623583 27799.319728 28174.036281 28474.739229 28709.659864 28859.206349 29731.06576 29994.489796 30206.349206 30431.85941 30636.394558 30808.276644 30974.897959 31161.746032 31369.931973 31574.421769 31727.414966 31936.621315 32433.650794 32787.39229 33116.984127 33346.848073 33502.494331
bird_8_251209_170146.78.wav,aaaaaaaafaafdddggdhjkblgdgonhjkblgdgonhjkblgdhjkblaafafdddgaonhjkbaahjkbl,1959.614512 2157.278912 2340.816327 2520.816327 2708.321995 2891.882086 3076.575964 3305.895692 3461.768707 3639.569161 3813.809524 3963.151927 4126.258503 4298.45805 4471.85941 4671.360544 4866.326531 5054.988662 5216.870748 5703.968254 6053.718821 6329.52381 6553.696145 6821.746032 6980.975057 7145.69161 7305.600907 7505.419501 7709.795918 8211.632653 8591.111111 8876.734694 9072.086168 9357.301587 9523.900227 9697.755102 9861.428571 10058.45805 10270.0 10815.804989 11178.004535 11458.866213 11647.709751 11910.430839 12083.786848 12228.594104 12698.730159 13053.106576 13331.473923 13526.417234 13819.931973 14009.931973 14160.770975 14352.426304 14533.537415 14698.548753 14863.24263 15026.099773 15252.60771 15436.712018 15589.863946 15771.564626 15967.324263 16488.979592 16845.396825 17129.319728 17782.199546 17947.120181 18139.455782 18605.555556 18978.571429 19267.029478 19511.201814,2034.353741 2243.310658 2441.995465 2614.195011 2798.253968 2990.680272 3171.38322 3379.909297 3560.589569 3723.673469 3895.941043 4052.290249 4234.331066 4402.902494 4580.204082 4780.884354 4982.743764 5151.972789 5623.333333 5981.609977 6280.31746 6485.034014 6654.421769 6932.698413 7082.312925 7263.786848 7421.972789 7644.036281 8131.995465 8508.662132 8811.950113 9035.736961 9184.104308 9475.056689 9618.548753 9817.006803 9974.036281 10193.945578 10720.634921 11101.564626 11403.333333 11611.791383 11762.653061 12018.027211 12181.337868 12618.435374 12978.843537 13281.405896 13496.870748 13636.621315 13893.061224 14091.292517 14255.170068 14439.070295 14624.988662 14800.15873 14970.702948 15136.145125 15365.079365 15530.770975 15696.077098 15908.526077 16406.893424 16771.791383 17075.396825 17293.786848 17866.462585 18052.857143 18533.877551 18894.263039 19204.195011 19423.786848 19584.965986
bird_8_251209_170211.79.wav,aaaaaddfaaddddggdhjkblgdgonhjkblgdhja,1022.846218 1230.28386 1407.925583 1592.097919 1779.014019 1954.569574 2124.705629 2270.395598 2484.90971 2653.617193 2832.165946 2997.744177 3174.252114 3356.224903 3546.179552 3745.771388 3917.948259 4071.190889 4516.859824 4877.222636 5163.980005 5367.109257 5607.04123 5779.308803 5951.394971 6116.156876 6307.35869 6512.302001 7058.152341 7420.44259 7703.231706 7900.44259 8176.043497 8342.007216 8518.311071 9009.308803 9382.664812,1096.406309 1313.413112 1507.404041 1691.485674 1870.669348 2051.100187 2225.431252 2369.354155 2564.569574 2742.211298 2934.002681 3107.063905 3284.501547 3468.356422 3666.338282 3864.11606 4012.052567 4451.009484 4803.322409 5108.129665 5322.211298 5467.925583 5719.399506 5883.911978 6063.072976 6231.485674 6447.948259 6981.939189 7345.295198 7645.000413 7849.05937 8002.936921 8287.721502 8439.784994 8932.279325 9290.623996 9463.072976
bird_8_251209_170221.80.wav,aaaaafaaafddddfgdgonhjkblgdgonhfaaafaonhjkbl,1212.674449 1406.86946 1578.638167 1760.905741 1986.529324 2119.908009 2337.957895 2516.279891 2701.812771 2842.833179 3017.391002 3200.474902 3370.588281 3553.830911 3757.640435 3965.962431 4139.522521 4308.479437 4469.091682 4661.064471 4866.574675 5375.622294 5739.454494 6038.524789 6250.021387 6499.908009 6666.053133 6848.502113 7014.624562 7208.57014 7401.472635 7951.404607 8105.690322 8297.368326 8460.724335 8634.034993 8809.182385 8981.132499 9171.994177 9370.973768 9870.066739 10239.046331 10540.180118 10737.300299,1279.726603 1473.014585 1686.438621 1862.765152 2056.325242 2207.005514 2403.830911 2601.291229 2785.894403 2932.810503 3122.810503 3302.606421 3477.277623 3659.114358 3853.649505 4092.062204 4241.245877 4431.858122 4584.42048 4798.72887 5298.434086 5666.438621 5973.422748 6204.034993 6361.223201 6624.193723 6763.241342 6965.735673 7128.003247 7341.404607 7810.633632 8022.7198 8191.268553 8376.461297 8551.631365 8721.17785 8891.200526 9098.048598 9302.923882 9790.384199 10152.991909 10465.508916 10697.844517 10844.647238
bird_8_251209_170239.81.wav,aaaaaaddddgaonhjkblgdgonhjkblgdgonhjkblaacaddgonhjkblgdgonhjkblaaafadddfnhkblgdgo,1761.22449 1972.60771 2161.904762 2343.106576 2523.424036 2714.580499 2885.056689 3067.664399 3246.870748 3408.163265 3602.290249 3805.623583 3946.780045 4142.562358 4335.442177 4838.072562 5189.795918 5473.378685 5655.963719 5900.045351 6067.097506 6225.102041 6388.594104 6573.945578 6796.870748 7323.219955 7687.823129 7979.274376 8174.399093 8400.907029 8573.151927 8748.390023 8912.630385 9093.854875 9306.802721 9831.746032 10196.938776 10475.782313 10659.160998 10938.752834 11110.340136 11431.133787 11581.950113 11746.258503 11923.219955 12102.92517 12275.170068 12468.185941 12680.498866 13214.013605 13569.319728 13853.945578 14049.591837 14309.319728 14481.06576 14656.666667 14822.335601 15015.260771 15218.231293 15729.637188 16091.904762 16373.446712 16574.263039 16867.07483 17059.138322 17249.274376 17399.659864 17626.870748 17804.444444 17975.804989 18165.260771 18358.752834 18550.997732 18750.770975 19637.845805 19919.909297 20145.918367 20399.387755 20559.183673 20738.866213 20903.356009,1821.088435 2055.759637 2256.870748 2438.45805 2630.657596 2809.297052 2988.911565 3174.46712 3348.095238 3519.705215 3714.46712 3898.253968 4067.55102 4277.709751 4761.678005 5115.419501 5417.437642 5629.750567 5766.077098 6013.378685 6161.247166 6343.401361 6502.76644 6712.789116 7236.621315 7608.049887 7920.340136 8128.639456 8275.487528 8521.609977 8673.106576 8868.049887 9021.06576 9239.455782 9750.226757 10123.741497 10429.818594 10643.945578 10770.657596 11013.673469 11203.265306 11490.612245 11668.117914 11847.256236 12029.138322 12225.668934 12382.76644 12607.210884 13131.587302 13496.75737 13792.063492 14004.78458 14154.285714 14419.229025 14575.918367 14775.283447 14939.863946 15151.904762 15643.854875 16012.811791 16312.834467 16516.984127 16671.995465 16949.365079 17142.358277 17332.040816 17492.743764 17715.034014 17908.526077 18084.30839 18271.156463 18469.251701 18681.814059 19196.984127 19858.004535 20061.496599 20246.281179 20512.653061 20656.553288 20859.569161 21017.913832
bird_8_251209_170313.82.wav,aaaaafaafddddggonhjkbl,1974.693878 2173.310658 2360.975057 2551.156463 2743.197279 2934.512472 3130.839002 3325.056689 3474.648526 3663.492063 3842.539683 4016.621315 4194.580499 4403.560091 4604.376417 4765.53288 4968.163265 5173.151927 5679.863946 6032.358277 6320.816327 6516.349206,2045.079365 2255.124717 2454.693878 2649.433107 2845.759637 3014.444444 3210.997732 3406.984127 3576.326531 3764.648526 3943.854875 4131.950113 4301.38322 4519.297052 4722.335601 4883.061224 5105.011338 5598.503401 5950.884354 6254.036281 6472.040816 6623.333333
bird_8_251209_170327.83.wav,aaaaadfaaddggonhjkblgdhjkblfdggonhjkblgdgonhjkblafaaonhjaaaafaaonhjkblgdgonhjkblaaaonhjkblaaaaafaaonhjk,1964.943311 2285.804989 2510.612245 2694.421769 2874.195011 3056.75737 3282.811791 3458.956916 3645.102041 3800.47619 3968.707483 4163.469388 4363.628118 4529.795918 4722.312925 4925.782313 5470.204082 5831.519274 6107.528345 6305.668934 6543.469388 6706.031746 6877.120181 7329.138322 7702.743764 7987.414966 8173.514739 8438.412698 8606.077098 8786.031746 8980.340136 9128.820862 9317.460317 9515.941043 10065.21542 10431.519274 10723.514739 10923.106576 11158.163265 11321.587302 11492.834467 11660.453515 11854.353741 12065.21542 12611.043084 12980.884354 13258.911565 13460.090703 13712.44898 13869.410431 14085.714286 14283.673469 14425.69161 14629.115646 14822.131519 15405.464853 16097.482993 16276.462585 16480.793651 16672.108844 16808.208617 17022.335601 17203.106576 17354.965986 17533.877551 17736.054422 18237.029478 18608.820862 18887.120181 19081.156463 19414.240363 19586.394558 19765.963719 19933.650794 20130.770975 20339.478458 20869.569161 21226.190476 21499.931973 21699.433107 22099.705215 22270.272109 22462.585034 22604.376417 22805.464853 23004.081633 23526.9161 23896.666667 24193.469388 24405.034014 24719.160998 24887.006803 25064.013605 25246.054422 25435.600907 25612.358277 25807.913832 25993.151927 26135.396825 26341.405896 26551.043084 27079.342404 27470.521542,2027.142857 2364.036281 2598.594104 2790.385488 2979.047619 3160.952381 3350.453515 3534.036281 3717.687075 3907.777778 4079.705215 4284.671202 4475.351474 4641.814059 4859.909297 5382.993197 5752.176871 6049.455782 6248.548753 6413.99093 6654.716553 6800.521542 7251.111111 7632.675737 7923.764172 8152.290249 8290.907029 8521.678005 8718.93424 8912.312925 9080.975057 9238.684807 9452.517007 9985.53288 10347.981859 10662.834467 10874.058957 11021.315193 11270.090703 11415.646259 11616.00907 11769.183673 11991.723356 12524.285714 12901.950113 13195.396825 13420.770975 13567.528345 13790.226757 14002.312925 14176.893424 14363.197279 14543.537415 14758.412698 15290.362812 15690.362812 16164.036281 16372.721088 16562.698413 16744.058957 16906.077098 17104.285714 17280.521542 17463.968254 17676.734694 18156.394558 18520.15873 18838.208617 19052.471655 19183.219955 19539.092971 19681.836735 19886.598639 20044.058957 20267.709751 20793.605442 21150.566893 21464.648526 21655.464853 21817.120181 22178.594104 22370.340136 22544.081633 22720.15873 22936.122449 23454.058957 23817.528345 24137.845805 24349.591837 24513.8322 24794.965986 24993.968254 25167.664399 25346.825397 25534.195011 25706.530612 25892.585034 26070.408163 26251.315193 26478.480726 26991.360544 27376.235828 27672.76644
bird_8_251209_170409.84.wav,aaaaaaaafddddddjaaddfggonhjkblgdgonhjkblgdgonhj,1974.240363 2279.138322 2461.496599 2635.306122 2830.181406 3024.512472 3233.469388 3395.804989 3552.60771 3761.496599 3942.562358 4156.689342 4338.027211 4514.421769 4691.882086 4882.108844 5231.564626 5407.256236 5584.761905 5763.764172 5993.174603 6180.816327 6381.360544 6543.741497 6729.387755 6931.882086 7432.154195 7799.84127 8075.623583 8258.208617 8517.006803 8679.365079 8847.755102 9011.814059 9208.095238 9406.1678 9928.185941 10289.52381 10566.031746 10780.0 11046.417234 11214.512472 11382.426304 11551.678005 11743.560091 11935.714286 12480.748299,2028.095238 2356.507937 2555.306122 2737.528345 2941.179138 3111.06576 3322.721088 3495.782313 3649.047619 3856.417234 4042.44898 4259.410431 4438.662132 4626.190476 4811.315193 5153.446712 5319.160998 5487.959184 5695.623583 5873.378685 6087.981859 6297.301587 6493.560091 6654.285714 6866.1678 7354.943311 7725.306122 8019.251701 8232.358277 8375.419501 8624.739229 8777.437642 8962.471655 9123.0839 9338.888889 9848.594104 10211.247166 10518.185941 10718.911565 10879.750567 11162.562358 11303.0839 11500.249433 11662.426304 11884.376417 12404.14966 12778.29932
bird_8_251209_170421.85.wav,eaaafaaafdddggonhjkblgdgonhjkblaafaddaaaonhjkblaaaonhjkb,900.977894 1030.660434 1212.655898 1437.667236 1600.84184 1799.912134 1971.431409 2142.814629 2285.989232 2450.388325 2619.141159 2784.333903 2971.590139 3172.451817 3340.615082 3531.00057 3722.678574 4234.537985 4594.152497 4863.835037 5055.966556 5310.796488 5474.56066 5653.517576 5820.206919 6011.113948 6200.84184 6706.828234 7086.714855 7370.342973 7582.996035 7839.186511 8028.415536 8171.771545 8376.102611 8562.814629 8739.640025 9138.23413 9287.916669 9496.147962 9642.497168 9846.624152 10046.352044 10556.488098 10946.601477 11225.94388 11412.020978 11699.640025 11877.463155 12120.456352 12265.989232 12489.912134 12702.882656 13207.100343 13572.429141 13876.510774,944.379254 1100.002837 1306.714855 1521.272679 1675.830502 1883.494901 2048.143427 2221.590139 2378.528914 2554.288552 2732.723926 2884.424606 3095.603744 3291.499436 3449.77608 3664.175173 4161.250003 4527.667236 4802.85998 5022.134357 5153.857713 5421.862248 5572.814629 5780.070864 5929.980162 6138.823699 6638.778347 7005.127554 7318.370184 7515.104878 7687.16837 7922.247735 8113.744334 8264.878121 8464.719391 8667.984697 8843.92574 9206.782883 9386.624152 9583.132089 9763.630955 9980.751137 10487.123019 10866.896261 11177.916669 11374.039118 11519.45862 11780.932542 11969.798756 12207.916669 12403.154765 12628.687645 13140.501703 13492.066329 13805.966556 14028.574266
bird_8_251209_170451.86.wav,aaaaaaaaddfaafddggonhjkblgdgonhjkblgdhjkblfaaonhj,1959.024943 2202.312925 2406.553288 2618.526077 2799.229025 3030.136054 3244.331066 3408.707483 3597.505669 3777.23356 3983.151927 4180.068027 4359.954649 4510.521542 4677.664399 4849.795918 5047.414966 5240.136054 5409.84127 5606.666667 5810.090703 6328.866213 6691.451247 6981.043084 7194.489796 7486.689342 7653.922902 7825.736961 7992.176871 8192.879819 8406.031746 8901.54195 9252.403628 9541.337868 9746.054422 10011.995465 10178.367347 10367.460317 10842.154195 11214.217687 11491.927438 11712.44898 11957.505669 12119.546485 12322.993197 12459.138322 12654.988662 12857.256236 13378.798186,2025.510204 2279.705215 2497.301587 2705.895692 2891.22449 3102.380952 3310.068027 3490.204082 3697.097506 3873.378685 4070.793651 4254.761905 4442.970522 4597.936508 4787.981859 4958.45805 5161.06576 5364.512472 5521.519274 5743.809524 6231.519274 6611.269841 6924.240363 7129.818594 7290.022676 7592.970522 7747.052154 7945.941043 8096.553288 8322.063492 8836.00907 9170.929705 9473.106576 9700.272109 9841.292517 10122.811791 10280.521542 10756.870748 11139.138322 11431.882086 11651.927438 11808.571429 12038.526077 12206.643991 12398.503401 12566.303855 12790.997732 13287.619048 13660.702948
bird_8_251209_170523.87.wav,aaaaaaaddfaaafgdgdgonhjk,1973.492063 2180.929705 2372.403628 2563.854875 2764.285714 2940.839002 3134.376417 3309.909297 3503.310658 3711.292517 3899.070295 4099.138322 4247.097506 4419.68254 4616.1678 4799.659864 4983.356009 5164.195011 5350.113379 5509.886621 5704.693878 5903.764172 6436.75737 6790.657596,2044.512472 2260.770975 2466.462585 2656.258503 2848.684807 3039.433107 3224.920635 3409.274376 3597.55102 3807.165533 3973.356009 4163.605442 4331.269841 4515.510204 4739.092971 4895.555556 5100.022676 5256.031746 5468.412698 5617.369615 5839.931973 6358.639456 6717.07483 6990.136054
bird_8_251209_170544.88.wav,aaaaaaaafaafddddggonhjkblgdgonhjkblgdg,1781.836735 1971.111111 2205.986395 2382.902494 2575.963719 2779.092971 2961.22449 3173.469388 3306.145125 3530.544218 3738.117914 3904.058957 4058.730159 4228.503401 4418.639456 4597.256236 4805.079365 4992.721088 5152.562358 5347.845805 5543.8322 6068.93424 6424.829932 6725.056689 6935.260771 7248.526077 7417.709751 7586.825397 7751.043084 7934.875283 8145.986395 8638.208617 8994.988662 9277.460317 9474.14966 9765.69161 9937.052154 10121.995465,1844.172336 2058.798186 2290.975057 2487.120181 2675.510204 2878.979592 3065.147392 3242.789116 3394.648526 3608.435374 3803.24263 3991.405896 4158.956916 4332.471655 4521.156463 4704.14966 4922.698413 5111.156463 5265.147392 5479.501134 5985.21542 6348.93424 6643.741497 6881.133787 7039.637188 7358.321995 7502.290249 7707.142857 7863.469388 8078.730159 8566.00907 8922.312925 9235.714286 9427.346939 9572.44898 9887.641723 10040.385488 10212.517007
bird_8_251209_170636.89.wav,aaaaaafaafddddfaafaaonhjkblgdhjkblgdgonhjaaafaaonhjkbl,1964.829932 2172.494331 2377.981859 2561.927438 2753.174603 2948.14059 3138.095238 3334.965986 3517.052154 3667.800454 3827.505669 3998.45805 4191.632653 4392.721088 4693.650794 4896.326531 5107.006803 5309.092971 5521.54195 5696.326531 5825.21542 6025.396825 6242.290249 6749.977324 7111.337868 7396.598639 7596.643991 7887.709751 8060.589569 8219.795918 8697.23356 9051.746032 9344.285714 9606.145125 9846.507937 10014.46712 10188.911565 10355.487528 10543.401361 10745.056689 11250.249433 11849.954649 12083.378685 12307.505669 12459.115646 12656.462585 12849.795918 12985.804989 13193.401361 13392.517007 13923.673469 14292.335601 14570.249433 14788.911565,2022.403628 2245.986395 2472.76644 2650.113379 2854.557823 3038.049887 3228.276644 3409.863946 3595.396825 3749.954649 3937.07483 4103.673469 4293.560091 4493.265306 4768.163265 4995.396825 5197.664399 5395.510204 5606.281179 5765.351474 5942.562358 6155.192744 6673.8322 7047.437642 7326.712018 7544.14966 7697.23356 8001.088435 8152.403628 8609.047619 8982.222222 9289.092971 9490.544218 9714.217687 9961.020408 10115.102041 10308.004535 10464.104308 10679.478458 11171.22449 11515.487528 11919.070295 12172.585034 12376.553288 12547.07483 12743.99093 12912.358277 13110.385488 13328.866213 13858.367347 14206.961451 14505.056689 14717.006803 14885.714286
bird_8_251209_170703.90.wav,aaaaaaaaaafggonhjkblaaafddddgonhjkblgdhjkblaaafaaonhjkblaaddfggaonhjkbladhjkblaafddddggonhjk,1955.102041 2185.668934 2381.746032 2595.351474 2781.06576 2997.800454 3187.687075 3394.240363 3577.052154 3846.326531 4049.637188 4244.172336 4440.952381 4603.174603 4803.809524 5006.099773 5439.863946 5798.61678 6081.746032 6292.92517 6625.034014 6781.655329 6973.24263 7119.251701 7293.809524 7463.492063 7641.428571 7832.108844 8032.76644 8198.049887 8382.403628 8579.614512 9094.761905 9446.349206 9731.904762 9953.106576 10189.092971 10353.537415 10502.426304 10978.798186 11359.274376 11641.247166 11838.276644 12187.142857 12353.922902 12540.272109 12686.485261 12874.739229 13067.891156 13209.206349 13411.405896 13611.632653 14120.272109 14490.045351 14773.537415 14978.253968 15275.600907 15442.086168 15620.272109 15795.079365 16016.235828 16215.736961 16403.197279 16595.419501 16771.38322 16948.163265 17141.950113 17641.814059 18002.517007 18286.122449 18501.405896 18814.285714 19038.639456 19225.804989 19713.900227 20080.839002 20368.798186 20623.741497 20881.746032 21063.129252 21202.267574 21372.244898 21541.38322 21712.970522 21881.655329 22074.399093 22269.84127 22441.768707 22629.569161 22833.061224 23350.521542 23725.759637,2020.680272 2262.176871 2473.764172 2677.823129 2885.170068 3082.517007 3285.21542 3473.129252 3652.811791 3945.986395 4137.573696 4362.789116 4550.226757 4716.258503 4934.30839 5373.197279 5727.528345 6021.111111 6220.566893 6384.716553 6695.804989 6865.283447 7044.126984 7217.528345 7395.85034 7567.823129 7748.435374 7943.401361 8147.301587 8304.716553 8518.29932 9018.866213 9380.816327 9679.84127 9887.097506 10046.938776 10296.984127 10444.603175 10900.226757 11274.240363 11585.487528 11797.709751 11938.820862 12273.605442 12436.439909 12613.469388 12784.716553 12952.76644 13146.802721 13326.031746 13544.62585 14035.804989 14416.213152 14729.274376 14940.702948 15088.93424 15351.791383 15541.451247 15725.283447 15899.705215 16089.750567 16327.709751 16522.44898 16693.945578 16867.188209 17080.15873 17563.469388 17945.056689 18243.333333 18445.283447 18601.519274 18896.145125 19139.659864 19634.535147 19993.356009 20303.718821 20526.643991 20712.630385 20965.170068 21142.60771 21293.265306 21467.006803 21639.297052 21812.721088 21989.342404 22193.106576 22382.539683 22543.378685 22767.097506 23280.793651 23642.653061 23946.190476
bird_8_251209_170746.91.wav,aaaaaaaafdddggonhjacafaddfggdgonhjkbldhjkblgdhjee,1957.596372 2188.117914 2367.868481 2551.723356 2732.426304 2933.605442 3130.294785 3351.179138 3524.535147 3696.439909 3876.75737 4056.734694 4245.600907 4438.548753 4611.723356 4810.272109 5011.904762 5515.646259 5948.798186 6106.621315 6362.131519 6517.891156 6682.811791 6846.689342 7026.938776 7235.37415 7443.877551 7630.430839 7802.063492 7975.759637 8140.748299 8327.664399 8523.741497 9009.659864 9370.816327 9665.759637 9856.122449 10160.249433 10382.244898 10867.39229 11233.537415 11520.748299 11720.408163 11972.403628 12149.002268 12307.528345 12764.353741 13127.959184 13828.730159,2015.986395 2260.657596 2453.968254 2642.335601 2835.306122 3031.723356 3216.122449 3420.272109 3609.115646 3799.68254 3983.968254 4161.814059 4352.290249 4553.061224 4727.142857 4949.478458 5422.834467 5796.031746 6033.786848 6226.848073 6450.113379 6575.260771 6766.75737 6947.39229 7120.0 7325.646259 7560.498866 7755.079365 7901.156463 8094.013605 8246.371882 8462.902494 8937.641723 9298.61678 9597.709751 9811.678005 9954.671202 10307.006803 10792.92517 11164.557823 11465.011338 11675.464853 11829.501134 12095.011338 12237.346939 12635.941043 13046.439909 13173.854875 13863.197279
bird_8_251209_170801.92.wav,aaaafaddfggonhjkblgdhjkblgdgonhjkblaaafaaonhjkblaa,1015.34991 1210.451951 1372.651497 1543.422472 1715.66737 1905.304559 2088.569865 2257.934944 2452.560794 2645.984831 2837.662835 2997.436078 3193.263742 3390.383924 3884.374853 4248.773946 4519.81703 4736.347643 4994.669638 5158.773946 5312.560794 5826.823833 6188.139026 6467.844241 6659.703652 6926.302291 7092.946282 7272.379389 7436.461021 7627.844241 7819.726327 8360.610681 8728.660568 9002.197983 9213.241067 9504.760341 9663.762608 9863.105012 9996.370318 10206.529048 10374.12542 10514.193447 10721.608413 10915.531316 11468.365783 11845.553992 12128.252404 12327.368051 12707.277348 12951.268277,1066.710454 1274.805692 1465.712722 1638.978028 1801.563062 1985.690046 2196.665103 2366.483697 2551.245602 2759.204785 2958.184377 3105.735398 3326.89186 3809.862382 4175.553992 4485.327234 4676.959887 4828.819298 5109.136758 5251.086872 5744.261475 6113.331769 6416.370318 6628.955352 6764.352178 7040.746735 7190.950817 7383.082336 7542.470091 7757.526781 8271.381656 8647.821565 8965.826101 9168.093674 9313.989366 9574.737665 9754.919071 9941.880522 10104.148096 10289.907733 10449.408867 10636.392994 10858.841974 11373.535851 11755.939479 12059.839706 12285.077801 12427.163969 12766.438345 13040.656033
bird_8_251209_170838.93.wav,aaaaaaafddfggonhjkblgdggonhjkblafggonhe,1974.172336 2198.004535 2389.637188 2584.376417 2771.247166 2954.807256 3180.385488 3378.594104 3554.217687 3724.104308 3918.049887 4125.124717 4311.111111 4483.038549 4663.854875 4860.657596 5336.825397 5713.537415 5993.514739 6211.927438 6441.791383 6608.367347 6790.907029 6989.909297 7149.387755 7349.455782 7554.353741 8065.238095 8426.394558 8707.460317 8906.054422 9167.596372 9377.936508 9565.464853 9752.199546 9912.403628 10090.498866 10289.070295 10915.21542,2026.054422 2276.938776 2474.920635 2679.410431 2862.789116 3066.00907 3252.471655 3466.75737 3660.022676 3822.857143 4027.029478 4235.918367 4428.480726 4582.517007 4800.929705 5259.478458 5627.596372 5946.507937 6148.004535 6310.521542 6557.596372 6707.800454 6904.195011 7095.011338 7253.968254 7482.471655 7981.904762 8352.494331 8646.75737 8858.231293 9017.687075 9251.133787 9463.310658 9676.145125 9863.197279 10018.503401 10219.659864 10736.870748 10958.095238
bird_8_251209_170917.94.wav,aaaaaaaaaaafdddddafaafdddgggonhjkblaaaddfaafdddggonhjkblgdgof,1767.346939 1953.560091 2178.639456 2361.814059 2560.975057 2745.147392 2930.408163 3140.294785 3344.195011 3534.444444 3770.725624 3911.723356 4120.657596 4296.235828 4468.639456 4650.136054 4839.591837 5032.176871 5215.895692 5373.786848 5569.727891 5733.287982 5887.664399 6070.975057 6247.414966 6427.664399 6630.521542 6818.662132 6978.45805 7171.632653 7362.562358 7880.362812 8242.018141 8516.870748 8699.727891 9062.721088 9360.181406 9559.773243 9752.879819 9936.00907 10151.088435 10348.253968 10536.530612 10677.097506 10839.68254 11029.251701 11212.653061 11398.390023 11592.335601 11747.823129 11934.013605 12142.947846 12623.922902 12965.53288 13252.380952 13440.861678 13735.102041 13895.714286 14068.344671 14237.845805 14353.673469,1803.015873 2030.612245 2253.287982 2453.854875 2646.054422 2838.435374 3028.730159 3234.671202 3442.086168 3612.176871 3848.185941 4012.993197 4214.535147 4396.961451 4571.564626 4747.528345 4947.777778 5124.104308 5269.047619 5446.371882 5671.269841 5819.410431 5991.972789 6174.739229 6353.8322 6544.14966 6746.575964 6931.972789 7089.795918 7301.655329 7794.30839 8173.786848 8472.358277 8676.099773 8811.678005 9139.319728 9452.063492 9647.210884 9860.725624 10042.562358 10261.22449 10432.018141 10620.521542 10759.977324 10953.900227 11129.478458 11320.430839 11512.426304 11706.281179 11865.079365 12073.922902 12540.204082 12902.857143 13203.174603 13413.673469 13544.217687 13849.750567 13986.802721 14183.809524 14345.102041 14493.560091
bird_8_251209_174131.98.wav,aeaaaaaaaaaaafaafaadddgggodhjkblgdgonhjkblgdhjkblaafaaonhjkblaeaaaafdaonhjkblgdhjkblaadfaaafddddggonhjkblgdhjkadafaafggonhjkblaaaaaddddggonhjkblaaafaaafddgaoahjkb,1907.505669 1991.292517 2205.306122 2487.528345 2723.061224 2943.786848 3105.464853 3323.650794 3572.92517 3805.464853 3977.23356 4170.566893 4377.23356 4509.84127 4734.897959 4921.70068 5102.108844 5340.31746 5518.730159 5688.752834 5860.022676 6031.587302 6220.839002 6410.634921 6611.814059 6770.839002 6969.637188 7166.553288 7623.0839 7971.473923 8257.278912 8451.179138 8723.333333 8895.351474 9061.269841 9214.852608 9421.768707 9611.088435 10131.768707 10485.941043 10767.913832 10981.179138 11251.587302 11417.482993 11599.229025 12097.256236 12447.755102 12730.680272 12952.993197 13238.390023 13413.061224 13550.612245 13793.24263 13974.875283 14114.489796 14308.435374 14494.603175 15017.006803 15380.15873 15671.247166 15865.873016 16178.208617 16748.29932 16899.365079 17076.349206 17253.922902 17443.673469 17591.950113 17772.539683 17967.732426 18107.097506 18301.020408 18500.861678 18981.043084 19329.886621 19609.115646 19802.630385 20307.732426 20470.226757 20630.272109 21112.176871 21430.453515 21750.340136 21962.743764 22290.544218 22471.201814 22672.743764 22824.988662 23381.38322 23601.746032 23815.170068 23961.814059 24135.827664 24303.333333 24472.834467 24661.950113 24831.904762 25023.333333 25190.362812 25367.142857 25573.038549 26065.804989 26427.301587 26709.115646 26907.505669 27184.036281 27347.596372 27498.548753 27979.070295 28344.671202 28803.560091 28950.952381 29151.564626 29298.095238 29502.358277 29696.031746 29850.181406 30045.056689 30241.632653 30399.183673 30632.92517 30813.333333 31339.591837 31709.863946 31995.804989 32209.614512 32494.353741 32665.21542 32865.396825 33217.006803 33388.072562 33554.580499 33733.877551 34083.219955 34261.315193 34472.176871 34666.122449 34827.959184 35020.612245 35213.582766 35734.807256 36090.340136 36374.512472 36596.394558 36897.460317 37053.922902 37264.013605 37431.201814 37624.716553 37812.834467 38004.30839 38159.591837 38315.147392 38498.548753 38693.197279 38880.861678 39019.637188 39605.69161 39784.263039 40264.081633 40635.578231 40922.335601,1957.981859 2042.539683 2268.77551 2563.0839 2790.634921 3007.936508 3197.823129 3405.941043 3652.494331 3888.866213 4069.546485 4261.292517 4447.868481 4598.594104 4841.337868 4998.027211 5175.578231 5417.120181 5601.678005 5793.922902 5976.235828 6141.020408 6345.578231 6525.646259 6731.791383 6891.564626 7114.943311 7542.267574 7897.39229 8194.580499 8405.873016 8557.55102 8842.562358 8986.122449 9171.06576 9331.360544 9555.419501 10021.85941 10408.752834 10701.473923 10914.829932 11079.795918 11361.247166 11513.582766 12015.170068 12370.204082 12680.816327 12885.238095 13045.555556 13314.036281 13485.170068 13646.9161 13872.154195 14052.879819 14222.698413 14437.165533 14941.904762 15302.630385 15615.464853 15824.78458 15975.804989 16244.648526 16799.977324 16985.056689 17176.235828 17342.743764 17518.253968 17675.328798 17848.185941 18052.154195 18223.628118 18425.918367 18910.113379 19265.192744 19545.963719 19758.662132 19910.589569 20426.213152 20562.063492 21024.489796 21393.424036 21690.453515 21906.825397 22064.376417 22372.426304 22558.29932 22748.095238 22899.251701 23520.385488 23706.870748 23892.154195 24052.471655 24242.290249 24410.725624 24581.632653 24767.482993 24956.780045 25150.589569 25292.653061 25513.061224 25990.249433 26355.759637 26660.068027 26872.086168 27003.650794 27300.748299 27444.489796 27885.623583 28260.47619 28581.247166 28879.818594 29034.512472 29226.643991 29406.031746 29579.750567 29780.657596 29935.53288 30158.004535 30364.399093 30512.76644 30741.315193 31255.328798 31628.956916 31924.875283 32158.707483 32316.825397 32582.60771 32744.988662 32951.564626 33299.52381 33475.056689 33653.628118 33832.244898 34191.405896 34369.931973 34598.752834 34793.673469 34940.907029 35152.562358 35654.444444 36021.360544 36330.15873 36534.30839 36690.181406 36978.662132 37160.408163 37367.097506 37527.482993 37706.553288 37895.464853 38101.496599 38254.671202 38423.310658 38611.179138 38802.76644 38964.444444 39130.136054 39707.07483 40186.190476 40556.825397 40853.129252 41077.39229
bird_8_251209_174219.99.wav,aaaaaafaadddggonaaaafafdddddggonhjkblgdaaafaaaonhjkblaaafaadddggonhjkb,1762.743764 1969.342404 2151.315193 2332.335601 2514.580499 2704.263039 2887.619048 3045.124717 3213.197279 3400.113379 3574.580499 3742.267574 3926.75737 4125.419501 4284.489796 4506.689342 4916.417234 5108.548753 5308.684807 5473.038549 5633.219955 5839.433107 5989.206349 6158.45805 6338.707483 6526.00907 6691.337868 6865.873016 7058.820862 7259.478458 7429.297052 7632.789116 7830.907029 8307.278912 8670.272109 8949.727891 9154.058957 9387.596372 9556.734694 9910.090703 10082.517007 10289.138322 10432.086168 10649.727891 10820.498866 11007.505669 11164.943311 11353.106576 11552.879819 12078.276644 12433.764172 12708.095238 12908.866213 13196.9161 13374.421769 13572.290249 13747.55102 13936.190476 14093.764172 14260.226757 14426.00907 14590.884354 14777.732426 14977.868481 15152.630385 15336.938776 15540.907029 16041.587302 16405.011338 16688.14059,1814.512472 2052.063492 2250.294785 2428.253968 2616.938776 2796.75737 2949.455782 3124.62585 3301.678005 3508.390023 3676.371882 3848.027211 4040.952381 4240.430839 4399.818594 4640.385488 4990.408163 5204.716553 5400.907029 5569.977324 5729.297052 5914.399093 6087.437642 6269.342404 6442.335601 6629.659864 6799.705215 6971.609977 7182.60771 7381.950113 7539.614512 7756.485261 8227.482993 8598.004535 8901.06576 9110.725624 9249.047619 9503.061224 9656.417234 9992.834467 10168.435374 10365.442177 10527.120181 10731.292517 10905.442177 11096.258503 11278.866213 11490.612245 11998.684807 12352.244898 12662.108844 12878.526077 13008.095238 13266.303855 13474.535147 13678.004535 13838.14059 14018.93424 14181.38322 14370.0 14532.698413 14700.113379 14902.653061 15097.301587 15254.829932 15475.714286 15960.181406 16330.521542 16629.092971 16853.356009
bird_8_251209_174248.100.wav,aaaaaaaaddddggdgaonhjkblgdgonhjkblaaafaafggonhjkblaaafaafdddgonhjkblgdgonhj,1984.761905 2371.54195 2558.367347 2742.199546 2928.956916 3103.877551 3448.45805 3605.827664 3781.54195 3943.24263 4136.780045 4308.253968 4498.93424 4699.183673 4891.269841 5094.829932 5306.122449 5448.390023 5645.600907 5845.895692 6314.603175 6669.206349 6951.655329 7148.390023 7407.619048 7570.249433 7753.356009 7917.142857 8113.061224 8312.199546 8806.303855 9168.29932 9466.530612 9678.412698 9948.93424 10108.888889 10297.052154 10439.886621 10627.755102 10795.623583 10961.315193 11123.287982 11314.875283 11479.342404 11673.24263 11881.519274 12405.69161 12770.907029 13055.21542 13259.954649 13558.367347 13707.07483 13909.297052 14048.367347 14260.725624 14450.634921 14602.834467 14767.346939 14939.614512 15103.605442 15296.145125 15460.113379 15662.312925 15852.494331 16387.256236 16752.471655 17031.043084 17224.535147 17501.156463 17666.462585 17843.900227 17997.777778 18191.85941 18381.133787 18940.294785,2036.530612 2449.002268 2652.902494 2837.641723 3021.020408 3213.129252 3532.811791 3689.637188 3883.333333 4048.956916 4237.460317 4418.798186 4607.460317 4819.68254 4983.968254 5201.020408 5383.582766 5561.473923 5784.603175 6235.147392 6591.201814 6880.226757 7110.702948 7254.943311 7523.061224 7666.077098 7881.473923 8030.31746 8248.594104 8731.632653 9087.800454 9389.342404 9623.106576 9781.020408 10018.93424 10205.85034 10374.376417 10539.886621 10732.789116 10894.013605 11018.095238 11239.115646 11434.988662 11592.335601 11814.671202 12325.759637 12695.918367 12995.941043 13213.401361 13378.435374 13631.564626 13803.469388 13988.072562 14160.861678 14350.181406 14536.1678 14703.696145 14870.839002 15040.952381 15219.84127 15409.84127 15578.684807 15799.092971 16305.782313 16665.464853 16959.319728 17184.671202 17341.791383 17616.1678 17763.809524 17960.634921 18111.723356 18328.321995 18859.637188 19130.430839
bird_8_251209_174315.101.wav,aaaaaaaadfaafdddddggonhjkblgdgonhjkblgdhaaaafaafddddggdgonhjkblggonhjkblaadddggonhjkbla,1981.473923 2303.24263 2502.811791 2671.315193 2856.417234 3050.884354 3231.043084 3425.782313 3607.709751 3801.020408 3986.349206 4159.433107 4314.036281 4457.823129 4625.442177 4790.15873 4962.063492 5144.62585 5336.848073 5523.310658 5686.848073 5874.46712 6083.287982 6589.455782 6958.027211 7236.938776 7429.501134 7680.702948 7846.213152 8021.133787 8184.580499 8380.544218 8576.326531 9090.929705 9468.390023 9747.641723 9961.179138 10179.931973 10350.861678 10533.038549 11044.580499 11347.596372 11506.371882 11704.807256 11852.562358 12084.897959 12306.122449 12448.93424 12608.684807 12776.190476 12937.687075 13100.634921 13272.902494 13483.287982 13663.038549 13830.090703 13993.038549 14183.605442 14378.503401 14912.585034 15273.174603 15564.399093 15765.918367 15999.886621 16194.716553 16344.580499 16528.208617 16730.0 17238.843537 17600.884354 17883.0839 18098.049887 18350.725624 18537.573696 18700.702948 18873.492063 19056.099773 19240.453515 19432.131519 19601.269841 19784.399093 19988.14059 20515.328798 20890.022676 21189.795918 21365.600907 21682.380952,2063.537415 2381.927438 2588.843537 2770.770975 2955.714286 3151.814059 3323.24263 3511.678005 3713.174603 3884.195011 4061.22449 4234.104308 4392.403628 4560.136054 4728.208617 4896.666667 5067.528345 5260.430839 5451.564626 5639.546485 5797.913832 6010.498866 6508.208617 6894.081633 7190.544218 7391.54195 7533.151927 7794.852608 7937.619048 8139.365079 8295.714286 8513.265306 9017.619048 9382.789116 9684.353741 9909.206349 10057.006803 10307.188209 10441.814059 10882.244898 11114.353741 11429.455782 11602.857143 11790.068027 11959.410431 12169.546485 12380.385488 12531.428571 12709.092971 12879.002268 13048.231293 13209.659864 13397.936508 13599.251701 13762.879819 13948.956916 14103.287982 14318.027211 14831.156463 15204.376417 15501.678005 15712.44898 15869.115646 16114.62585 16284.648526 16457.39229 16664.535147 17160.793651 17528.979592 17817.029478 18048.888889 18197.437642 18434.761905 18624.648526 18805.351474 18975.21542 19161.995465 19370.544218 19547.55102 19710.340136 19920.566893 20432.834467 20817.006803 21121.043084 21350.544218 21485.328798 21751.247166
bird_8_251209_174347.102.wav,aaaaaaaafddfggonhjkblgdhjkbaaafaaaddgonhjkblaaafaaonhjkblaadddddgaonhjkblgdgonhjkblaaafggonhj,1975.238095 2208.435374 2398.684807 2580.181406 2767.641723 2956.734694 3134.512472 3337.55102 3475.419501 3637.414966 3803.378685 4011.814059 4190.045351 4381.247166 4553.0839 4742.154195 4942.879819 5497.324263 5881.85941 6151.133787 6350.15873 6569.977324 6737.913832 6898.888889 7370.181406 7724.693878 8016.984127 8385.668934 8538.367347 8721.043084 8867.596372 9077.460317 9354.943311 9524.172336 9703.038549 9872.358277 10056.825397 10237.165533 10416.825397 10615.986395 11175.21542 11554.693878 11832.426304 12040.725624 12609.637188 12757.528345 12952.743764 13099.977324 13276.258503 13451.451247 13595.192744 13819.297052 14018.208617 14603.8322 14970.068027 15264.081633 15454.557823 15993.560091 16156.689342 16336.530612 16517.120181 16689.342404 16857.619048 17041.54195 17224.875283 17408.049887 17544.557823 17733.764172 17919.138322 18447.823129 18810.0 19087.959184 19280.952381 19519.138322 19681.768707 19870.15873 20030.204082 20223.673469 20421.972789 20935.442177 21293.854875 21585.306122 21790.793651 22062.970522 22224.512472 22441.201814 22593.922902 22790.181406 22988.29932 23149.773243 23367.709751 23558.253968 24103.537415,2041.405896 2289.410431 2487.414966 2680.15873 2871.995465 3058.367347 3228.526077 3413.8322 3569.546485 3738.185941 3908.843537 4077.346939 4310.249433 4501.54195 4655.986395 4888.843537 5404.331066 5790.521542 6098.276644 6312.653061 6454.852608 6687.39229 6831.043084 7302.721088 7652.267574 7950.521542 8175.21542 8454.875283 8636.099773 8804.399093 8971.564626 9158.435374 9420.634921 9615.918367 9806.643991 9984.62585 10177.845805 10338.979592 10549.886621 11073.333333 11470.952381 11774.195011 11991.473923 12139.569161 12680.090703 12851.70068 13039.659864 13189.84127 13362.222222 13533.219955 13729.478458 13945.578231 14523.854875 14891.22449 15196.870748 15423.537415 15559.024943 16076.326531 16246.394558 16447.664399 16621.451247 16795.464853 16966.439909 17152.539683 17333.560091 17491.678005 17657.868481 17866.213152 18368.117914 18738.412698 19028.639456 19245.464853 19393.287982 19633.24263 19784.739229 19989.68254 20136.077098 20358.503401 20859.455782 21226.712018 21521.22449 21740.748299 21896.712018 22134.263039 22325.555556 22520.430839 22687.641723 22901.746032 23102.811791 23258.956916 23489.092971 24020.748299 24372.199546
bird_8_251209_174418.103.wav,aaaaaafaafddddggonhjkblgdgonhjkblaaaadddddgaaonhjaadafggonhjkbaaaafaafaadddggonhjk,1978.344671 2182.244898 2360.997732 2544.62585 2726.303855 2930.612245 3075.147392 3266.213152 3447.029478 3584.353741 3751.315193 3924.807256 4093.197279 4273.605442 4460.294785 4650.612245 4816.00907 5002.131519 5195.69161 5718.979592 6068.843537 6349.002268 6534.557823 6780.680272 6945.283447 7131.133787 7297.687075 7498.956916 7692.993197 8215.941043 8572.358277 8855.487528 9042.539683 9350.725624 9509.68254 9750.226757 9931.927438 10111.950113 10276.462585 10444.399093 10627.414966 10811.972789 11021.451247 11191.360544 11363.24263 11500.204082 11694.217687 11882.539683 12446.258503 12966.00907 13144.058957 13351.043084 13596.893424 13741.451247 13948.503401 14154.557823 14318.503401 14510.544218 14714.104308 15233.424036 15593.560091 15894.603175 16309.183673 16528.662132 16728.798186 16939.319728 17112.335601 17306.984127 17477.619048 17649.795918 17870.453515 18041.836735 18214.013605 18376.031746 18554.512472 18747.256236 18940.068027 19100.544218 19295.510204 19488.163265 20028.798186 20413.764172,2045.668934 2263.174603 2452.970522 2641.85941 2817.460317 3002.335601 3156.190476 3341.54195 3525.170068 3676.689342 3852.358277 4030.748299 4203.219955 4383.99093 4579.773243 4761.587302 4927.369615 5138.594104 5653.650794 6002.675737 6296.099773 6502.018141 6650.340136 6888.117914 7042.834467 7254.603175 7409.863946 7632.585034 8128.049887 8499.319728 8806.485261 9018.117914 9155.351474 9425.895692 9608.163265 9827.165533 10014.353741 10215.941043 10388.571429 10554.603175 10735.986395 10917.301587 11144.285714 11267.23356 11445.170068 11610.022676 11828.276644 12371.768707 12720.249433 13045.986395 13240.045351 13445.260771 13677.278912 13850.770975 14062.947846 14262.902494 14426.054422 14656.9161 15169.024943 15508.14059 15816.575964 16050.068027 16374.30839 16626.031746 16825.986395 17017.324263 17200.204082 17383.650794 17560.181406 17731.496599 17950.498866 18138.45805 18307.596372 18485.895692 18664.716553 18856.507937 19089.206349 19206.598639 19432.902494 19942.60771 20334.081633 20622.018141
bird_8_251209_174453.104.wav,aaaaaaaaafaaafddddggdgonhjkblgdhjkblgaonhjkbaaaafaaddgonhj,1763.310658 1973.151927 2176.938776 2366.394558 2557.936508 2746.848073 2935.442177 3137.687075 3334.603175 3495.034014 3702.267574 3887.641723 4071.451247 4207.188209 4391.133787 4564.943311 4739.455782 4913.446712 5090.884354 5287.165533 5470.544218 5645.21542 5806.666667 5995.21542 6197.619048 6721.995465 7074.444444 7358.321995 7552.131519 7835.918367 8014.353741 8187.573696 8686.485261 9030.090703 9308.526077 9518.117914 9776.780045 9964.126984 10114.671202 10297.55102 10504.104308 11040.181406 11416.621315 11705.464853 12117.619048 12308.390023 12497.142857 12721.360544 12856.145125 13024.353741 13191.22449 13361.655329 13523.24263 13709.455782 13878.956916 14060.634921 14253.219955 14823.106576,1815.510204 2046.1678 2264.671202 2456.893424 2653.265306 2852.154195 3040.907029 3231.678005 3415.873016 3591.496599 3772.902494 3964.013605 4152.290249 4327.596372 4496.961451 4670.068027 4849.84127 5015.328798 5215.487528 5413.877551 5558.956916 5762.947846 5914.580499 6134.081633 6644.331066 6999.886621 7301.814059 7516.643991 7645.487528 7950.680272 8106.349206 8581.292517 8959.183673 9249.863946 9462.335601 9618.049887 9889.727891 10053.333333 10222.698413 10430.15873 10958.253968 11330.884354 11651.836735 11865.102041 12187.868481 12398.049887 12588.594104 12795.53288 12929.750567 13100.340136 13279.569161 13461.06576 13634.036281 13833.265306 13983.877551 14194.807256 14736.303855 15110.068027
bird_8_251209_174512.105.wav,aaaaaafaaonhjkblgdgonhjk,1805.646259 1970.521542 2177.052154 2348.979592 2523.537415 2720.181406 2873.582766 3060.612245 3229.659864 3371.496599 3580.566893 3772.154195 4280.907029 4628.843537 4907.39229 5121.70068 5349.183673 5516.825397 5686.213152 5846.938776 6047.006803 6242.76644 6790.997732 7148.61678,1842.630385 2064.285714 2260.294785 2439.183673 2615.895692 2798.571429 2964.331066 3137.936508 3306.666667 3497.845805 3714.807256 4196.1678 4558.548753 4859.206349 5069.274376 5202.312925 5464.648526 5616.825397 5804.648526 5964.739229 6183.673469 6709.659864 7079.795918 7371.133787
bird_8_251209_174548.107.wav,aaaaaaaaadfaafdddggonhjkblgdgonhjkblaaafaaddddggonhjkbafddddggonhjkblaaddddfggonhjkbl,1966.643991 2165.736961 2368.639456 2580.045351 2769.342404 2972.176871 3170.045351 3373.764172 3556.802721 3733.854875 3950.226757 4136.099773 4318.390023 4517.460317 4696.077098 4864.353741 5035.37415 5213.809524 5416.621315 5582.585034 5767.437642 5966.893424 6455.600907 6831.156463 7118.730159 7320.249433 7549.705215 7716.689342 7889.070295 8054.263039 8239.138322 8439.002268 8969.659864 9333.378685 9611.473923 9805.918367 10097.619048 10260.340136 10433.854875 10586.122449 10770.612245 10950.839002 11142.108844 11302.335601 11479.297052 11647.913832 11848.639456 12034.46712 12198.594104 12388.911565 12577.55102 13077.891156 13441.38322 13717.437642 13965.578231 14113.151927 14280.521542 14455.623583 14633.741497 14822.335601 15003.8322 15196.689342 15356.75737 15567.369615 15794.920635 16333.786848 16701.22449 16978.843537 17180.022676 17481.791383 17647.936508 17832.018141 18007.414966 18188.730159 18367.142857 18573.197279 18749.365079 18937.07483 19098.185941 19287.369615 19475.85034 20017.777778 20387.959184 20667.482993 20888.662132,2030.045351 2251.428571 2464.580499 2671.768707 2869.115646 3063.786848 3261.54195 3461.38322 3645.442177 3840.045351 4029.024943 4211.746032 4394.716553 4616.643991 4802.902494 4965.895692 5140.839002 5324.14966 5529.160998 5689.047619 5901.791383 6379.160998 6754.217687 7052.040816 7274.580499 7413.786848 7669.68254 7801.904762 8011.06576 8156.439909 8373.24263 8893.197279 9253.605442 9550.022676 9769.024943 9905.759637 10180.839002 10353.968254 10518.548753 10676.734694 10851.133787 11030.498866 11246.371882 11410.226757 11579.478458 11760.47619 11965.306122 12161.609977 12309.002268 12521.269841 13008.231293 13365.147392 13662.086168 13867.823129 14033.922902 14205.53288 14379.183673 14563.015873 14736.643991 14925.306122 15128.979592 15322.199546 15473.265306 15700.430839 16233.287982 16625.85034 16916.031746 17133.310658 17286.666667 17559.160998 17736.145125 17944.217687 18115.69161 18292.199546 18476.349206 18648.480726 18872.108844 19049.591837 19207.006803 19421.564626 19929.52381 20305.170068 20610.544218 20825.827664 20981.632653
bird_8_251209_174627.108.wav,aaaaaadddddggonhjkblaaafaaafddgdgonhjkblaadfaadddggonhjkblaaaafaa,1967.868481 2176.666667 2407.414966 2597.687075 2773.786848 2964.648526 3141.564626 3333.560091 3518.321995 3696.870748 3863.0839 4056.9161 4252.471655 4428.45805 4612.76644 4815.736961 5316.099773 5675.600907 5961.020408 6177.959184 6469.52381 6624.535147 6829.387755 6983.038549 7198.662132 7380.725624 7565.034014 7702.267574 7871.133787 8045.419501 8241.587302 8416.054422 8585.578231 8745.53288 8932.244898 9123.038549 9640.521542 9997.55102 10278.61678 10477.619048 10747.029478 10929.659864 11115.396825 11319.410431 11477.823129 11662.902494 11828.526077 11993.628118 12171.360544 12360.907029 12545.487528 12703.741497 12893.151927 13084.195011 13607.006803 13949.160998 14232.698413 14443.015873 14762.517007 14958.548753 15170.498866 15381.54195 15518.866213 15713.446712 15892.267574,2027.641723 2252.585034 2500.589569 2688.412698 2863.673469 3056.825397 3241.06576 3429.206349 3623.628118 3793.287982 3970.136054 4176.326531 4365.578231 4528.367347 4750.113379 5236.938776 5601.043084 5894.376417 6109.160998 6272.562358 6558.185941 6716.326531 6903.673469 7080.839002 7271.836735 7459.002268 7635.873016 7791.927438 7974.421769 8155.600907 8361.882086 8512.789116 8699.659864 8853.265306 9069.705215 9565.600907 9926.507937 10217.755102 10432.92517 10577.097506 10826.439909 11031.156463 11221.315193 11394.829932 11556.099773 11754.14966 11927.460317 12103.764172 12283.219955 12484.920635 12657.006803 12813.786848 13028.820862 13534.285714 13888.29932 14186.122449 14382.063492 14534.104308 14841.337868 15047.324263 15247.845805 15456.439909 15620.0 15803.900227 15997.07483
bird_8_251209_174700.109.wav,aaaaaaaadddggdgonhjkblfaafdddgdgonhjkblaaaafdddgonhjkblgdhjkbladaonhjkblfaaaafdddggonhjkaaaaaafaadddggonhjkbla,1973.0839 2254.331066 2453.582766 2646.485261 2820.839002 2998.231293 3187.573696 3376.712018 3565.736961 3737.006803 3926.031746 4129.591837 4328.911565 4506.462585 4683.854875 4846.689342 5040.31746 5238.231293 5698.843537 6069.410431 6343.106576 6555.873016 6798.480726 6958.412698 7143.673469 7277.619048 7435.736961 7600.975057 7790.0 7982.018141 8156.281179 8332.76644 8496.666667 8667.845805 8871.088435 9405.396825 9779.52381 10061.337868 10262.857143 10514.263039 10689.546485 10910.952381 11095.804989 11241.22449 11412.267574 11584.920635 11754.240363 11935.941043 12114.444444 12304.126984 12493.015873 13012.517007 13382.630385 13661.405896 13887.006803 14121.292517 14287.256236 14458.820862 14955.578231 15323.786848 15611.836735 15807.800454 16067.324263 16226.00907 16406.122449 16556.75737 16762.743764 16971.405896 17499.455782 17853.129252 18131.972789 18319.002268 18574.852608 18780.566893 18964.46712 19307.369615 19473.582766 19629.84127 19803.99093 19990.975057 20180.430839 20355.170068 20545.056689 20693.038549 20882.176871 21074.671202 21588.662132 21963.265306 22410.31746 22617.777778 22811.247166 23015.646259 23199.160998 23413.0839 23562.018141 23792.993197 23969.931973 24145.442177 24331.768707 24500.045351 24693.287982 24884.897959 25050.15873 25251.519274 25444.807256 25936.303855 26302.902494 26597.823129 26836.462585 27501.451247,2044.14966 2316.893424 2548.752834 2739.002268 2918.61678 3097.052154 3293.219955 3477.301587 3664.30839 3825.69161 4045.986395 4236.780045 4448.503401 4596.984127 4798.911565 4955.714286 5173.378685 5619.365079 5996.258503 6302.879819 6486.303855 6657.687075 6890.544218 7039.637188 7220.793651 7352.199546 7538.004535 7712.176871 7892.335601 8093.061224 8248.185941 8446.802721 8595.419501 8810.702948 9333.537415 9705.85034 10010.839002 10226.077098 10368.14059 10594.965986 10782.063492 10987.687075 11177.528345 11318.684807 11515.056689 11685.306122 11863.605442 12051.315193 12224.807256 12441.315193 12938.004535 13303.287982 13610.068027 13826.712018 13981.882086 14236.394558 14379.68254 14879.274376 15252.108844 15549.274376 15765.941043 15916.077098 16148.412698 16339.68254 16505.759637 16672.811791 16893.356009 17412.92517 17781.54195 18075.124717 18281.746032 18424.30839 18636.825397 18868.412698 19066.145125 19385.827664 19547.07483 19711.814059 19907.029478 20093.038549 20284.988662 20480.408163 20629.818594 20800.090703 21014.943311 21506.848073 21875.260771 22193.854875 22504.217687 22700.544218 22920.294785 23115.578231 23280.408163 23495.736961 23680.770975 23876.258503 24067.029478 24252.222222 24438.93424 24618.29932 24813.265306 25004.489796 25159.501134 25377.414966 25852.92517 26213.310658 26530.884354 26745.782313 26922.494331 27578.798186
bird_8_251209_181749.112.wav,aaaaaaaaaaaaaaddddgggonhjkblgdgoaaafaadac,1089.024943 1416.213152 1761.405896 1951.519274 2124.852608 2326.938776 2540.612245 2733.24263 2914.013605 3105.124717 3317.052154 3534.648526 3726.75737 3899.773243 4083.038549 4267.664399 4440.657596 4611.85941 4807.505669 5008.367347 5204.716553 5375.986395 5571.088435 5769.410431 6257.755102 6610.839002 6895.668934 7111.451247 7412.199546 7590.113379 7765.986395 7925.85034 8348.117914 8525.283447 8696.281179 8837.278912 9032.335601 9214.920635 9398.435374 9834.013605 10179.024943,1144.761905 1476.258503 1812.60771 2028.571429 2215.283447 2417.687075 2633.061224 2818.095238 3001.179138 3204.716553 3411.950113 3613.378685 3802.176871 3985.283447 4183.8322 4363.786848 4541.06576 4721.337868 4922.630385 5123.129252 5332.380952 5486.235828 5705.69161 6178.095238 6528.208617 6843.061224 7052.653061 7202.131519 7526.054422 7676.099773 7878.662132 8040.294785 8423.628118 8589.954649 8778.730159 8931.746032 9112.630385 9300.340136 9493.310658 9910.045351 10248.412698
bird_8_251209_181801.113.wav,aaaaaaaaddddddggonhjkblaaafaaafgggonhjg,1760.068027 1954.489796 2167.369615 2367.324263 2554.512472 2746.371882 2936.485261 3104.943311 3303.560091 3502.403628 3675.736961 3840.47619 4014.965986 4198.321995 4406.145125 4591.179138 4757.120181 4940.136054 5155.124717 5692.063492 6056.122449 6351.133787 6601.519274 7066.00907 7253.378685 7483.900227 7617.278912 7831.043084 8019.750567 8217.120181 8355.804989 8558.412698 8758.253968 8952.970522 9083.492063 9304.648526 9512.721088 9992.653061 10478.435374,1824.512472 2031.06576 2251.519274 2462.44898 2649.115646 2828.208617 3012.970522 3203.0839 3407.664399 3603.764172 3780.136054 3941.247166 4121.111111 4307.641723 4517.210884 4710.385488 4869.84127 5091.22449 5565.668934 5968.435374 6277.369615 6495.555556 6698.594104 7145.804989 7348.866213 7559.387755 7707.210884 7915.646259 8094.172336 8293.968254 8454.739229 8675.69161 8872.834467 9068.480726 9225.555556 9445.510204 9905.21542 10276.145125 10557.142857
bird_8_251209_181828.114.wav,aaaaaaaaaaadddggdgonhjk,1414.807256 1955.396825 2452.698413 2703.333333 2876.190476 3079.750567 3281.043084 3478.049887 3677.55102 3880.113379 4117.687075 4296.780045 4483.628118 4664.399093 4862.879819 5057.959184 5242.675737 5438.843537 5610.090703 5821.111111 6011.428571 6522.902494 6902.131519,1472.675737 2039.886621 2520.612245 2782.653061 2962.199546 3170.113379 3380.770975 3580.340136 3773.945578 3967.55102 4202.086168 4401.088435 4582.222222 4778.843537 4971.950113 5177.619048 5341.428571 5558.276644 5728.412698 5953.514739 6439.002268 6813.424036 7057.845805
bird_8_251209_181849.115.wav,aaaaaaaafaaafggdggonhjkblgdhjkblaaafaaafaaddggonhjkblaaafaaafddddggodhj,1030.977067 1439.457793 1762.904505 1954.060968 2139.68455 2322.496342 2503.131262 2693.35802 2849.797929 3057.98387 3237.621058 3428.596115 3577.280922 3748.822872 3936.12446 4114.831943 4290.977067 4486.215163 4647.575707 4834.763915 5034.083643 5513.244641 5872.881829 6157.212895 6362.813802 6613.652804 6779.661875 6944.355752 7415.126727 7775.172079 8060.636931 8296.44192 8553.085911 8722.519017 8901.135798 9042.246909 9466.169811 9635.0587 9826.91811 9997.757113 10169.276387 10335.875027 10485.489539 10649.435117 10846.577974 11024.559834 11192.859154 11380.90904 11568.913575 12062.723099 12422.677748 12705.240106 12908.573439 13213.19929 13438.1426 13659.729902 13797.258246 14002.836478 14194.58251 14375.444188 14528.913575 14680.841013 14845.308133 15022.042827 15214.015616 15396.305866 15598.550763 15762.859154 16031.657339 16179.389766 16684.038292,1078.800197 1509.20836 1838.006546 2048.437385 2236.736705 2426.396568 2601.453258 2777.98387 2944.401104 3131.725367 3318.800197 3508.573439 3646.827407 3878.800197 4065.081376 4205.784324 4407.598383 4608.573439 4746.872759 4973.970265 5438.414709 5795.852351 6086.487271 6307.416977 6452.088178 6730.183417 6874.401104 7338.732169 7693.856886 8003.539426 8209.548496 8374.378428 8627.348949 8818.664142 8975.875027 9110.251444 9547.303598 9733.788859 9926.464596 10085.875027 10250.727634 10424.174346 10584.128995 10753.652804 10959.299063 11132.972532 11301.952124 11514.537158 11987.598383 12341.135798 12648.550763 12863.085911 13021.680015 13283.584777 13533.153938 13737.915843 13865.013349 14089.639199 14267.575707 14463.67548 14588.618791 14782.904505 14952.360287 15130.795661 15321.158473 15508.800197 15708.210627 15866.736705 16098.709494 16588.573439 16959.389766
bird_8_251209_181921.116.wav,eaaaaaaaaaaadddggonhjkblgdgonhjkblggddddggonhjkbelgdhjkaaafaafddddggonhjkblaaaafaafddddggonhjkbaaafaafddgaoeahj,1e-06 2602.335601 3040.634921 3234.399093 3442.879819 3620.634921 3802.834467 3981.360544 4165.170068 4362.857143 4544.648526 4687.165533 4846.780045 5014.965986 5194.739229 5378.866213 5570.521542 5734.489796 5917.39229 6116.462585 6613.945578 6968.027211 7249.002268 7441.70068 7679.501134 7841.836735 8009.68254 8172.947846 8367.755102 8568.594104 9040.430839 9385.147392 9665.85034 9881.950113 10137.301587 10344.78458 10513.378685 10677.913832 10850.612245 11025.124717 11214.195011 11404.943311 11565.668934 11786.802721 11969.52381 12463.582766 12822.176871 13114.829932 13332.585034 13359.092971 13576.575964 13743.922902 13896.099773 14395.646259 14765.260771 15179.024943 15349.727891 15565.555556 15706.553288 15904.716553 16094.285714 16232.653061 16388.798186 16562.585034 16738.276644 16914.263039 17096.689342 17283.809524 17446.371882 17638.027211 17838.29932 18333.900227 18693.265306 18975.396825 19189.954649 19639.750567 19800.680272 19999.115646 20203.718821 20361.111111 20531.111111 20718.276644 20863.537415 21071.179138 21242.902494 21420.680272 21596.031746 21790.907029 21980.770975 22138.095238 22328.526077 22526.893424 23036.326531 23404.988662 23689.002268 24733.922902 24935.555556 25135.986395 25331.655329 25484.46712 25665.963719 25822.585034 25977.868481 26150.226757 26355.487528 26565.464853 26694.285714 27313.945578 27483.696145 27687.188209 28171.70068,33.741497 2661.655329 3095.85034 3310.861678 3525.578231 3718.14059 3897.120181 4071.927438 4263.696145 4447.460317 4615.623583 4762.947846 4945.034014 5115.147392 5300.793651 5495.668934 5690.31746 5844.104308 6055.600907 6532.653061 6897.755102 7189.024943 7400.47619 7551.768707 7802.653061 7942.879819 8133.038549 8285.963719 8478.344671 8949.387755 9319.183673 9618.095238 9812.086168 9974.920635 10254.263039 10468.843537 10613.854875 10782.471655 10955.011338 11137.142857 11333.605442 11551.06576 11671.972789 11898.29932 12375.782313 12753.650794 13049.68254 13275.804989 13357.619048 13420.907029 13686.870748 13833.151927 14304.104308 14688.367347 14973.922902 15250.770975 15434.897959 15647.165533 15794.331066 15985.578231 16171.927438 16313.786848 16496.643991 16668.344671 16844.036281 17020.15873 17212.018141 17429.410431 17553.378685 17771.360544 18261.133787 18625.464853 18923.514739 19137.437642 19272.60771 19718.480726 19894.920635 20107.800454 20283.129252 20425.782313 20619.863946 20803.8322 20970.453515 21179.591837 21355.306122 21534.671202 21702.426304 21913.378685 22121.746032 22252.44898 22462.244898 22964.489796 23332.630385 23626.530612 23853.650794 24808.571429 25035.918367 25227.709751 25394.263039 25565.873016 25750.31746 25910.907029 26082.630385 26258.639456 26472.290249 26635.578231 26810.136054 27336.235828 27564.603175 28090.657596 28438.594104
bird_8_251209_181949.117.wav,aaaaaaafaadddggonhje,646.128496 1010.935752 1244.042328 1427.375661 1618.71353 1804.382464 2005.312169 2146.922147 2344.677249 2512.092215 2677.987906 2839.915344 3007.874528 3197.352986 3385.493575 3544.201058 3735.538927 3932.001512 4370.527589 4586.650038,732.250945 1099.257748 1331.343915 1532.364324 1720.935752 1885.130763 2083.18065 2242.455026 2425.425548 2594.813303 2780.346183 2955.130763 3111.411943 3321.207861 3498.600151 3651.933485 3867.511716 4301.95616 4563.203326 4613.044596
bird_8_251209_182002.118.wav,aaaaaaddfaaafdddggonhjkblgdhjkaaafaafddggonhjkbl,576.775577 745.913899 920.176938 1101.560158 1274.689409 1454.916167 1640.789183 1803.170135 2000.517074 2174.190543 2351.854942 2518.793718 2674.349273 2838.158797 3017.433174 3192.331133 3378.589636 3565.755169 3733.691677 3915.097573 4115.278979 4629.972856 4983.238162 5257.047686 5456.072629 5700.902561 5860.517074 6022.943378 6505.936575 6855.777845 7248.997799 7427.342471 7642.127051 7778.929772 7974.303922 8143.442244 8296.843604 8444.439976 8613.691677 8793.238162 8982.512539 9145.709818 9336.254035 9531.106643 10003.170135 10382.625917 10662.966053 10867.93204,634.598706 818.612312 1052.761972 1196.344738 1375.687142 1551.492131 1737.138389 1905.505736 2068.521609 2252.603242 2430.176938 2608.40823 2767.864013 2946.004602 3122.444511 3302.421836 3504.530679 3685.120248 3843.669001 4053.827731 4549.111178 4907.93204 5207.818661 5405.755169 5558.884421 5824.371949 5961.469455 6418.680339 6775.709818 7087.977391 7333.192811 7529.224557 7719.972856 7873.578298 8054.281246 8235.097573 8376.004602 8550.834534 8720.063559 8909.337936 9105.188276 9253.056756 9472.580566 9923.260838 10298.272176 10605.551087 10820.108911 10965.256303
bird_8_251209_182018.119.wav,aaaaaaaaaddfaafdddggonhjkblgdhjk,456.558776 645.515692 820.731112 1010.617733 1185.288935 1384.177824 1558.735647 1790.141543 1923.792336 2076.127937 2237.805942 2425.878504 2607.329751 2805.311611 2946.96694 3097.080318 3264.109797 3430.481679 3626.309343 3813.429525 3975.833153 4165.538368 4364.019094 4888.418187 5248.214105 5529.438595 5739.801407 5961.660817 6128.168754 6297.2844 6795.991883 7158.576917,521.59279 728.98508 913.769661 1107.76059 1297.941996 1487.805942 1656.558776 1868.66762 2013.610931 2180.322949 2342.998686 2520.322949 2686.536101 2895.923856 3030.186894 3196.876237 3369.529298 3543.973742 3739.257189 3929.14381 4090.776463 4299.937461 4820.20957 5185.810477 5465.674423 5676.490749 5832.522495 6072.023629 6217.783266 6712.930658 7065.493017 7387.420454
bird_8_251209_182036.120.wav,aaaafaaafdddggonhjkblaaafaafdddggonhjkblgdhjkcaaaaafaafdddfaaadddgdhjkblgdgdhjfaaadaonhjaaa,1980.272109 2168.163265 2337.800454 2519.047619 2686.190476 2848.163265 3048.367347 3247.39229 3439.319728 3631.043084 3804.512472 3984.30839 4176.1678 4364.648526 4528.548753 4712.585034 4914.535147 5453.333333 5801.451247 6079.727891 6291.723356 6561.995465 6716.00907 6888.526077 7037.687075 7230.430839 7404.62585 7557.596372 7703.786848 7870.748299 8044.058957 8222.176871 8417.596372 8572.92517 8761.972789 8947.800454 9443.129252 9797.845805 10087.732426 10301.995465 10569.84127 10736.734694 10896.870748 11367.029478 11747.369615 12045.623583 12801.473923 12999.773243 13174.126984 13356.734694 13570.045351 13710.090703 13915.464853 14089.637188 14230.544218 14399.886621 14573.560091 14752.471655 14984.557823 15152.947846 15337.482993 15497.142857 15654.965986 15821.38322 16013.854875 16200.340136 16359.591837 16509.909297 17003.809524 17359.183673 17665.102041 17859.569161 18089.319728 18257.641723 18428.866213 18605.079365 18770.975057 19248.503401 19692.358277 19911.746032 20109.160998 20380.090703 20585.555556 20765.328798 20902.993197 21098.276644 21304.535147 21823.469388 22246.598639 22429.206349 22633.900227,2053.287982 2252.653061 2438.117914 2609.002268 2756.621315 2925.668934 3159.818594 3337.664399 3525.306122 3730.793651 3905.487528 4090.31746 4285.69161 4481.54195 4631.473923 4849.229025 5375.011338 5721.156463 6019.954649 6240.634921 6388.253968 6636.734694 6804.965986 6971.473923 7141.882086 7305.827664 7487.959184 7632.675737 7810.748299 7980.680272 8153.673469 8344.013605 8530.748299 8686.802721 8897.573696 9371.179138 9722.743764 10021.06576 10235.306122 10390.544218 10679.478458 10829.52381 11302.721088 11650.31746 11966.825397 12077.142857 12871.814059 13083.696145 13269.84127 13442.698413 13645.986395 13817.460317 13994.829932 14168.163265 14323.786848 14503.854875 14686.145125 14857.256236 15056.575964 15235.986395 15414.943311 15590.430839 15758.526077 15928.344671 16125.102041 16311.337868 16452.131519 16929.863946 17285.895692 17574.14966 17800.340136 17964.30839 18210.0 18351.70068 18545.147392 18703.401361 19172.335601 19540.861678 19803.492063 20009.795918 20202.335601 20464.14966 20682.993197 20846.575964 21016.077098 21224.920635 21739.795918 22114.399093 22307.052154 22510.975057 22732.154195
bird_8_251209_182100.121.wav,aaaaaaaaddddggonhj,539.954649 1970.793651 2141.360544 2335.351474 2514.104308 2703.038549 2893.673469 3071.746032 3293.061224 3451.927438 3631.519274 3829.365079 4012.244898 4197.709751 4359.274376 4545.464853 4739.637188 5288.979592,604.263039 2034.376417 2233.514739 2431.836735 2619.773243 2797.959184 2978.730159 3158.480726 3378.095238 3555.079365 3734.376417 3932.902494 4132.018141 4317.755102 4467.55102 4680.929705 5197.369615 5490.498866
bird_8_251209_182106.122.wav,aaaafaafdddggonhjkblaaadddgaonhjkadaaaaaaddddfaaafddggonhjkblaaafaaaonhjke,1979.637188 2172.358277 2370.816327 2545.328798 2731.451247 2896.1678 3090.090703 3229.705215 3391.315193 3561.85941 3735.260771 3904.217687 4089.863946 4243.854875 4434.489796 4640.702948 5140.385488 5487.619048 5768.163265 5983.786848 6371.972789 6795.759637 6955.192744 7140.952381 7295.963719 7461.201814 7660.612245 7849.818594 8002.086168 8175.759637 8391.201814 8895.487528 9279.659864 9683.378685 9879.433107 10070.680272 10257.482993 10453.129252 10668.730159 10848.231293 11050.31746 11225.510204 11407.256236 11591.814059 11759.546485 11945.804989 12179.092971 12363.265306 12641.519274 12782.630385 12955.192744 13126.417234 13388.004535 13576.780045 13740.090703 13922.811791 14107.39229 14628.208617 14979.478458 15263.424036 15467.868481 16504.852608 16705.37415 16919.886621 17061.06576 17239.705215 17413.99093 17619.070295 17757.07483 17963.401361 18186.303855 18696.530612 19083.492063 19860.045351,2055.69161 2272.108844 2469.070295 2651.836735 2806.281179 2972.993197 3171.451247 3327.142857 3499.84127 3665.396825 3849.115646 4023.174603 4201.85941 4360.113379 4570.068027 5043.424036 5411.85941 5708.276644 5920.793651 6086.9161 6448.14059 6869.546485 7041.882086 7238.956916 7398.707483 7573.129252 7780.249433 7945.487528 8102.539683 8315.21542 8818.956916 9181.814059 9507.641723 9763.492063 9972.44898 10169.795918 10370.408163 10559.750567 10752.154195 10928.548753 11141.54195 11330.907029 11507.505669 11696.507937 11864.240363 11994.580499 12268.390023 12453.945578 12722.063492 12877.619048 13057.959184 13230.272109 13507.981859 13692.630385 13846.961451 14062.993197 14549.705215 14900.226757 15212.970522 15430.272109 15568.93424 16570.952381 16795.487528 17003.129252 17147.301587 17318.412698 17494.195011 17692.290249 17861.609977 18081.678005 18606.371882 18992.040816 19307.142857 19905.963719
bird_8_251209_182134.123.wav,aaaaaaafdddggonhjkblgdhjkblaaafaddgonhjkblaaaafdddaaaaaddggonhj,2568.367347 2773.900227 2962.335601 3142.312925 3318.911565 3503.129252 3711.020408 3850.068027 4012.970522 4179.365079 4341.70068 4536.145125 4715.941043 4881.927438 5070.725624 5296.122449 5771.882086 6127.482993 6404.263039 6613.786848 6834.648526 6996.893424 7161.791383 7634.217687 7991.768707 8273.0839 8480.566893 8748.321995 8939.931973 9134.421769 9276.439909 9480.204082 9660.453515 9824.30839 10025.328798 10197.437642 10390.884354 10584.988662 11109.274376 11475.53288 11751.292517 11958.412698 12245.056689 12404.535147 12592.403628 12793.900227 12936.281179 13117.55102 13297.301587 13491.746032 13908.072562 14083.537415 14270.975057 14521.06576 14699.410431 14899.229025 15136.870748 15424.62585 15605.147392 15763.718821 15955.85034 16156.734694 16666.281179,2634.580499 2857.959184 3052.312925 3244.852608 3416.349206 3596.575964 3784.30839 3943.718821 4115.873016 4280.748299 4451.746032 4638.072562 4835.147392 4990.725624 5194.897959 5690.340136 6058.276644 6350.31746 6571.315193 6699.546485 6955.328798 7095.21542 7553.537415 7968.548753 8209.546485 8424.648526 8569.455782 8835.53288 9022.743764 9214.172336 9385.306122 9555.646259 9761.247166 9930.453515 10138.707483 10307.029478 10523.446712 11035.646259 11395.895692 11706.077098 11907.369615 12058.956916 12313.265306 12501.723356 12698.888889 12877.482993 13026.893424 13225.941043 13403.8322 13593.310658 13989.183673 14185.782313 14373.945578 14620.15873 14793.333333 14995.102041 15240.340136 15542.426304 15726.00907 15875.895692 16094.875283 16583.900227 16944.535147
bird_8_251209_182155.124.wav,aaaaafaafdddddggonhjkblgdhjkblgdgonhjkbladaaadd,5498.480726 5702.811791 5876.439909 6051.133787 6226.439909 6441.746032 6588.185941 6768.730159 6911.473923 7049.750567 7217.596372 7373.718821 7536.213152 7710.748299 7887.278912 8074.46712 8239.569161 8413.219955 8602.063492 9108.571429 9464.580499 9738.707483 9958.526077 10155.442177 10308.662132 10459.251701 10945.328798 11297.596372 11576.507937 11770.249433 12032.902494 12192.358277 12378.072562 12545.782313 12733.900227 12920.566893 13420.31746 13778.979592 14064.807256 14258.276644 14549.52381 14756.712018 14949.931973 15141.405896 15332.131519 15528.956916 15726.326531,5558.911565 5770.566893 5964.46712 6146.780045 6327.528345 6499.183673 6664.104308 6841.655329 6995.238095 7152.086168 7319.455782 7471.54195 7648.004535 7819.795918 7992.222222 8185.192744 8340.362812 8550.181406 9026.1678 9398.571429 9691.995465 9890.272109 10041.723356 10266.689342 10403.809524 10870.702948 11227.641723 11519.387755 11757.755102 11880.634921 12141.088435 12295.464853 12499.455782 12641.723356 12855.396825 13333.900227 13702.131519 13992.675737 14227.210884 14363.968254 14621.156463 14847.120181 15046.281179 15234.648526 15426.712018 15630.340136 15812.290249
bird_8_251209_182216.125.wav,aaaaaafaafdddggonhjkblgdhjkaaaaonhjkblaaddd,1745.85034 1958.072562 2097.505669 2320.453515 2494.104308 2670.952381 2815.668934 3003.446712 3186.190476 3323.922902 3498.276644 3673.673469 3836.031746 4026.9161 4212.653061 4368.344671 4548.594104 4744.807256 5278.480726 5619.84127 5888.843537 6093.106576 6318.956916 6483.854875 6636.802721 7118.072562 7477.936508 7874.965986 8036.213152 8240.15873 8415.804989 8568.730159 8766.734694 8960.47619 9495.600907 9855.555556 10132.517007 10326.75737 10589.274376 10760.47619 10918.798186 11112.199546 11291.791383,1792.471655 2033.015873 2231.156463 2404.875283 2593.129252 2761.315193 2905.782313 3083.446712 3258.321995 3414.013605 3604.285714 3778.77551 3951.496599 4140.634921 4320.068027 4467.55102 4686.213152 5181.655329 5548.344671 5835.034014 6052.040816 6190.226757 6431.38322 6575.102041 7025.21542 7407.528345 7711.496599 7959.478458 8133.537415 8340.612245 8514.920635 8686.75737 8900.997732 9419.750567 9771.360544 10080.793651 10283.492063 10423.356009 10679.501134 10843.469388 11024.920635 11214.217687 11396.553288
bird_8_251209_182252.126.wav,aaaaadaaaacfaaonhjkblgdgonhjkblfddfddggonhjekblaacfaaonhjkblaafdalaeaaaaafaafddggo,1972.403628 2209.546485 2397.732426 2759.024943 2968.503401 3137.437642 3322.176871 3517.891156 3705.396825 3901.292517 4021.972789 4060.770975 4246.598639 4406.417234 4547.845805 4738.435374 4925.419501 5440.113379 5785.782313 6057.981859 6244.399093 6488.684807 6645.283447 6811.405896 6965.442177 7155.69161 7348.503401 7825.963719 8182.176871 8456.893424 8662.018141 8884.058957 9060.113379 9247.823129 9376.712018 9553.900227 9704.512472 9877.256236 10069.773243 10223.8322 10414.648526 10596.077098 11150.861678 11455.895692 11503.99093 11776.326531 11971.678005 12218.594104 12395.668934 12516.689342 12550.47619 12736.00907 12921.111111 13055.102041 13242.018141 13440.952381 13917.07483 14280.997732 14556.938776 14747.528345 14995.056689 15181.405896 15311.337868 15524.875283 15930.975057 16161.768707 16442.630385 16580.408163 17071.428571 17305.69161 17492.290249 17674.761905 17854.421769 18042.902494 18209.410431 18398.594104 18547.800454 18685.079365 18877.596372 19065.056689 19260.090703 19420.294785,2054.965986 2299.591837 2491.020408 2836.1678 3127.959184 3248.684807 3424.421769 3618.61678 3819.387755 4001.020408 4042.222222 4155.827664 4326.575964 4484.920635 4666.394558 4871.201814 5362.834467 5723.877551 6016.598639 6211.360544 6359.569161 6601.020408 6744.081633 6923.945578 7079.84127 7294.421769 7743.900227 8112.879819 8409.365079 8617.596372 8764.671202 8996.848073 9144.78458 9321.927438 9488.185941 9659.659864 9821.473923 10006.099773 10190.430839 10344.603175 10543.968254 11071.972789 11437.369615 11496.485261 11729.84127 11932.018141 12078.117914 12295.396825 12481.06576 12540.566893 12657.913832 12820.748299 13000.612245 13163.605442 13372.789116 13849.614512 14198.095238 14516.349206 14712.471655 14844.78458 15074.716553 15252.970522 15393.310658 15628.321995 15990.453515 16440.113379 16553.015873 16623.922902 17133.877551 17367.619048 17592.018141 17783.378685 17947.39229 18105.53288 18289.501134 18479.705215 18624.580499 18811.587302 18983.129252 19196.145125 19365.442177 19529.773243
bird_8_251209_182318.127.wav,aaaaaaadddddfggonhjka,1977.142857 2171.904762 2341.564626 2527.981859 2703.061224 2906.00907 3068.163265 3237.256236 3394.62585 3556.303855 3737.619048 3905.714286 4095.351474 4255.170068 4434.263039 4593.492063 4801.428571 4993.650794 5483.900227 5840.884354 6403.061224,2042.108844 2259.546485 2442.471655 2631.38322 2791.473923 2976.394558 3154.421769 3338.911565 3495.668934 3670.680272 3837.664399 4015.124717 4169.773243 4370.997732 4546.1678 4699.002268 4935.464853 5404.943311 5768.117914 6066.485261 6474.829932
bird_8_251209_182328.128.wav,aaaaaafaafdddddggonhjkblgdhjkblaaddfaaonhjke,1988.752834 2277.641723 2583.015873 2762.131519 2942.131519 3119.047619 3277.641723 3456.553288 3641.972789 3778.163265 3934.240363 4101.088435 4259.750567 4422.086168 4592.834467 4780.47619 4963.900227 5117.097506 5304.78458 5507.39229 6010.090703 6369.206349 6643.424036 6865.464853 7117.959184 7290.022676 7464.875283 7960.408163 8324.535147 8598.14059 8816.190476 9052.60771 9225.759637 9411.451247 9575.283447 9784.14966 9948.027211 10113.378685 10250.861678 10467.097506 10656.1678 11139.138322 11499.659864 11766.122449,2060.113379 2439.229025 2660.612245 2851.814059 3034.058957 3219.183673 3354.376417 3534.716553 3715.668934 3871.927438 4033.0839 4204.535147 4372.993197 4528.571429 4693.582766 4896.553288 5071.70068 5222.562358 5436.938776 5928.095238 6320.589569 6587.23356 6794.331066 6957.936508 7229.501134 7386.00907 7878.367347 8236.893424 8547.120181 8744.013605 8904.081633 9138.367347 9333.8322 9519.297052 9683.469388 9845.37415 10016.870748 10191.337868 10358.730159 10587.165533 11073.696145 11414.331066 11726.439909 11799.977324
bird_8_251209_182351.129.wav,aaaaafaafdddggonhjkblgdhjkbaaaonhjaaaaaaddaaaaonhjkbl,3651.655329 3852.970522 4027.165533 4216.281179 4390.770975 4577.936508 4744.217687 4928.548753 5050.884354 5217.052154 5383.287982 5554.693878 5740.839002 5928.253968 6089.659864 6277.619048 6471.292517 6976.643991 7335.555556 7612.131519 7811.247166 8045.827664 8208.004535 8361.972789 8852.857143 9211.814059 9498.684807 9910.793651 10070.680272 10251.814059 10409.705215 10612.176871 10806.598639 11323.106576 11916.326531 12104.580499 12303.582766 12497.278912 13039.274376 13189.115646 13362.721088 13539.659864 14204.62585 14350.884354 14522.743764 14701.655329 14855.85034 15054.716553 15245.986395 15734.943311 16103.265306 16390.657596 16588.911565,3723.786848 3934.671202 4124.013605 4309.160998 4486.485261 4640.181406 4815.21542 4992.426304 5151.088435 5316.825397 5483.492063 5664.988662 5858.503401 6048.344671 6204.036281 6414.78458 6902.539683 7262.222222 7554.580499 7753.106576 7914.807256 8154.399093 8298.412698 8771.54195 9140.068027 9432.970522 9656.485261 9973.287982 10148.911565 10336.75737 10534.580499 10748.344671 11229.274376 11617.55102 11985.510204 12205.034014 12399.546485 12587.913832 13120.022676 13268.367347 13464.693878 13644.013605 14283.401361 14445.283447 14633.038549 14801.655329 14973.945578 15187.505669 15663.560091 16028.798186 16337.278912 16541.179138 16695.464853
bird_8_251209_182410.130.wav,aaaaaaddddggdhjkaaafdddggonhjkb,2719.160998 2853.378685 3108.45805 3344.353741 3500.47619 3676.054422 3849.569161 4022.267574 4202.403628 4382.993197 4575.102041 4753.582766 4921.315193 5084.648526 5559.433107 5919.160998 6273.764172 6456.9161 6654.30839 6786.575964 6943.809524 7109.455782 7286.213152 7483.24263 7674.058957 7837.07483 8017.709751 8210.612245 8731.814059 9119.750567 9389.047619,2815.804989 3015.21542 3195.578231 3418.707483 3597.664399 3764.965986 3946.326531 4125.056689 4310.997732 4498.321995 4686.349206 4874.716553 5019.931973 5483.015873 5838.594104 6141.360544 6354.739229 6539.546485 6727.936508 6863.061224 7049.569161 7215.986395 7392.675737 7593.197279 7793.424036 7941.678005 8154.603175 8640.47619 9025.668934 9340.181406 9547.845805
bird_8_251209_182427.131.wav,aaaaaaafdddggonhjkblgdhjkblaafddddgonhjkblaaaaddggonhjkbladaaaa,2437.709751 2802.494331 3004.943311 3186.326531 3370.249433 3544.013605 3727.664399 3874.444444 4038.367347 4204.580499 4365.011338 4552.154195 4752.290249 4917.709751 5104.965986 5290.068027 5806.689342 6158.072562 6433.015873 6617.755102 6859.478458 7022.721088 7159.68254 7631.950113 8000.861678 8282.494331 8493.356009 8721.06576 8903.514739 9041.609977 9236.802721 9409.591837 9610.022676 9801.814059 9982.970522 10149.092971 10329.160998 10530.204082 11047.55102 11419.365079 11699.84127 11932.494331 12167.845805 12334.693878 12522.811791 12702.539683 12901.632653 13067.619048 13237.210884 13425.963719 13579.047619 13771.06576 13974.195011 14460.430839 14819.297052 15104.739229 15313.650794 15976.258503 16140.430839 16310.340136 16502.630385 16695.600907 17659.84127,2495.328798 2875.782313 3094.331066 3277.732426 3462.721088 3627.23356 3800.31746 3953.174603 4143.356009 4306.235828 4470.748299 4671.927438 4859.206349 5021.133787 5237.39229 5729.183673 6084.761905 6375.714286 6570.47619 6707.687075 6976.258503 7115.079365 7561.428571 7922.675737 8209.433107 8441.111111 8601.315193 8803.900227 8976.870748 9151.609977 9339.183673 9512.222222 9705.147392 9917.097506 10102.539683 10249.342404 10460.770975 10969.410431 11332.879819 11643.968254 11850.975057 12009.659864 12246.485261 12432.154195 12607.278912 12786.553288 13001.54195 13171.38322 13355.283447 13562.44898 13689.365079 13907.505669 14387.641723 14743.446712 15045.578231 15268.866213 15409.909297 16051.836735 16233.424036 16417.959184 16602.290249 16791.428571 17726.235828
bird_8_251209_182447.132.wav,aaaaafddfgnhjkblaaddaaddddcafgaonhjkblaaaacfaaafdddggonhjkaaaaddgaonhjk,1981.972789 2202.222222 2388.843537 2569.954649 2754.195011 2893.650794 3065.873016 3231.519274 3436.825397 3599.591837 3785.918367 4118.752834 4589.024943 4951.133787 5236.598639 5444.444444 5773.537415 5949.455782 6126.326531 6294.331066 6538.684807 6704.875283 6870.362812 7037.959184 7210.975057 7376.530612 7532.789116 7782.585034 7906.507937 8075.079365 8269.569161 8410.226757 8587.278912 8775.782313 9279.410431 9626.507937 9899.795918 10106.712018 10376.802721 10538.662132 10726.984127 10893.197279 11007.596372 11034.965986 11228.820862 11402.426304 11562.154195 11700.589569 11848.526077 12031.22449 12229.138322 12448.253968 12622.970522 12784.761905 12976.75737 13167.619048 13666.1678 14034.217687 14513.129252 14711.70068 14882.517007 15062.154195 15240.022676 15420.566893 15612.743764 15821.292517 15951.632653 16157.959184 16347.23356 16864.78458 17222.176871,2040.816327 2275.782313 2469.659864 2649.977324 2826.530612 2976.439909 3159.569161 3334.331066 3498.276644 3716.394558 4050.272109 4525.056689 4882.585034 5177.936508 5393.764172 5544.535147 5856.870748 6044.126984 6231.315193 6404.988662 6614.829932 6799.070295 6975.873016 7139.886621 7322.108844 7489.954649 7654.489796 7824.716553 7984.648526 8193.424036 8347.414966 8519.569161 8719.365079 9209.909297 9558.594104 9844.557823 10041.496599 10203.356009 10449.115646 10624.875283 10815.555556 10985.147392 11028.662132 11156.417234 11311.655329 11483.492063 11642.063492 11766.712018 11955.442177 12136.575964 12334.671202 12558.435374 12741.587302 12899.659864 13109.002268 13593.378685 13942.789116 14246.734694 14582.630385 14804.739229 14988.45805 15156.802721 15343.106576 15531.882086 15730.090703 15899.319728 16064.489796 16293.718821 16782.199546 17135.419501 17449.002268
bird_8_251209_182517.133.wav,aaaaalaafdddggdhjkblgdhjkblaaaonhjkblaaaafaaonhjk,1973.628118 2154.875283 2328.14059 2536.281179 2714.058957 2839.637188 2888.684807 3083.673469 3239.047619 3413.333333 3584.217687 3750.31746 3937.482993 4140.748299 4305.351474 4464.671202 4920.612245 5284.78458 5563.469388 5766.9161 6023.446712 6180.294785 6353.718821 6775.306122 7128.367347 7404.172336 7622.630385 7908.820862 8079.365079 8258.979592 8407.55102 8622.902494 8817.505669 9345.260771 9707.165533 9983.8322 10164.081633 10424.14966 10597.596372 10766.870748 10983.151927 11152.131519 11325.804989 11502.630385 11646.462585 11830.340136 12032.086168 12545.37415 12906.530612,2034.603175 2239.659864 2416.122449 2627.981859 2796.75737 2882.018141 3002.562358 3169.614512 3337.573696 3517.981859 3684.013605 3861.269841 4052.403628 4258.77551 4394.920635 4833.809524 5208.435374 5512.857143 5712.290249 5880.204082 6135.260771 6281.950113 6684.30839 7051.337868 7348.798186 7565.351474 7710.022676 7996.598639 8164.036281 8332.086168 8535.714286 8754.693878 9275.079365 9630.045351 9933.582766 10127.732426 10275.759637 10511.950113 10689.160998 10867.482993 11060.090703 11225.759637 11398.662132 11579.319728 11762.267574 11968.888889 12467.052154 12819.591837 13119.954649
bird_8_251209_182547.134.wav,aaaaaaaafggddddggonhjkbe,1757.913832 1972.811791 2157.732426 2347.188209 2524.535147 2721.133787 2904.081633 3086.1678 3243.854875 3449.274376 3645.170068 3818.072562 4013.24263 4196.054422 4370.249433 4560.725624 4746.235828 4917.324263 5104.557823 5301.292517 5829.546485 6188.321995 6487.891156 6717.619048,1822.018141 2049.501134 2253.809524 2448.480726 2629.886621 2814.331066 2990.657596 3165.21542 3314.058957 3569.183673 3758.480726 3902.789116 4108.412698 4290.907029 4477.891156 4681.111111 4872.585034 5020.181406 5236.689342 5750.090703 6107.324263 6416.462585 6634.285714 6745.079365
bird_8_251209_182610.135.wav,aaaaaaaaaafaaonhjkblgdhjaaaaonhjkblaadddganhjkblaaddgonhjkblgdhjaaaaafddddggonhjkblaaaaf,1973.741497 2164.353741 2363.945578 2545.328798 2718.072562 2898.004535 3086.870748 3402.176871 3578.45805 3774.535147 3921.38322 4129.115646 4296.893424 4426.507937 4626.734694 4814.217687 5339.047619 5696.666667 5967.39229 6178.14059 6430.748299 6590.136054 6742.244898 7230.31746 7639.52381 7797.23356 7998.730159 8159.750567 8295.192744 8496.621315 8697.777778 9225.759637 9578.956916 9863.015873 10047.346939 10330.47619 10513.582766 10706.553288 10881.38322 11053.877551 11228.45805 11384.421769 11606.961451 11795.21542 12320.680272 12685.21542 12982.471655 13180.907029 13432.471655 13610.249433 13764.399093 13936.031746 14119.229025 14284.78458 14464.897959 14662.879819 15173.945578 15540.770975 15824.943311 16028.027211 16320.090703 16488.820862 16656.371882 17154.648526 18149.047619 18314.988662 18507.006803 18666.349206 18874.78458 19014.331066 19196.099773 19362.947846 19526.00907 19699.183673 19925.283447 20108.571429 20270.770975 20449.977324 20640.816327 21159.024943 21525.895692 21797.39229 22008.526077 22250.612245 22416.077098 22619.455782 22812.653061 22994.988662,2028.344671 2239.115646 2450.045351 2627.936508 2808.344671 3000.861678 3187.052154 3484.988662 3679.977324 3853.24263 4008.752834 4193.786848 4381.768707 4537.460317 4759.569161 5270.680272 5626.439909 5919.024943 6122.290249 6275.442177 6544.852608 6681.428571 7145.192744 7406.848073 7712.335601 7889.909297 8063.24263 8233.900227 8413.174603 8634.217687 9141.836735 9495.147392 9794.104308 10012.086168 10162.131519 10406.734694 10597.324263 10801.85941 10984.421769 11155.578231 11348.14059 11517.052154 11732.698413 12248.208617 12600.090703 12914.580499 13135.963719 13283.854875 13513.015873 13698.367347 13873.174603 14039.705215 14229.092971 14399.433107 14601.428571 15080.929705 15469.863946 15774.126984 15980.929705 16130.952381 16435.759637 16583.877551 17063.24263 17447.528345 18212.879819 18407.301587 18587.868481 18738.77551 18948.344671 19102.92517 19299.047619 19463.696145 19634.648526 19798.843537 20033.900227 20225.011338 20373.922902 20587.664399 21085.646259 21452.76644 21757.732426 21955.69161 22098.503401 22328.662132 22509.773243 22698.367347 22891.111111 23074.580499
bird_8_251209_182632.136.wav,aaaaaaaafdddggonhjk,750.806378 963.776899 1159.241752 1421.055811 1579.559212 1941.169189 2131.554677 2325.817715 2462.076219 2613.323384 2788.198668 2957.427693 3128.992319 3308.72021 3470.330187 3658.652182 3840.216808 4352.665788 4739.35513,820.556944 1051.123838 1244.751956 1498.380074 1660.874405 2021.282568 2235.409552 2393.210006 2543.980981 2719.332455 2884.525198 3066.293906 3247.97191 3414.434495 3567.631774 3788.606831 4273.572817 4660.352863 4970.375539
bird_8_251209_182647.137.wav,adaaaaadafdddddggdgonhjkbla,2948.684807 3156.689342 3331.678005 3508.61678 3687.641723 3870.340136 4059.365079 4225.85034 4421.972789 4567.006803 4726.190476 4905.147392 5074.943311 5256.1678 5432.040816 5611.38322 5808.049887 5988.45805 6166.507937 6330.589569 6523.129252 6720.612245 7201.496599 7593.900227 7869.750567 8067.981859 8476.848073,3018.027211 3233.151927 3433.537415 3611.315193 3781.315193 3959.342404 4132.086168 4310.612245 4505.056689 4650.430839 4832.743764 5025.124717 5190.385488 5355.283447 5535.147392 5724.285714 5927.23356 6085.85034 6287.891156 6436.780045 6660.408163 7125.283447 7486.848073 7815.351474 8024.036281 8174.716553 8550.702948
bird_8_251209_182728.138.wav,aaaaaaaaafaafdddoddggdaodhjkblaaaaafaaonhjkblgdhjabblgdgonhjkblaaaaonhjkbl,1983.061224 2224.081633 2394.62585 2573.900227 2758.435374 2942.403628 3149.977324 3339.206349 3551.496599 3697.301587 3883.900227 4055.804989 4204.263039 4375.85034 4554.62585 4744.920635 4937.39229 5110.249433 5281.54195 5468.888889 5678.004535 5848.888889 5970.702948 6181.632653 6370.068027 6548.14059 7100.498866 7460.702948 7742.335601 7936.643991 8204.988662 8374.195011 8572.063492 8780.612245 8976.122449 9128.866213 9321.587302 9493.741497 9633.673469 9843.106576 10026.689342 10543.877551 10896.961451 11173.99093 11378.027211 11611.428571 11770.884354 11954.036281 12403.628118 12700.045351 12729.84127 13041.609977 13248.321995 13477.641723 13640.362812 13822.244898 13989.160998 14168.412698 14361.70068 14863.446712 15235.37415 15502.312925 15698.163265 15999.410431 16151.337868 16322.063492 16495.328798 16655.192744 16845.668934 17046.439909 17544.421769 17903.537415 18197.006803 18419.659864,2054.081633 2308.843537 2491.746032 2674.988662 2854.036281 3043.922902 3250.816327 3426.938776 3619.138322 3792.76644 3956.530612 4135.53288 4310.204082 4475.396825 4661.609977 4843.219955 5023.628118 5222.244898 5379.773243 5601.746032 5825.37415 5946.712018 6137.23356 6294.46712 6547.120181 7024.126984 7380.816327 7678.45805 7892.063492 8042.517007 8273.287982 8464.875283 8664.285714 8882.789116 9070.634921 9232.857143 9400.748299 9573.129252 9754.285714 9968.435374 10468.684807 10825.782313 11133.764172 11343.628118 11482.539683 11733.786848 11866.553288 12317.029478 12697.097506 12721.043084 12986.326531 13189.637188 13347.301587 13588.45805 13735.827664 13934.126984 14094.603175 14303.219955 14789.52381 15158.888889 15455.21542 15653.24263 15813.809524 16086.575964 16253.469388 16406.213152 16582.176871 16763.605442 16985.555556 17475.600907 17836.530612 18137.573696 18365.623583 18510.566893
bird_8_251209_182808.140.wav,aaaaaaaddcfafddggonhjkblaaeafaaconhjkblaafddddggonhjkblada,952.748009 1137.419211 1317.895401 1505.877261 1674.494041 1851.25141 2032.226467 2191.99971 2360.752544 2526.46683 2558.099483 2728.757079 2875.71853 3025.854585 3194.902204 3396.013315 3591.500843 3748.462295 3938.122159 4135.537125 4671.546195 5030.503111 5308.122159 5513.655038 5801.432816 5948.779755 6092.271818 6138.439619 6298.825106 6445.537125 6621.886331 6734.289959 6774.766149 6986.217397 7174.153905 7644.539392 8004.199256 8286.46683 8490.299029 8737.782022 8950.412408 9093.042793 9277.555265 9456.557533 9627.033723 9807.827374 9983.813769 10173.428281 10333.405605 10535.40107 10734.403338 11269.528054 11631.886331 11917.804698 12144.902204 12395.287691 12571.818304 12789.981569,1003.405605 1211.909007 1414.199256 1605.695855 1772.453224 1965.627827 2128.938485 2302.838712 2463.088145 2548.666376 2634.720798 2804.267283 2956.874993 3127.215129 3300.231002 3512.430549 3729.346648 3856.670911 4069.70946 4588.371592 4961.523519 5253.995174 5460.707193 5615.446422 5886.376127 6090.571138 6113.178848 6214.403338 6367.895401 6533.972499 6711.568871 6756.035991 6910.820571 7114.289959 7569.70946 7934.403338 8234.92488 8448.280889 8586.444154 8824.698122 9030.344381 9168.190186 9360.117623 9563.224199 9732.906739 9916.330775 10101.977034 10294.584744 10448.462295 10667.033723 11188.893134 11558.507646 11857.305832 12070.729868 12247.509914 12475.990639 12665.196988 12902.31717
bird_8_251209_182844.141.wav,aaaaaaaaafaafddddggonhjkblgdhjkblgdgonhjkblaaafaddddggonhjkblaadaafaadddgonhjkblaaaadddggonhjk,717.652752 935.067718 1106.677695 1286.97248 1467.902185 1651.031437 1838.015564 2026.927129 2223.707174 2406.904453 2606.292208 2789.466811 2930.21511 3088.945269 3256.723047 3431.507627 3601.643682 3796.995156 3973.57112 4131.59833 4320.192435 4516.677695 5028.446403 5366.995156 5653.344362 5861.212843 6079.172027 6235.067718 6400.668625 6867.494022 7213.707174 7493.57112 7697.766131 7963.956607 8127.425995 8297.494022 8460.283138 8652.845496 8839.988353 9367.652752 9733.979283 10001.394249 10197.267265 10491.008761 10631.507627 10794.818285 10955.521233 11112.301278 11295.884045 11454.160689 11612.618739 11781.054113 11979.829623 12161.099464 12328.174294 12513.548444 12700.419192 13217.403319 13570.645949 13866.836426 14079.081324 14338.990621 14525.249124 14710.011029 14899.965677 15085.634612 15235.74799 15420.986086 15591.4396 15743.775201 15908.990621 16083.88858 16263.162956 16429.716244 16606.405587 16814.727582 17333.979283 17702.596063 17972.051845 18174.614203 18453.367038 18653.820553 18887.630076 19057.108534 19251.734385 19432.845496 19618.605133 19806.178829 19999.920326 20159.035972 20344.614203 20540.441868 21077.675428 21458.718512,766.81375 1002.732117 1189.466811 1379.26273 1564.750258 1747.199237 1931.552979 2113.140281 2300.713977 2492.98155 2687.13121 2880.192435 3013.865904 3195.997423 3364.455473 3534.614203 3709.58019 3908.537106 4094.886312 4242.233251 4457.87951 4954.999691 5300.623274 5576.97248 5806.246856 5958.582457 6193.094929 6329.103999 6796.49629 7146.995156 7447.244589 7645.067718 7810.192435 8073.457741 8226.201505 8413.253659 8567.924861 8784.160689 9280.600598 9663.253659 9950.05638 10157.516698 10292.006494 10572.323954 10725.770666 10879.693569 11036.360235 11198.174294 11403.140281 11559.625541 11722.278603 11886.178829 12102.890847 12276.586993 12431.757061 12644.931664 13148.401051 13497.766131 13802.754793 14016.178829 14177.902185 14425.43053 14603.276335 14804.092661 14985.657287 15169.73892 15320.033705 15497.720779 15670.623274 15856.81375 16020.305813 16189.058648 16383.412389 16538.854566 16737.494022 17265.974748 17628.423727 17919.716244 18132.233251 18274.795609 18527.652752 18741.12214 18963.072253 19136.745723 19355.679963 19532.142548 19728.446403 19927.425995 20121.144816 20265.498557 20480.555247 20997.085859 21384.274067 21676.677695
bird_8_251209_182920.142.wav,aaaaaaaafaafddggonhjkblaaaafaadddggonhjk,883.099293 1086.319248 1265.298839 1446.750087 1647.135574 1809.448499 2051.443964 2189.085687 2373.00859 2559.493851 2747.453034 2880.627638 3031.829452 3196.908817 3371.806776 3556.568681 3722.010858 3906.115166 4093.121969 4630.990449 4998.269361 5285.570948 5496.228545 5893.48478 6070.763692 6246.001787 6432.328318 6579.040336 6762.509724 6938.450767 7100.264826 7271.217207 7460.310177 7701.353261 7895.593624 8056.954168 8255.570948 8451.421288 8987.112898 9355.344191,960.038068 1164.55054 1354.028998 1540.332853 1726.886141 1891.489316 2115.843057 2272.056209 2449.221742 2629.561878 2814.028998 2956.99952 3134.23308 3302.781833 3491.058477 3680.831719 3819.992717 4033.303375 4554.641243 4922.623102 5214.437161 5440.967774 5587.566413 5972.124236 6157.929225 6343.053941 6515.434894 6655.162785 6835.548273 7027.657116 7198.337388 7378.450767 7556.795438 7815.480245 8008.405415 8162.350994 8380.196799 8900.582286 9288.813579 9576.591356
bird_8_251209_183002.143.wav,aaaadaaafddafaaddaonhjkblgdhjkblaaaaaafdddaonhjkaaaaaadddddggonhjk,1309.608101 1489.063883 1675.345062 1846.614903 2016.728282 2214.528736 2418.179529 2620.764563 2779.902885 2945.231683 3110.311049 3307.930096 3493.780436 3674.551411 3811.240754 3993.757761 4152.692001 4323.916491 4499.585425 4682.692001 4874.551411 5323.59903 5679.086559 5959.335992 6162.533271 6405.322386 6563.803112 6756.614903 7221.127375 7581.013996 7855.027602 8066.20674 8331.059348 8500.311049 8712.510595 8878.542341 9090.605833 9257.90742 9402.419892 9583.961842 9748.565017 9926.297443 10127.023067 10261.444835 10461.648917 10651.875674 11185.435765 11541.512863 12275.503792 12486.297443 12685.57182 12874.301978 13164.98225 13325.594495 13519.540074 13692.102432 13857.317851 14032.896083 14215.095629 14394.936899 14580.129643 14736.592228 14928.97318 15129.13191 15681.013996 16059.608101,1388.542341 1565.435765 1767.657987 1952.351865 2123.394949 2302.782704 2497.612636 2699.177262 2862.533271 3040.424427 3215.88928 3387.567284 3547.408554 3739.109234 3894.574087 4088.882477 4252.646649 4439.88021 4602.238486 4809.812182 5247.930096 5604.66479 5920.447103 6112.555947 6259.766831 6520.696536 6655.594495 7118.950504 7503.961842 7797.159121 8012.601298 8161.921026 8407.58996 8622.782704 8792.782704 8968.315584 9181.467511 9346.977715 9493.077488 9688.610368 9849.88021 10030.741888 10210.583157 10377.204473 10597.045742 11096.161389 11466.388146 11752.374541 12354.438033 12581.875674 12788.837126 12973.984518 13240.809915 13416.592228 13617.998123 13791.943702 13965.979983 14151.603566 14322.306513 14509.335992 14721.89835 14849.13191 15064.211275 15595.367738 15962.05708 16266.773634
bird_8_251209_184006.148.wav,eaaaaaaaaaaafaafddddaaaaaaaafaaafggdgonhjkbaaaaafaafdddddggdgonhjkblaaafaafggdddafgdgonhjkcb,1642.290249 1974.829932 2390.975057 2599.886621 2797.641723 2976.349206 3167.868481 3354.331066 3577.709751 3780.997732 3976.780045 4208.095238 4362.380952 4558.77551 4737.55102 4857.823129 5064.376417 5244.739229 5427.800454 5632.834467 6335.238095 6538.979592 6717.482993 6904.807256 7094.62585 7328.163265 7507.528345 7707.23356 7844.829932 8081.768707 8264.240363 8464.761905 8658.93424 8865.192744 9061.85941 9224.716553 9415.396825 9581.247166 9775.804989 9969.410431 10453.696145 10812.675737 11095.668934 11562.76644 11742.834467 11975.034014 12167.709751 12382.879819 12523.786848 12708.503401 12937.573696 13074.897959 13239.659864 13408.185941 13580.136054 13753.809524 13960.907029 14186.1678 14392.743764 14568.77551 14743.129252 14898.662132 15092.539683 15293.99093 15767.324263 16122.721088 16412.494331 16628.526077 16900.113379 17081.85941 17422.290249 17562.267574 17749.637188 17956.303855 18084.716553 18310.612245 18494.013605 18662.403628 18833.786848 19010.997732 19241.088435 19383.469388 19605.510204 19788.730159 19970.793651 20120.929705 20325.623583 20521.337868 21041.360544 21410.272109 21724.897959 21779.863946,1680.997732 2027.301587 2427.845805 2671.609977 2883.174603 3073.560091 3257.891156 3445.238095 3664.829932 3853.900227 4045.873016 4264.240363 4452.834467 4632.675737 4804.217687 4949.727891 5152.063492 5340.589569 5529.546485 5727.414966 6408.979592 6629.727891 6813.582766 7007.868481 7196.507937 7420.0 7603.446712 7782.76644 7945.442177 8154.988662 8345.804989 8551.473923 8747.482993 8986.00907 9175.986395 9321.315193 9535.600907 9693.265306 9907.052154 10348.548753 10726.349206 11023.174603 11265.963719 11639.433107 11831.791383 12060.793651 12257.709751 12460.929705 12612.290249 12787.891156 13018.752834 13168.911565 13341.723356 13512.947846 13686.077098 13862.517007 14059.410431 14309.614512 14504.603175 14658.29932 14853.24263 15004.444444 15226.326531 15685.079365 16053.8322 16332.970522 16558.480726 16714.943311 16972.471655 17170.204082 17483.514739 17639.795918 17828.956916 18014.557823 18173.174603 18421.292517 18606.190476 18761.315193 18940.816327 19116.145125 19322.176871 19473.129252 19730.884354 19887.052154 20083.673469 20243.129252 20455.623583 20940.204082 21337.256236 21633.333333 21766.689342 21873.106576
bird_8_251209_184053.149.wav,aaaaaaaaaaaadggdgonhjkblgdhjkblfadddggonhjkblgdhjkaaafaaonhjkbaaafaadddggonhjkblaaaaa,2146.621315 2402.494331 2820.204082 2979.727891 3182.358277 3382.743764 3579.024943 3762.947846 3947.936508 4147.505669 4333.764172 4575.646259 4736.326531 4921.746032 5124.920635 5272.879819 5465.646259 5626.031746 5818.594104 6011.496599 6508.61678 6856.9161 7144.013605 7353.174603 7607.528345 7781.292517 7937.913832 8406.75737 8762.721088 9053.446712 9275.941043 9508.117914 9673.174603 9863.809524 10043.129252 10235.306122 10416.281179 10596.213152 10753.378685 10941.451247 11147.777778 11671.564626 12034.46712 12316.553288 12534.761905 12765.306122 12928.843537 13087.55102 13576.643991 13948.820862 14402.743764 14572.970522 14769.024943 14909.863946 15101.156463 15283.106576 15421.836735 15624.421769 15811.088435 16334.965986 16685.873016 16978.888889 17329.092971 17488.004535 17701.179138 17835.192744 18036.984127 18210.544218 18380.0 18549.954649 18727.369615 18915.646259 19104.331066 19270.589569 19454.399093 19647.641723 20168.253968 20531.247166 20834.444444 21042.063492 21305.782313 21504.240363 21729.251701 21913.356009 22142.811791,2214.036281 2436.462585 2880.15873 3060.907029 3270.521542 3467.23356 3667.188209 3861.292517 4046.825397 4233.628118 4419.478458 4651.85941 4837.891156 5044.920635 5245.147392 5378.571429 5574.30839 5739.002268 5943.8322 6399.773243 6783.061224 7081.655329 7292.403628 7454.263039 7727.528345 7873.650794 8317.188209 8683.514739 8987.414966 9217.868481 9366.303855 9574.648526 9760.226757 9965.736961 10144.376417 10342.562358 10532.176871 10707.913832 10865.759637 11075.124717 11596.122449 11957.120181 12255.034014 12458.208617 12635.668934 12877.596372 13023.786848 13497.301587 13873.401361 14181.882086 14467.505669 14654.376417 14848.888889 14999.977324 15181.247166 15365.419501 15539.229025 15757.981859 16261.38322 16616.825397 16907.596372 17133.741497 17408.185941 17567.437642 17775.487528 17933.945578 18122.063492 18298.095238 18481.247166 18652.993197 18837.120181 19031.950113 19219.886621 19383.038549 19597.165533 20098.798186 20451.927438 20748.798186 20975.623583 21136.780045 21389.410431 21581.451247 21804.943311 21999.546485 22217.006803
bird_8_251209_184121.150.wav,aaaaaaaafdddddggonhjkblgdgonhjkaaaaafaadggdgonhjkaaafaadddggonhjkblaaafaafdddggoaaaaaaadahjkblagaonhjca,1977.324263 2283.0839 2470.589569 2649.342404 2831.746032 3009.727891 3188.888889 3374.512472 3513.922902 3679.024943 3845.759637 4014.761905 4183.8322 4360.884354 4568.956916 4756.394558 4924.489796 5111.70068 5301.473923 5835.963719 6201.315193 6488.095238 6708.503401 6945.37415 7119.954649 7281.814059 7448.548753 7644.376417 7851.088435 8380.045351 8746.553288 9182.879819 9378.367347 9590.612245 9795.442177 10003.605442 10132.471655 10350.793651 10530.589569 10713.650794 11012.403628 11201.06576 11377.052154 11542.312925 11701.337868 11888.956916 12094.988662 12607.324263 12967.800454 13386.961451 13570.612245 13773.038549 13920.997732 14141.043084 14326.439909 14510.634921 14691.54195 14865.124717 15064.671202 15252.539683 15420.181406 15604.603175 15806.598639 16300.521542 16665.736961 16969.659864 17182.131519 17455.759637 17649.183673 17844.965986 18008.390023 18194.965986 18500.045351 18631.473923 18804.603175 18973.99093 19182.653061 19384.263039 19585.034014 19748.730159 20281.587302 20444.988662 20627.732426 20821.088435 21019.115646 21241.632653 21417.120181 21603.696145 22063.038549 22240.589569 22718.594104 23082.834467 23365.464853 23591.405896 23858.208617 24032.358277 24236.281179 24371.678005 24580.544218 24772.630385 25302.562358 25703.106576 25876.893424,2036.507937 2360.47619 2550.226757 2740.589569 2937.596372 3113.99093 3275.986395 3450.770975 3599.183673 3780.294785 3949.319728 4115.714286 4290.136054 4472.267574 4689.138322 4874.943311 5027.55102 5247.324263 5763.424036 6127.505669 6428.117914 6641.655329 6802.811791 7061.043084 7210.816327 7398.29932 7559.591837 7774.535147 8294.30839 8670.680272 8974.62585 9261.496599 9477.709751 9677.664399 9874.013605 10070.0 10221.496599 10424.580499 10617.188209 10814.648526 11121.632653 11320.634921 11471.337868 11660.952381 11815.759637 12025.85034 12528.888889 12894.78458 13183.24263 13465.782313 13670.045351 13864.081633 14012.947846 14210.0 14413.514739 14618.911565 14796.462585 14967.664399 15181.519274 15375.056689 15517.868481 15737.868481 16226.054422 16591.451247 16915.442177 17113.333333 17277.23356 17540.340136 17740.272109 17932.358277 18096.190476 18279.52381 18570.430839 18724.399093 18916.054422 19088.367347 19290.612245 19497.913832 19694.580499 19867.913832 20356.780045 20537.346939 20731.020408 20917.687075 21108.163265 21326.689342 21501.111111 21704.62585 22152.040816 22641.247166 23002.562358 23308.027211 23523.151927 23689.795918 23938.231293 24125.986395 24312.857143 24491.043084 24713.197279 25217.709751 25592.60771 25742.040816 25962.834467
bird_8_251209_184155.151.wav,aaaaaaaaafaafdddggdgonhjkblaaafaafddddaonhjkblgdhjaaaonhjkblaafaaddddggonhjkblgdhjkbl,1975.804989 2193.265306 2380.453515 2559.546485 2742.44898 2929.002268 3111.38322 3323.197279 3492.92517 3646.281179 3839.84127 4027.120181 4163.333333 4323.015873 4497.687075 4675.873016 4860.385488 5058.29932 5234.421769 5402.857143 5570.272109 5758.027211 5960.022676 6430.0 6796.303855 7081.088435 7309.614512 8240.770975 8431.950113 8623.265306 8763.129252 8949.047619 9128.888889 9268.049887 9423.650794 9590.657596 9753.968254 9945.079365 10186.031746 10326.258503 10520.453515 10732.063492 11231.678005 11593.968254 11882.517007 12093.8322 12328.276644 12489.52381 12648.684807 13138.072562 13641.927438 13828.072562 14027.437642 14177.800454 14390.748299 14581.904762 15081.06576 15470.204082 15759.229025 15971.950113 16235.351474 16416.303855 16567.482993 16747.437642 16938.049887 17116.122449 17290.31746 17468.412698 17640.657596 17836.938776 18025.714286 18184.716553 18382.947846 18585.034014 19088.14059 19451.995465 19736.734694 19960.249433 20231.156463 20397.324263 20564.46712 21031.405896 21415.464853 21716.213152 21897.596372,2032.811791 2265.283447 2467.891156 2655.714286 2838.049887 3025.53288 3209.886621 3400.204082 3576.734694 3729.002268 3914.78458 4096.734694 4251.746032 4429.433107 4600.226757 4781.269841 4967.641723 5181.360544 5333.129252 5520.068027 5679.637188 5899.863946 6347.732426 6721.088435 7026.938776 7242.675737 7393.24263 8319.047619 8522.970522 8696.213152 8835.759637 9023.219955 9204.421769 9352.403628 9531.451247 9697.936508 9857.936508 10043.560091 10267.823129 10439.931973 10654.78458 11156.643991 11522.675737 11828.752834 12037.732426 12195.827664 12434.376417 12575.714286 13066.00907 13440.340136 13710.204082 13913.696145 14112.76644 14298.707483 14521.451247 14994.240363 15385.442177 15686.00907 15926.848073 16073.287982 16310.816327 16502.698413 16659.455782 16822.630385 17027.142857 17229.659864 17397.460317 17574.14966 17754.331066 17950.113379 18138.662132 18296.349206 18514.965986 19013.673469 19383.605442 19678.93424 19892.44898 20057.891156 20350.770975 20485.351474 20938.412698 21338.77551 21652.44898 21860.634921 22012.086168
bird_8_251209_184231.153.wav,aaaaaaafaafddaaddfaadddggdgonhjkblaaaddgonhjkblgdhjkblaaaaaadfaaonhjkbaaaadddggonhjkblaa,1966.712018 2158.752834 2335.578231 2523.265306 2729.206349 2916.802721 3122.60771 3292.086168 3480.045351 3651.06576 3802.290249 3965.85034 4154.421769 4630.15873 4801.746032 4979.795918 5179.68254 5379.795918 5553.560091 5719.863946 5915.37415 6098.639456 6283.945578 6488.866213 6673.424036 6846.417234 7023.605442 7185.442177 7369.138322 7569.52381 8085.487528 8451.428571 8739.002268 8929.024943 9218.61678 9400.045351 9597.369615 9766.326531 9950.181406 10140.15873 10303.310658 10496.666667 10688.798186 11220.113379 11590.204082 11875.351474 12083.673469 12381.043084 12539.478458 12708.344671 13195.555556 13573.809524 13862.131519 14071.746032 14415.328798 14609.433107 14801.678005 14995.85034 15813.0839 15973.061224 16148.117914 16357.823129 16530.975057 16727.07483 16866.326531 17069.070295 17256.575964 17769.750567 18137.369615 18465.396825 18814.648526 19086.825397 19294.716553 19472.290249 19649.342404 19825.918367 20010.022676 20212.380952 20401.020408 20560.725624 20752.789116 20951.519274 21535.759637 21893.174603 22181.292517 22377.165533 22650.47619 22821.247166,2038.390023 2238.435374 2427.460317 2619.977324 2827.800454 3015.69161 3209.750567 3370.0 3554.14966 3733.151927 3883.333333 4072.018141 4263.061224 4708.594104 4886.326531 5078.367347 5281.85941 5454.943311 5630.204082 5808.231293 6024.263039 6201.06576 6391.972789 6595.873016 6786.371882 6940.929705 7139.591837 7293.287982 7501.043084 8005.646259 8380.498866 8674.875283 8885.85034 9041.814059 9307.936508 9502.426304 9673.469388 9871.201814 10050.793651 10257.324263 10410.090703 10630.15873 11130.861678 11512.176871 11818.684807 12027.006803 12191.111111 12492.60771 12633.877551 13114.30839 13486.870748 13795.37415 14013.764172 14165.918367 14495.600907 14703.718821 14886.031746 15078.321995 15883.106576 16059.251701 16261.85941 16441.133787 16623.537415 16804.62585 16978.93424 17202.857143 17681.088435 18056.054422 18360.226757 18605.804989 18881.904762 19170.340136 19392.675737 19573.628118 19753.333333 19929.863946 20119.410431 20329.886621 20510.204082 20669.070295 20889.886621 21464.399093 21818.231293 22116.303855 22340.15873 22480.498866 22735.646259 22916.213152
bird_8_251209_184314.155.wav,aaaaaaaaafddddddfggonhjkblgdgonhjkblaaaonhj,1968.956916 2177.23356 2381.360544 2562.630385 2742.539683 2939.705215 3130.907029 3309.727891 3528.367347 3674.013605 3826.666667 4029.591837 4214.535147 4397.437642 4579.727891 4774.761905 4988.843537 5172.585034 5358.730159 5526.099773 5720.839002 5916.870748 6421.791383 6781.655329 7055.736961 7277.845805 7539.183673 7700.612245 7876.643991 8039.070295 8230.770975 8420.816327 8913.106576 9280.045351 9573.514739 9769.160998 10098.390023 10260.884354 10451.020408 10587.981859 10790.498866 10983.106576 11510.249433,2012.222222 2264.013605 2471.22449 2658.208617 2841.564626 3031.043084 3232.947846 3394.46712 3600.204082 3759.092971 3923.356009 4132.063492 4315.419501 4497.120181 4689.750567 4873.492063 5059.251701 5284.852608 5473.038549 5634.399093 5849.319728 6335.124717 6705.37415 7014.195011 7217.913832 7365.782313 7641.451247 7793.174603 7992.76644 8147.120181 8357.596372 8841.791383 9207.346939 9526.439909 9714.46712 9867.23356 10181.428571 10358.752834 10525.034014 10701.337868 10918.843537 11427.641723 11733.99093
bird_8_251209_184325.156.wav,aaaaaafaaddggonhjkbla,683.278733 852.462406 1036.498687 1201.260592 1378.244719 1581.736783 1721.918189 1908.788937 2079.718642 2238.811613 2398.902316 2582.893245 2760.829753 2924.004356 3109.242452 3302.553109 3816.702769 4158.471477 4447.927259 4650.58032 4977.224311,747.65515 940.26286 1130.126805 1300.534969 1465.387576 1661.056511 1817.65515 1986.407985 2169.378506 2337.632474 2507.949935 2685.115468 2882.076919 3032.303676 3247.791204 3737.020229 4093.959005 4396.612066 4601.736783 4750.829753 5035.95447
bird_8_251209_184350.157.wav,aaaaaaaaaadddggdgonhjkblgdhjkblaaafaafddggonhjkblaaafaao,1979.501134 2161.632653 2357.528345 2553.446712 2743.219955 2932.517007 3118.730159 3296.122449 3512.630385 3666.870748 3851.133787 4025.555556 4198.390023 4408.61678 4605.079365 4791.315193 4964.46712 5125.487528 5307.029478 5515.147392 6031.950113 6377.437642 6651.791383 6848.61678 7124.172336 7290.408163 7455.011338 7933.174603 8295.283447 8577.687075 8803.151927 9086.802721 9278.548753 9452.562358 9596.190476 9786.303855 9963.151927 10126.621315 10289.160998 10461.473923 10640.249433 10823.015873 10982.539683 11176.938776 11367.346939 11879.886621 12229.727891 12509.659864 12709.818594 13008.14059 13185.873016 13380.362812 13539.591837 13749.115646 13971.111111 14104.036281,2047.052154 2245.147392 2450.430839 2642.92517 2839.160998 3024.988662 3217.641723 3388.979592 3578.027211 3751.836735 3955.170068 4138.480726 4306.258503 4525.170068 4728.503401 4876.349206 5072.471655 5225.759637 5441.451247 5941.247166 6311.609977 6592.494331 6812.494331 6958.707483 7246.326531 7379.750567 7842.562358 8210.725624 8501.133787 8724.603175 8893.809524 9153.492063 9361.54195 9532.539683 9683.24263 9865.623583 10049.637188 10223.696145 10395.487528 10565.351474 10765.487528 10941.22449 11094.62585 11312.131519 11805.147392 12158.412698 12458.956916 12666.643991 12813.968254 13085.555556 13272.993197 13464.580499 13630.31746 13822.267574 14049.183673 14217.052154
bird_8_251209_184411.158.wav,aaaaaaadddddgggonhjkblaaaonhjkblgdgonhjkblaaagdddggonhjkaaaaafaaonhjkblaaa,1963.786848 2350.385488 2530.793651 2732.993197 2912.539683 3089.818594 3255.736961 3408.93424 3582.222222 3753.174603 3926.575964 4091.405896 4280.975057 4464.081633 4663.99093 4826.371882 5026.553288 5213.582766 5725.147392 6085.328798 6375.555556 6578.231293 6838.004535 7009.569161 7193.718821 7355.21542 7547.891156 7735.419501 8232.063492 8599.931973 8884.852608 9098.435374 9361.632653 9520.907029 9696.984127 9852.380952 10036.054422 10244.081633 10764.693878 11127.006803 11419.002268 11628.843537 11915.192744 12066.666667 12235.804989 12423.310658 12609.274376 12776.9161 12957.437642 13154.512472 13347.732426 13511.70068 13710.725624 13922.630385 14450.47619 14804.421769 15224.512472 15622.562358 15800.589569 16006.145125 16207.573696 16351.473923 16542.857143 16721.473923 16848.004535 17057.120181 17256.621315 17769.365079 18133.401361 18419.818594 18618.639456 18911.54195 19111.088435 19308.208617,2040.294785 2422.879819 2627.981859 2820.022676 3002.811791 3182.92517 3360.340136 3513.061224 3689.070295 3860.385488 4027.641723 4199.977324 4397.097506 4589.501134 4778.390023 4939.705215 5154.943311 5641.655329 6016.848073 6315.963719 6522.312925 6673.741497 6915.419501 7088.526077 7273.537415 7469.705215 7681.791383 8171.133787 8521.337868 8827.505669 9049.569161 9199.274376 9481.54195 9608.253968 9814.693878 9963.673469 10174.013605 10684.875283 11056.802721 11338.843537 11568.730159 11725.419501 11987.913832 12151.405896 12315.782313 12498.049887 12711.405896 12887.188209 13064.829932 13268.412698 13461.315193 13616.780045 13835.170068 14363.514739 14732.312925 15018.798186 15287.528345 15702.44898 15900.952381 16082.494331 16289.115646 16430.15873 16617.596372 16803.24263 16978.072562 17190.498866 17693.99093 18061.678005 18347.120181 18581.587302 18718.798186 18990.226757 19207.868481 19394.535147
bird_8_251209_184450.159.wav,aaaaaaaaafddddggdgonhjkbl,1705.804989 1980.975057 2190.657596 2385.804989 2560.294785 2756.734694 2946.870748 3144.875283 3364.240363 3510.113379 3681.292517 3849.229025 4036.666667 4215.238095 4403.968254 4599.818594 4779.433107 4967.777778 5133.0839 5332.108844 5524.693878 6056.643991 6410.204082 6710.566893 6929.773243,1766.303855 2052.970522 2268.684807 2462.018141 2653.469388 2858.14059 3032.312925 3243.809524 3437.528345 3596.213152 3777.120181 3955.646259 4136.870748 4311.723356 4514.716553 4718.548753 4877.301587 5079.433107 5245.464853 5457.823129 5963.333333 6326.780045 6643.378685 6864.512472 7030.702948
bird_8_251209_184501.160.wav,aaaaaaaafaafdddggdhjkblgdgonhjkblaaafaaaonhjkbladdfaadddggonhjk,1973.265306 2179.773243 2495.21542 2670.272109 2855.170068 3048.276644 3311.337868 3484.013605 3636.303855 3825.986395 4005.895692 4166.621315 4318.117914 4497.052154 4670.294785 4844.036281 5033.378685 5214.943311 5377.029478 5873.628118 6237.301587 6525.668934 6724.240363 6983.945578 7144.648526 7322.244898 7476.530612 7665.034014 7864.240363 8396.75737 8754.875283 9034.444444 9238.752834 9512.834467 9684.421769 9886.802721 10046.984127 10261.972789 10443.582766 10637.573696 10779.342404 10964.126984 11154.104308 11721.292517 12075.238095 12352.471655 12543.219955 12847.528345 13025.192744 13196.689342 13394.058957 13574.807256 13739.659864 13894.852608 14057.006803 14236.326531 14426.190476 14612.380952 14768.231293 14952.44898 15145.804989 15692.630385 16048.367347,2035.895692 2256.1678 2580.657596 2764.580499 2948.956916 3134.081633 3381.723356 3566.485261 3724.195011 3905.306122 4079.047619 4235.646259 4422.108844 4593.854875 4781.655329 4963.24263 5155.759637 5303.446712 5788.639456 6160.657596 6462.902494 6674.920635 6817.029478 7089.251701 7241.768707 7431.043084 7590.430839 7802.471655 8320.589569 8684.739229 8984.46712 9196.802721 9334.671202 9578.027211 9768.843537 9961.22449 10145.510204 10340.952381 10520.770975 10715.396825 10886.099773 11098.911565 11633.219955 11991.768707 12295.69161 12511.746032 12648.435374 12924.126984 13117.981859 13304.172336 13484.648526 13654.716553 13823.151927 13996.258503 14174.353741 14349.954649 14550.725624 14724.285714 14878.367347 15088.412698 15600.657596 15960.680272 16283.650794
bird_8_251209_184536.161.wav,aaaaaaaaaddfaafdddggdgonhjkblgdgonhjkblaaaaonhjkb,1769.047619 1966.575964 2180.702948 2514.30839 2711.882086 2903.424036 3104.14966 3289.931973 3483.197279 3672.154195 3851.70068 4077.619048 4277.07483 4446.530612 4597.664399 4761.337868 4935.827664 5113.605442 5303.922902 5500.272109 5671.451247 5848.93424 6005.895692 6209.501134 6397.460317 6903.446712 7285.555556 7582.426304 7791.54195 8071.337868 8234.195011 8403.718821 8572.834467 8773.287982 8965.170068 9520.113379 9875.147392 10171.360544 10383.8322 10632.698413 10812.426304 11019.138322 11182.494331 11332.222222 11536.689342 11738.276644 12256.054422 12629.84127 12912.585034,1794.285714 2053.877551 2260.544218 2594.353741 2800.136054 2996.825397 3194.126984 3368.163265 3578.820862 3771.38322 3948.208617 4163.673469 4340.453515 4524.399093 4684.217687 4860.793651 5040.249433 5224.444444 5420.0 5618.163265 5761.269841 5962.675737 6120.770975 6333.24263 6825.192744 7194.172336 7530.861678 7735.668934 7897.369615 8178.276644 8329.342404 8534.353741 8680.589569 8905.079365 9444.875283 9800.15873 10114.648526 10315.714286 10474.875283 10716.099773 10906.077098 11108.956916 11267.165533 11454.172336 11669.52381 12182.290249 12543.537415 12863.356009 13081.564626
bird_8_251210_111620.0.wav,aaaaaaaaaaaafgddddafnhjkblaaaafaafggdgonhjkblaaggafaafdddddafggdgonhjkbaaaaafaafghddddddgonhjkbfaoafagdddacggonhjkbl,1983.854875 2208.798186 2417.777778 2612.244898 2799.455782 3073.741497 3301.587302 3520.725624 3781.950113 3982.222222 4189.750567 4468.390023 4597.55102 4847.165533 5043.0839 5215.782313 5404.444444 5630.839002 5883.356009 6025.578231 6206.984127 6426.122449 6938.412698 7305.578231 7600.181406 7841.088435 8145.85034 8434.648526 8621.85941 8917.913832 9063.038549 9266.213152 9476.643991 9624.671202 9826.394558 10028.117914 10199.365079 10388.027211 10553.469388 10762.44898 10968.526077 11443.0839 11802.993197 12110.657596 12334.14966 12689.705215 12876.9161 13112.018141 13307.936508 13532.879819 13679.455782 13892.789116 14107.573696 14251.247166 14447.165533 14624.217687 14807.07483 14979.773243 15148.117914 15452.879819 15622.675737 15836.00907 16033.378685 16206.077098 16406.349206 16568.888889 16766.258503 17018.77551 17480.272109 17850.340136 18158.004535 18771.882086 19192.743764 19375.600907 19570.068027 19800.816327 19937.23356 20154.920635 20362.44898 20540.952381 20773.151927 20977.777778 21156.281179 21320.272109 21513.287982 21696.145125 21881.904762 22086.530612 22320.181406 22478.367347 22680.090703 22886.1678 23382.494331 23752.562358 24074.739229 24293.877551 24576.870748 24774.240363 24980.31746 25160.272109 25360.544218 25579.68254 25752.380952 25917.823129 26093.424036 26507.029478 26721.814059 26920.634921 27109.297052 27284.897959 27490.975057 27698.503401 28252.879819 28605.53288 28908.843537 29126.530612,2059.319728 2281.360544 2481.632653 2676.099773 2872.018141 3159.365079 3369.795918 3591.836735 3848.707483 4051.882086 4252.154195 4538.049887 4707.845805 4951.655329 5135.963719 5327.528345 5510.385488 5735.328798 5950.113379 6111.201814 6334.693878 6852.789116 7208.344671 7533.424036 7768.526077 7933.968254 8214.058957 8507.210884 8687.165533 8991.927438 9144.30839 9346.031746 9539.047619 9694.331066 9935.238095 10131.156463 10293.696145 10504.126984 10662.312925 10890.15873 11351.655329 11724.62585 12022.131519 12273.197279 12432.834467 12752.108844 12975.600907 13200.544218 13390.657596 13601.088435 13756.371882 13975.510204 14174.331066 14338.321995 14544.399093 14727.256236 14905.759637 15085.714286 15258.412698 15521.088435 15722.811791 15943.401361 16140.770975 16300.408163 16512.290249 16682.086168 16898.321995 17403.356009 17761.814059 18075.283447 18308.93424 18841.54195 19268.208617 19456.870748 19660.045351 19876.281179 20040.272109 20240.544218 20443.718821 20636.734694 20880.544218 21086.621315 21247.709751 21421.85941 21629.387755 21807.891156 21986.394558 22193.922902 22429.024943 22590.113379 22812.154195 23296.870748 23669.84127 23971.70068 24231.473923 24396.9161 24658.14059 24852.60771 25052.879819 25240.090703 25449.070295 25650.793651 25843.809524 26028.117914 26202.267574 26585.396825 26807.437642 27033.8322 27216.689342 27398.095238 27618.684807 28171.609977 28527.165533 28831.927438 29067.029478 29228.117914
bird_8_251210_111658.1.wav,aaaaaaaaaaafaafggdgddddddfggonhjkblgdhjkblaaafaaonhjkblaaaaafggonhjkblaaaaadddddfaaonhjkaaaaadddggonhjkblaaafd,1800.997732 1980.952381 2176.870748 2359.727891 2544.036281 2735.600907 2932.970522 3130.340136 3314.648526 3510.566893 3728.253968 3874.829932 4082.358277 4278.276644 4445.170068 4638.185941 4837.006803 5019.863946 5204.172336 5407.346939 5591.655329 5768.707483 5957.369615 6135.873016 6320.181406 6521.904762 6712.018141 6902.131519 7071.927438 7272.199546 7469.569161 7996.371882 8356.281179 8653.786848 8848.253968 9183.492063 9361.995465 9534.693878 10017.959184 10383.673469 10666.666667 10891.609977 11181.85941 11341.496599 11560.634921 11705.759637 11900.226757 12096.145125 12242.721088 12438.639456 12669.387755 13170.068027 13541.587302 13831.836735 14027.755102 14403.628118 14570.521542 14757.732426 14963.809524 15178.594104 15320.816327 15537.052154 15730.068027 15898.412698 16100.136054 16298.956916 16837.369615 17181.315193 17470.113379 17687.800454 18027.39229 18258.14059 18438.095238 18638.367347 18825.578231 19022.947846 19197.097506 19374.14966 19567.165533 19742.76644 19941.587302 20115.736961 20313.106576 20464.036281 20665.759637 20896.507937 21426.213152 21789.024943 22267.936508 22626.394558 22842.630385 23050.15873 23215.600907 23430.385488 23608.888889 23788.843537 23984.761905 24174.875283 24331.609977 24533.333333 24771.337868 25274.920635 25653.696145 25955.555556 26180.498866 26538.956916 26716.00907 26926.439909 27094.78458 27289.251701,1861.950113 2063.673469 2255.238095 2452.60771 2642.721088 2834.285714 3020.045351 3226.122449 3417.687075 3601.995465 3800.816327 3966.258503 4165.079365 4355.192744 4527.891156 4748.480726 4960.362812 5112.743764 5318.820862 5506.031746 5706.303855 5889.160998 6067.664399 6249.070295 6421.768707 6595.918367 6828.117914 7015.328798 7192.380952 7401.360544 7907.845805 8280.816327 8581.22449 8806.1678 8952.743764 9296.689342 9460.680272 9938.14059 10299.501134 10607.165533 10819.047619 10984.489796 11242.811791 11425.668934 11627.39229 11789.931973 11982.947846 12173.061224 12355.918367 12563.446712 13093.151927 13448.707483 13756.371882 13979.863946 14148.208617 14483.446712 14656.145125 14862.222222 15053.786848 15256.961451 15429.659864 15653.151927 15849.070295 16011.609977 16233.650794 16760.453515 17097.142857 17412.063492 17619.591837 17786.485261 18069.478458 18343.764172 18532.426304 18731.247166 18924.263039 19123.0839 19301.587302 19488.798186 19668.752834 19844.353741 20011.247166 20201.360544 20397.278912 20580.136054 20800.725624 21339.138322 21699.047619 22012.517007 22340.498866 22707.664399 22919.546485 23147.39229 23320.090703 23537.777778 23722.086168 23900.589569 24105.21542 24283.718821 24440.453515 24671.201814 25190.748299 25572.426304 25881.54195 26112.290249 26273.378685 26611.519274 26800.181406 27014.965986 27176.054422 27396.643991
bird_8_251210_111730.2.wav,aaaaaaaaddddggonhjkblgnhkkblaadfaaddggonhjk,1975.147392 2169.614512 2359.727891 2545.487528 2728.344671 2930.068027 3117.278912 3304.489796 3491.70068 3670.204082 3842.902494 4014.14966 4236.190476 4413.24263 4580.136054 4780.408163 5018.412698 5488.61678 5844.172336 6119.909297 6347.755102 6613.333333 6777.324263 6957.278912 7457.959184 7835.283447 8144.399093 8347.573696 8584.126984 8753.922902 8944.036281 9084.807256 9283.628118 9479.546485 9650.793651 9816.235828 10004.897959 10202.267574 10366.258503 10566.530612 10766.802721 11279.092971 11647.709751,2028.843537 2262.494331 2452.60771 2634.013605 2824.126984 3027.301587 3194.195011 3387.210884 3596.190476 3779.047619 3945.941043 4134.603175 4345.034014 4532.244898 4690.430839 4909.569161 5405.895692 5764.353741 6073.469388 6272.290249 6447.891156 6719.274376 6883.265306 7375.238095 7748.208617 8058.77551 8305.487528 8446.258503 8662.494331 8854.058957 9018.049887 9170.430839 9367.800454 9584.036281 9763.99093 9920.725624 10123.900227 10318.367347 10480.907029 10700.045351 11200.725624 11562.086168 11853.786848
bird_8_251210_111749.3.wav,aaaaaaaaafaafdddddggdgonhjbaaaaaaaddddggdgonhjkblgdgonhjkblaaaaddfaafdddggonhjkaaaaafdlnhjkblaadddaadnaaodddddgnonhkkbl,1764.716553 1972.244898 2155.102041 2332.154195 2507.755102 2687.709751 2869.115646 3078.095238 3274.013605 3448.163265 3632.471655 3822.585034 3977.868481 4144.761905 4320.362812 4494.512472 4681.723356 4863.129252 5053.24263 5250.612245 5430.566893 5610.521542 5778.866213 5979.138322 6199.727891 6697.505669 7079.183673 8105.21542 8289.52381 8466.575964 9402.630385 9618.866213 9779.954649 9954.104308 10120.997732 10283.537415 10448.979592 10627.482993 10819.047619 11010.612245 11197.823129 11369.070295 11537.414966 11734.78458 11935.056689 12503.945578 12879.818594 13167.165533 13384.852608 13651.882086 13815.873016 13992.92517 14154.013605 14348.480726 14551.655329 15084.263039 15455.782313 15769.251701 15997.097506 16278.639456 16502.131519 16702.403628 16854.78458 17066.666667 17236.462585 17446.893424 17652.970522 17843.0839 17989.659864 18168.163265 18336.507937 18523.718821 18722.539683 18905.396825 19076.643991 19271.111111 19471.38322 19970.612245 20334.875283 20789.115646 20989.387755 21186.75737 21397.188209 21569.886621 21713.560091 21909.478458 22117.006803 22275.192744 22469.659864 23012.426304 23369.433107 23671.292517 23873.015873 24142.947846 24322.902494 24549.297052 24743.764172 24933.877551 25424.399093 25618.866213 25826.394558 26007.800454 26193.560091 26424.30839 26562.176871 26713.106576 26891.609977 27078.820862 27270.385488 27459.047619 27670.929705 27892.970522 28020.680272 28226.75737 28429.931973 28958.185941 29326.802721 29614.14966 29831.836735,1816.961451 2040.453515 2234.920635 2420.680272 2603.537415 2783.492063 2951.836735 3147.755102 3353.8322 3532.335601 3710.839002 3902.403628 4060.589569 4250.702948 4429.206349 4606.258503 4789.115646 4976.326531 5167.891156 5368.163265 5529.251701 5729.52381 5884.807256 6106.848073 6611.882086 6983.401361 7304.126984 8166.1678 8359.183673 8562.358277 9488.253968 9708.843537 9878.639456 10036.825397 10215.328798 10380.770975 10556.371882 10746.485261 10933.696145 11129.614512 11297.959184 11486.621315 11646.258503 11866.848073 12431.38322 12798.548753 13101.85941 13329.705215 13479.183673 13763.628118 13914.557823 14100.31746 14262.857143 14489.251701 14998.639456 15371.609977 15685.079365 15917.278912 16095.782313 16351.201814 16605.170068 16786.575964 16943.310658 17172.60771 17349.659864 17523.809524 17735.69161 17918.548753 18091.247166 18275.555556 18442.44898 18638.367347 18841.54195 19028.752834 19181.133787 19400.272109 19896.598639 20260.861678 20552.562358 20870.385488 21050.340136 21268.027211 21475.555556 21643.900227 21789.024943 21993.650794 22196.825397 22408.707483 22944.217687 23299.773243 23598.730159 23825.124717 23981.85941 24215.510204 24421.587302 24649.433107 24846.802721 25039.818594 25502.76644 25721.904762 25919.274376 26110.839002 26292.244898 26499.773243 26671.020408 26824.852608 26999.002268 27183.310658 27373.424036 27563.537415 27784.126984 27968.435374 28141.133787 28363.174603 28872.562358 29245.53288 29543.038549 29767.981859 29931.972789
bird_8_251210_111833.4.wav,aaaaaaaaaafddddddddfaafggonhjkblgggdgonhjkblaaaaafaaonhbkblaaddddddnaonhjknaafaaddggoaaadddagafggdhjaadfaaaonhja,1979.501134 2181.22449 2393.106576 2575.963719 2790.748299 2969.251701 3152.108844 3336.417234 3552.653061 3732.60771 3900.952381 4088.163265 4273.922902 4453.877551 4639.637188 4810.884354 5005.351474 5188.208617 5375.419501 5580.045351 5762.902494 5944.30839 6092.335601 6263.582766 6459.501134 6629.297052 6810.702948 7018.231293 7504.399093 7875.918367 8154.557823 8383.854875 8692.970522 8893.24263 9099.319728 9280.725624 9466.485261 9630.47619 9820.589569 10057.142857 10573.786848 10949.659864 11234.104308 11443.0839 11714.46712 11879.909297 12032.290249 12177.414966 12377.687075 12527.165533 12711.473923 12900.136054 13043.809524 13239.727891 13441.451247 13943.582766 14315.102041 14600.997732 14817.23356 15151.020408 15358.548753 15545.759637 15727.165533 15905.668934 16087.07483 16275.736961 16455.69161 16626.938776 16824.30839 16962.176871 17153.741497 17349.659864 17890.975057 18265.396825 18648.526077 18883.628118 19076.643991 19234.829932 19419.138322 19616.507937 19822.585034 19989.478458 20186.848073 20384.217687 20554.013605 20828.29932 21034.376417 21223.038549 21382.675737 21553.922902 21749.84127 22117.006803 22288.253968 22519.002268 22653.968254 22874.557823 23069.024943 23237.369615 23401.360544 23881.723356 24369.342404 24539.138322 24775.69161 24935.328798 25138.503401 25337.324263 25541.950113 25688.526077 25878.639456 26078.911565 26652.154195 27084.62585,2046.258503 2266.848073 2474.376417 2658.684807 2879.274376 3056.326531 3240.634921 3414.78458 3623.764172 3812.426304 3985.124717 4186.848073 4381.315193 4564.172336 4747.029478 4918.276644 5112.743764 5301.405896 5475.555556 5652.60771 5832.562358 6016.870748 6163.446712 6386.938776 6572.698413 6738.14059 6944.217687 7428.93424 7788.843537 8092.154195 8308.390023 8489.795918 8813.424036 9016.598639 9228.480726 9379.410431 9581.133787 9740.770975 9952.653061 10485.260771 10858.231293 11167.346939 11379.229025 11534.512472 11794.285714 11981.496599 12120.816327 12271.746032 12453.151927 12614.240363 12794.195011 12975.600907 13161.360544 13374.693878 13873.922902 14232.380952 14537.142857 14763.537415 14923.174603 15214.875283 15445.623583 15653.151927 15831.655329 16013.061224 16195.918367 16386.031746 16568.888889 16741.587302 16904.126984 17075.37415 17287.256236 17806.802721 18182.675737 18485.986395 18729.795918 18969.251701 19156.462585 19323.356009 19501.85941 19709.387755 19937.23356 20092.517007 20305.85034 20503.219955 20661.405896 20945.85034 21134.512472 21321.723356 21494.421769 21667.120181 21852.879819 22201.179138 22368.072562 22598.820862 22767.165533 22993.560091 23190.929705 23331.70068 23812.063492 24167.619048 24449.160998 24633.469388 24854.058957 25035.464853 25219.773243 25424.399093 25623.219955 25806.077098 26015.056689 26562.176871 26942.403628 27174.603175
bird_8_251210_111921.5.wav,aaaaaaafddddggdgonhjkblgdhjbklgdhjkblgdddddddfaaonhjkblgdgonhjkblaaaaddfaaonhjkbl,1949.024943 2149.297052 2317.641723 2499.047619 2689.160998 2901.043084 3095.510204 3250.793651 3427.845805 3597.641723 3780.498866 3959.002268 4201.360544 4392.92517 4564.172336 4747.029478 4911.020408 5104.036281 5304.30839 5812.244898 6160.544218 6439.183673 6636.553288 6900.680272 7066.122449 7234.46712 7742.403628 8102.312925 8395.464853 8617.505669 8849.705215 9016.598639 9190.748299 9660.952381 10046.984127 10329.977324 10512.834467 10763.900227 10933.696145 11123.809524 11293.605442 11459.047619 11662.222222 11830.566893 12006.1678 12203.537415 12374.78458 12554.739229 12688.253968 12878.367347 13080.090703 13593.8322 13942.131519 14219.319728 14415.238095 14670.657596 14837.55102 15007.346939 15169.886621 15361.451247 15564.62585 16108.843537 16470.204082 16766.258503 16967.981859 17258.231293 17432.380952 17618.14059 17796.643991 17995.464853 18149.297052 18337.959184 18516.462585 18725.442177 18860.408163 19067.936508 19268.208617 19789.206349 20146.213152 20433.560091 20648.344671,2025.941043 2229.115646 2409.070295 2590.47619 2751.564626 2976.507937 3169.52381 3333.514739 3529.433107 3700.680272 3882.086168 4056.235828 4320.362812 4497.414966 4657.052154 4867.482993 5018.412698 5234.648526 5733.877551 6087.981859 6378.231293 6588.662132 6736.689342 7015.328798 7157.55102 7645.170068 8035.555556 8328.707483 8552.199546 8723.446712 8965.804989 9106.575964 9573.877551 9949.750567 10273.378685 10476.553288 10618.77551 10877.097506 11035.283447 11229.750567 11392.290249 11572.244898 11775.419501 11942.312925 12110.657596 12277.55102 12450.249433 12620.045351 12800.0 13010.430839 13528.526077 13868.117914 14169.977324 14368.798186 14526.984127 14780.952381 14936.235828 15121.995465 15281.632653 15496.417234 16020.31746 16386.031746 16698.049887 16924.444444 17069.569161 17335.147392 17526.712018 17721.179138 17883.718821 18083.99093 18258.14059 18436.643991 18596.281179 18796.553288 18979.410431 19198.548753 19726.802721 20076.553288 20366.802721 20590.294785 20742.675737
bird_8_251210_111953.6.wav,aaaaaaafdafddaddgggonhjkblaaafdddgadhjkblgddddfadonhjk,1969.342404 2144.943311 2348.117914 2536.780045 2706.575964 2893.786848 3072.290249 3221.768707 3401.723356 3586.031746 3735.510204 3902.403628 4075.102041 4240.544218 4408.888889 4572.879819 4767.346939 4960.362812 5153.378685 5311.564626 5498.77551 5696.145125 6238.911565 6590.113379 6867.301587 7084.988662 7344.761905 7492.789116 7693.061224 7826.575964 7977.505669 8137.142857 8299.68254 8481.088435 8642.176871 8835.192744 8981.768707 9438.911565 9791.564626 10071.655329 10260.31746 10521.54195 10692.789116 10874.195011 11061.405896 11247.165533 11453.24263 11624.489796 11858.14059 12009.070295 12223.854875 12424.126984 12940.770975 13312.290249,2033.197279 2230.566893 2429.387755 2625.306122 2809.614512 2988.117914 3166.621315 3307.39229 3482.993197 3660.045351 3813.877551 4009.795918 4186.848073 4350.839002 4517.732426 4677.369615 4884.897959 5076.462585 5275.283447 5432.018141 5636.643991 6153.287982 6508.843537 6806.349206 7019.68254 7174.965986 7426.031746 7581.315193 7761.269841 7900.589569 8080.544218 8253.24263 8412.879819 8601.54195 8756.825397 8929.52381 9377.959184 9713.197279 10003.446712 10235.646259 10360.453515 10637.641723 10792.92517 10987.39229 11174.603175 11357.460317 11522.902494 11711.564626 11939.410431 12129.52381 12353.015873 12843.537415 13228.117914 13374.693878
bird_8_251210_112016.7.wav,aaaaaaaaaafaafdddddggdgonhjdaaaddddaggonhjkblddaonhjkblgdhjkblddddddddgaonhjkblgdd,1979.501134 2233.469388 2454.058957 2619.501134 2793.650794 2972.154195 3136.145125 3343.673469 3548.29932 3707.936508 3921.269841 4105.578231 4295.69161 4432.108844 4612.063492 4787.664399 4964.716553 5156.281179 5336.235828 5507.482993 5697.596372 5861.587302 6029.931973 6188.117914 6379.68254 6572.698413 7093.696145 7617.596372 7780.136054 7967.346939 8142.947846 8317.097506 8485.442177 8655.238095 8829.387755 9002.086168 9180.589569 9369.251701 9539.047619 9729.160998 9920.725624 10405.442177 10753.741497 11038.185941 11244.263039 11506.938776 11685.442177 11900.226757 12055.510204 12258.684807 12480.725624 13007.528345 13348.571429 13647.528345 13837.641723 14101.768707 14264.30839 14416.689342 14917.369615 15283.0839 15570.430839 15761.995465 16027.573696 16175.600907 16341.043084 16532.60771 16700.952381 16873.650794 17044.897959 17221.950113 17422.222222 17607.981859 17734.240363 17927.256236 18118.820862 18632.562358 19012.789116 19282.721088 19456.870748 19709.387755 19879.183673 20046.077098,2030.294785 2327.800454 2530.975057 2715.283447 2890.884354 3073.741497 3234.829932 3435.102041 3626.666667 3797.913832 4011.247166 4185.396825 4378.412698 4533.696145 4728.163265 4893.605442 5079.365079 5272.380952 5447.981859 5626.485261 5815.147392 5957.369615 6148.93424 6298.412698 6519.002268 7019.68254 7379.591837 7693.061224 7880.272109 8068.93424 8235.827664 8425.941043 8598.639456 8768.435374 8941.133787 9116.734694 9302.494331 9496.961451 9653.696145 9859.773243 10337.23356 10685.53288 10991.746032 11187.664399 11342.947846 11595.464853 11781.22449 11991.655329 12175.963719 12400.907029 12930.612245 13280.362812 13557.55102 13807.165533 13946.485261 14222.222222 14360.090703 14839.002268 15206.1678 15499.319728 15732.970522 15876.643991 16101.587302 16284.444444 16454.240363 16647.256236 16819.954649 16989.750567 17155.192744 17346.75737 17539.773243 17686.349206 17853.24263 18057.868481 18568.707483 18931.519274 19201.451247 19442.358277 19570.068027 19828.390023 19982.222222 20156.371882
bird_8_251210_112044.8.wav,aaaaaafdddddddonhjkblgdhj,1979.501134 2181.22449 2366.984127 2548.390023 2753.015873 2938.77551 3078.095238 3255.147392 3429.297052 3583.129252 3748.571429 3918.367347 4105.578231 4281.179138 4426.303855 4619.319728 4812.335601 5356.553288 5690.340136 5961.723356 6154.739229 6392.743764 6556.734694 6706.213152 7160.453515,2037.55102 2249.433107 2465.668934 2635.464853 2832.834467 3024.399093 3165.170068 3365.442177 3533.786848 3694.875283 3851.609977 4034.46712 4211.519274 4379.863946 4545.306122 4748.480726 5269.478458 5610.521542 5913.8322 6124.263039 6259.229025 6508.843537 6649.614512 7082.086168 7441.995465
bird_8_251210_112058.9.wav,aacdaadjdagdgonhjkblgdhjkblddfaafddonhj,1973.696145 2182.675737 2465.668934 2602.086168 2777.687075 2954.739229 3139.047619 3313.197279 3472.834467 3655.69161 3863.219955 4048.979592 4227.482993 4392.92517 4590.294785 4784.761905 5310.113379 5665.668934 5935.600907 6115.555556 6378.231293 6546.575964 6696.054422 7167.709751 7534.875283 7817.868481 8007.981859 8259.047619 8454.965986 8602.993197 8819.229025 8984.671202 9131.247166 9314.104308 9498.412698 9642.086168 9829.297052 10041.179138 10527.346939,2033.197279 2234.920635 2526.621315 2700.770975 2879.274376 3053.424036 3243.537415 3426.394558 3584.580499 3786.303855 3982.222222 4137.505669 4343.582766 4495.963719 4716.553288 5243.356009 5580.045351 5894.965986 6087.981859 6227.301587 6500.136054 6648.163265 7089.342404 7453.605442 7749.659864 7968.798186 8115.37415 8340.31746 8536.235828 8695.873016 8897.596372 9076.099773 9221.22449 9398.276644 9578.231293 9756.734694 9959.909297 10454.78458 10817.596372
bird_8_251210_112113.10.wav,aaaaaaaafadadddggdgonhjkblgdgonhjkblaafadddgdhjkbfgddddfaaonhjkblaaaabafddddggohhjkblaaaafgaonh,1832.92517 1966.439909 2243.628118 2403.265306 2589.024943 2777.687075 2956.190476 3133.24263 3295.782313 3456.870748 3628.117914 3792.108844 3957.55102 4124.444444 4289.886621 4475.646259 4662.857143 4826.848073 4995.192744 5169.342404 5353.650794 5553.922902 6090.884354 6437.732426 6710.566893 6905.034014 7132.879819 7289.614512 7479.727891 7652.426304 7832.380952 8039.909297 8571.06576 8930.975057 9216.870748 9406.984127 9652.244898 9830.748299 9977.324263 10150.022676 10316.9161 10476.553288 10640.544218 10836.462585 11003.356009 11154.285714 11609.977324 11964.081633 12245.623583 12466.213152 12688.253968 12856.598639 13014.78458 13194.739229 13364.535147 13551.746032 13699.773243 13868.117914 14010.340136 14199.002268 14394.920635 14899.954649 15259.863946 15542.857143 15763.446712 16000.0 16158.185941 16330.884354 16512.290249 16743.038549 16914.285714 17069.569161 17235.011338 17400.453515 17568.798186 17744.399093 17924.353741 18114.46712 18272.653061 18462.76644 18654.331066 19223.219955 19590.385488 19863.219955 20041.723356 20298.594104 20493.061224 20645.442177 20873.287982 21009.705215 21199.818594 21421.85941 21540.861678 21735.328798 21942.857143,1867.755102 2089.795918 2316.190476 2506.303855 2670.294785 2877.823129 3038.911565 3208.707483 3368.344671 3539.591837 3725.351474 3902.403628 4057.687075 4233.287982 4398.730159 4599.002268 4765.895692 4918.276644 5112.743764 5276.734694 5491.519274 6025.578231 6372.426304 6648.163265 6860.045351 6995.011338 7246.077098 7389.750567 7594.376417 7754.013605 7961.54195 8499.954649 8855.510204 9166.077098 9372.154195 9496.961451 9729.160998 9914.920635 10083.265306 10253.061224 10421.405896 10591.201814 10756.643991 10946.75737 11097.687075 11537.414966 11892.970522 12194.829932 12405.260771 12550.385488 12800.0 12946.575964 13117.823129 13300.680272 13474.829932 13614.14966 13773.786848 13946.485261 14122.086168 14326.712018 14821.587302 15175.69161 15480.453515 15706.848073 15846.1678 16082.721088 16248.163265 16432.471655 16624.036281 16827.210884 16986.848073 17149.387755 17343.854875 17506.394558 17677.641723 17853.24263 18041.904762 18224.761905 18384.399093 18591.927438 19120.181406 19514.920635 19802.267574 20017.052154 20147.664399 20384.217687 20590.294785 20745.578231 20948.752834 21112.743764 21320.272109 21488.61678 21652.60771 21860.136054 22089.433107
bird_8_251210_112141.11.wav,aaaaaddfddfddggdgonhjkbldfaaonhjkblgdddgaonhjkblddafddggonhjkbldddafdaaonhkjbljadddddgonhjkdddonhjkblddaadddddgaonhj,1978.049887 2195.736961 2398.911565 2574.512472 2747.210884 2917.006803 3076.643991 3260.952381 3436.553288 3616.507937 3742.76644 3905.306122 4086.712018 4276.825397 4468.390023 4626.575964 4796.371882 4956.00907 5143.219955 5371.06576 5852.879819 6212.789116 6498.684807 6703.310658 6938.412698 7121.269841 7292.517007 7479.727891 7611.791383 7812.063492 8039.909297 8521.723356 8878.730159 9167.528345 9357.641723 9633.378685 9791.564626 9957.006803 10120.997732 10315.464853 10522.993197 10647.800454 10856.780045 11052.698413 11576.598639 11942.312925 12225.306122 12418.321995 12680.997732 12843.537415 13043.809524 13194.739229 13389.206349 13556.099773 13736.054422 13937.777778 14098.866213 14288.979592 14495.056689 15071.201814 15426.75737 15703.945578 15891.156463 16208.979592 16384.580499 16564.535147 16766.258503 16902.675737 17108.752834 17307.573696 17488.979592 17634.104308 17840.181406 18031.746032 18554.195011 18902.494331 19176.780045 19372.698413 19664.399093 19860.31746 20031.564626 20182.494331 20343.582766 20511.927438 20687.528345 20866.031746 21027.120181 21230.294785 21429.115646 21958.820862 22310.022676 22727.981859 22887.619048 23073.378685 23219.954649 23439.092971 23639.365079 24228.571429 24605.895692 24926.621315 25105.124717 25428.752834 25678.367347 25864.126984 26058.594104 26242.902494 26419.954649 26607.165533 26766.802721 26932.244898 27165.895692 27367.619048 27504.036281 27740.589569 27951.020408 28501.043084,2039.002268 2268.29932 2491.791383 2665.941043 2841.54195 3015.69161 3189.84127 3349.478458 3506.213152 3680.362812 3821.133787 4005.442177 4188.29932 4394.376417 4585.941043 4715.102041 4918.276644 5067.755102 5278.185941 5777.414966 6125.714286 6440.634921 6659.773243 6799.092971 7015.328798 7196.734694 7372.335601 7559.546485 7730.793651 7941.22449 8446.258503 8798.911565 9099.319728 9311.201814 9450.521542 9749.478458 9888.798186 10060.045351 10232.743764 10437.369615 10592.653061 10763.900227 10990.294785 11498.231293 11869.750567 12168.707483 12379.138322 12515.555556 12759.365079 12936.417234 13130.884354 13293.424036 13495.147392 13660.589569 13863.764172 14055.328798 14207.709751 14403.628118 14987.029478 15344.036281 15647.346939 15862.131519 15997.097506 16271.38322 16473.106576 16661.768707 16850.430839 16995.555556 17194.376417 17377.23356 17562.993197 17756.00907 17970.793651 18471.473923 18827.029478 19114.376417 19334.965986 19475.736961 19747.120181 19938.684807 20131.70068 20291.337868 20453.877551 20620.770975 20794.920635 20980.680272 21143.219955 21363.809524 21883.356009 22222.947846 22540.770975 22801.995465 22992.108844 23157.55102 23346.213152 23566.802721 24135.69161 24523.174603 24822.131519 25070.294785 25205.260771 25478.095238 25766.893424 25958.45805 26155.827664 26341.587302 26521.54195 26710.204082 26877.097506 27043.99093 27284.897959 27459.047619 27628.843537 27850.884354 28406.712018 28792.743764
bird_8_251210_112220.12.wav,aaaaafddddggdhjkblgdgonhjkblaacoddddgonhjddaonhjkblgdgonhjkaaafadddgaonhkkbadaaddfaaonhjbblfadfdddggonhj,1975.147392 2149.297052 2340.861678 2525.170068 2719.637188 2861.85941 3049.070295 3227.573696 3391.564626 3571.519274 3750.022676 3948.843537 4127.346939 4288.435374 4771.70068 5133.061224 5417.505669 5601.814059 5868.843537 6035.736961 6204.081633 6366.621315 6561.088435 6761.360544 7307.029478 7652.426304 7935.419501 8119.727891 8353.378685 8537.687075 8675.555556 8884.535147 9058.684807 9213.968254 9382.312925 9562.267574 9756.734694 9926.530612 10116.643991 10314.013605 10848.072562 11544.671202 11707.210884 11891.519274 12033.741497 12229.659864 12435.736961 12937.868481 13291.972789 13573.514739 13762.176871 14027.755102 14197.55102 14371.70068 14537.142857 14720.0 14924.62585 15486.258503 15857.777778 16307.664399 16484.716553 16674.829932 16828.662132 17155.192744 17314.829932 17484.62585 17638.45805 17818.412698 18001.269841 18139.138322 18324.897959 18538.231293 19062.131519 19426.394558 19731.156463 20643.99093 20829.750567 21022.76644 21179.501134 21346.394558 21519.092971 21729.52381 21892.063492 22066.213152 22209.886621 22417.414966 22616.235828 23147.39229 23524.716553 23814.965986 24028.29932 24308.390023 24476.734694 24656.689342 24803.265306 24967.256236 25147.210884 25317.006803 25496.961451 25691.428571 25851.06576 26058.594104 26276.281179 26813.24263,2040.453515 2233.469388 2417.777778 2607.891156 2786.394558 2959.092971 3150.657596 3332.063492 3497.505669 3677.460317 3867.573696 4066.394558 4223.129252 4703.492063 5053.24263 5372.517007 5575.69161 5703.401361 5983.492063 6131.519274 6324.535147 6478.367347 6694.603175 7228.662132 7572.60771 7877.369615 8081.995465 8221.315193 8424.489796 8611.70068 8774.240363 8967.256236 9158.820862 9331.519274 9492.60771 9672.562358 9872.834467 10031.020408 10255.963719 10762.44898 11112.199546 11628.843537 11805.895692 11974.240363 12152.743764 12370.430839 12859.501134 13226.666667 13519.818594 13730.249433 13871.020408 14139.501134 14293.333333 14489.251701 14645.986395 14846.258503 15406.439909 15789.569161 16060.952381 16378.77551 16574.693878 16759.002268 16909.931973 17230.657596 17422.222222 17600.725624 17756.00907 17941.768707 18092.698413 18252.335601 18465.668934 18991.020408 19356.734694 19655.69161 19860.31746 20703.492063 20934.240363 21115.646259 21266.575964 21446.530612 21614.875283 21803.537415 21974.78458 22144.580499 22333.24263 22552.380952 23064.671202 23439.092971 23756.9161 23967.346939 24128.435374 24386.75737 24555.102041 24739.410431 24891.791383 25071.746032 25254.603175 25427.301587 25623.219955 25813.333333 25968.61678 26190.657596 26737.777778 27100.589569
bird_8_251210_112246.13.wav,aaaaafnhjkblaaaafaaonhj,902.675737 1150.839002 1335.147392 1503.492063 1696.507937 1831.473923 2036.099773 2234.920635 2745.759637 3107.120181 3378.503401 3562.811791 3929.977324 4102.675737 4321.814059 4493.061224 4658.503401 4844.263039 5051.791383 5191.111111 5400.090703 5594.557823 6146.031746,979.591837 1240.816327 1432.380952 1599.274376 1773.424036 1951.927438 2173.968254 2651.428571 3031.655329 3333.514739 3529.433107 3673.106576 4001.088435 4188.29932 4401.632653 4596.099773 4760.090703 4926.984127 5131.609977 5310.113379 5530.702948 6070.566893 6450.793651
bird_8_251210_112253.14.wav,dddddgafnhkaaaaafaaddgaonhj,1412.063492 1578.956916 1771.972789 1957.732426 2140.589569 2345.21542 2538.231293 2671.746032 2899.591837 3099.863946 3671.655329 4220.226757 4400.181406 4583.038549 4765.895692 4985.034014 5122.902494 5285.442177 5461.043084 5635.192744 5799.183673 5998.004535 6191.020408 6323.0839 6521.904762 6719.274376 7272.199546,1488.979592 1686.349206 1872.108844 2053.514739 2245.079365 2429.387755 2607.891156 2813.968254 3025.85034 3587.482993 3950.294785 4304.399093 4495.963719 4687.528345 4863.129252 5060.498866 5218.684807 5371.06576 5584.399093 5746.938776 5913.8322 6121.360544 6269.387755 6434.829932 6652.517007 7185.124717 7563.900227
bird_8_251210_112314.15.wav,aaaaaaaafaafddddfaaonhjkblgdgofodfaaddggonhjkblaaaonhjkblaaonhjkblaadfaaaonhk,1978.049887 2159.455782 2371.337868 2542.585034 2712.380952 2895.238095 3089.705215 3295.782313 3512.018141 3703.582766 3903.854875 4048.979592 4210.068027 4376.961451 4552.562358 4729.614512 4947.301587 5121.451247 5313.015873 5453.786848 5649.705215 5868.843537 6362.267574 6710.566893 6993.560091 7180.770975 7443.446712 7608.888889 7781.587302 7945.578231 8140.045351 8421.587302 8604.444444 8766.984127 8962.902494 9135.600907 9315.555556 9480.997732 9674.013605 9877.188209 10041.179138 10241.451247 10460.589569 10968.526077 11324.081633 11618.684807 11814.603175 12129.52381 12290.612245 12496.689342 12636.00907 12830.47619 13033.650794 13598.185941 13950.839002 14220.770975 14434.104308 14704.036281 14869.478458 15016.054422 15236.643991 15436.9161 15984.036281 16349.750567 16625.487528 16822.857143 17071.020408 17239.365079 17433.8322 17596.371882 17789.387755 17973.696145 18204.444444 18342.312925 18549.84127 18741.405896 19275.464853,2023.038549 2230.566893 2456.961451 2636.9161 2805.260771 2992.471655 3172.426304 3361.088435 3601.995465 3779.047619 3976.417234 4128.798186 4314.557823 4487.256236 4658.503401 4835.555556 5015.510204 5205.623583 5387.029478 5568.435374 5781.768707 6286.802721 6632.199546 6932.60771 7138.684807 7292.517007 7555.192744 7701.768707 7900.589569 8052.970522 8269.206349 8501.405896 8688.61678 8858.412698 9045.623583 9221.22449 9422.947846 9595.646259 9790.113379 9994.739229 10154.376417 10370.612245 10903.219955 11250.068027 11544.671202 11779.773243 11907.482993 12206.439909 12379.138322 12573.605442 12746.303855 12956.734694 13499.501134 13869.569161 14180.136054 14368.798186 14518.276644 14778.049887 14949.297052 15140.861678 15365.804989 15912.92517 16268.480726 16571.791383 16789.478458 16931.70068 17147.936508 17329.342404 17513.650794 17681.995465 17869.206349 18056.417234 18278.45805 18449.705215 18674.648526 19192.743764 19498.956916
bird_8_251210_112342.16.wav,aaaaooddfaafdddggonhjkblgdhjkblgdgonhjkblgddddgonhjkblaaafaaonhjkbldaafacdddgaonhjkbl,1970.793651 2136.235828 2340.861678 2519.365079 2710.929705 2893.786848 3083.900227 3258.049887 3480.090703 3644.081633 3821.133787 3969.160998 4128.798186 4305.85034 4468.390023 4658.503401 4855.873016 5018.412698 5211.428571 5405.895692 5961.723356 6307.120181 6588.662132 6771.519274 7055.963719 7215.600907 7375.238095 7829.478458 8193.741497 8481.088435 8684.263039 8955.646259 9129.795918 9298.14059 9469.387755 9656.598639 9882.993197 10367.709751 10723.265306 11004.807256 11196.371882 11496.780045 11666.575964 11820.408163 11994.557823 12178.866213 12366.077098 12532.970522 12734.693878 12940.770975 13489.342404 13849.251701 14133.696145 14322.358277 14608.253968 14770.793651 14991.38322 15149.569161 15352.743764 15532.698413 15677.823129 15878.095238 16076.9161 16612.426304 16983.945578 17258.231293 17449.795918 17751.655329 17922.902494 18121.723356 18275.555556 18496.145125 18687.709751 18848.798186 19015.69161 19185.487528 19381.405896 19586.031746 19728.253968 19912.562358 20108.480726 20642.539683 21014.058957 21298.503401 21517.641723,2012.879819 2221.85941 2429.387755 2607.891156 2783.492063 2980.861678 3185.487528 3362.539683 3543.945578 3719.546485 3896.598639 4048.979592 4233.287982 4404.535147 4581.587302 4776.054422 4963.265306 5128.707483 5342.040816 5887.709751 6237.460317 6526.258503 6735.238095 6880.362812 7166.258503 7308.480726 7751.111111 8115.37415 8412.879819 8637.823129 8775.69161 9073.197279 9227.029478 9425.85034 9576.780045 9790.113379 10283.537415 10652.154195 10965.623583 11168.798186 11297.959184 11615.782313 11760.907029 11927.800454 12100.498866 12290.612245 12482.176871 12647.619048 12863.854875 13405.170068 13767.981859 14069.84127 14297.687075 14431.201814 14683.718821 14879.637188 15074.104308 15256.961451 15426.75737 15608.163265 15789.569161 15995.646259 16532.60771 16909.931973 17205.986395 17416.417234 17560.090703 17830.022676 18015.782313 18207.346939 18369.886621 18580.31746 18773.333333 18961.995465 19130.340136 19295.782313 19501.85941 19670.204082 19838.548753 20051.882086 20555.464853 20934.240363 21236.099773 21468.29932 21610.521542
bird_8_251210_112421.17.wav,aaaaaaafaafddddddggonhjkklgdhjkblaafaaonhjkbldddgonhjkblgdgonhjkblaadddfaaonhjaadd,1979.501134 2162.358277 2333.605442 2520.816327 2708.027211 2880.725624 3083.900227 3263.854875 3451.06576 3646.984127 3789.206349 3950.294785 4130.249433 4298.594104 4478.548753 4680.272109 4848.61678 5064.852608 5260.770975 5424.761905 5625.034014 5848.526077 6359.365079 6723.628118 6997.913832 7190.929705 7440.544218 7597.278912 7756.9161 8231.473923 8601.54195 8883.0839 9086.258503 9377.959184 9553.560091 9732.063492 9893.151927 10081.814059 10222.585034 10411.247166 10610.068027 11152.834467 11502.585034 11792.834467 11988.752834 12245.623583 12411.06576 12589.569161 12785.487528 12950.929705 13146.848073 13338.412698 13885.53288 14236.734694 14516.825397 14704.036281 14950.748299 15110.385488 15287.437642 15444.172336 15638.639456 15840.362812 16449.886621 16818.503401 17095.69161 17301.768707 17602.176871 17802.44898 17986.75737 18171.06576 18359.727891 18503.401361 18680.453515 18892.335601 19038.911565 19247.891156 19449.614512 19970.612245 20495.963719 20658.503401 20850.068027 21043.0839,2023.038549 2227.664399 2419.229025 2618.049887 2789.297052 2977.959184 3159.365079 3359.637188 3527.981859 3718.095238 3874.829932 4048.979592 4230.385488 4408.888889 4591.746032 4787.664399 4950.204082 5179.501134 5379.773243 5532.154195 5751.292517 6286.802721 6635.102041 6935.510204 7151.746032 7301.22449 7550.839002 7684.353741 8158.911565 8520.272109 8827.936508 9047.07483 9198.004535 9454.875283 9629.024943 9781.405896 9975.873016 10161.632653 10335.782313 10550.566893 11064.30839 11425.668934 11733.333333 11948.117914 12099.047619 12331.247166 12521.360544 12696.961451 12897.23356 13061.22449 13276.00907 13801.360544 14167.07483 14463.129252 14676.462585 14811.428571 15059.591837 15213.424036 15404.988662 15555.918367 15773.605442 16326.530612 16734.331066 17034.739229 17253.877551 17406.258503 17684.897959 17895.328798 18086.893424 18263.945578 18442.44898 18599.183673 18773.333333 18961.995465 19152.108844 19377.052154 19895.147392 20257.959184 20580.136054 20757.188209 20963.265306 21150.47619
bird_8_251210_112455.18.wav,aaaaaaagafdddggdgonhjkblgdhjkblgdgonhjbblgdgonhjbbladadddddgaonhjkbladafaaonhjbbfaddadfaaonhjkklddhj,1976.598639 2195.736961 2377.142857 2536.780045 2718.185941 2892.335601 3089.705215 3263.854875 3443.809524 3578.77551 3765.986395 3932.879819 4098.321995 4278.276644 4481.451247 4655.600907 4835.555556 4989.387755 5183.854875 5382.675737 5894.965986 6257.777778 6532.063492 6743.945578 6971.791383 7128.526077 7295.419501 7803.356009 8160.362812 8439.002268 8623.310658 8867.120181 9048.526077 9215.419501 9379.410431 9568.072562 9772.698413 10277.732426 10627.482993 10900.31746 11106.394558 11348.752834 11517.097506 11698.503401 11865.396825 12065.668934 12261.587302 12772.426304 13136.689342 13429.84127 13635.918367 13882.630385 14077.097506 14268.662132 14442.811791 14630.022676 14798.367347 14969.614512 15148.117914 15335.328798 15535.600907 15661.85941 15854.875283 16044.988662 16574.693878 16930.249433 17214.693878 17404.807256 17696.507937 17869.206349 18052.063492 18202.993197 18387.301587 18575.963719 18716.734694 18925.714286 19127.437642 19629.569161 19995.283447 20276.825397 20485.804989 20747.029478 20909.569161 21076.462585 21247.709751 21447.981859 21591.655329 21780.31746 21954.46712 22109.750567 22302.76644 22497.23356 23022.585034 23397.006803 23685.804989 23907.845805 24205.351474 24370.793651 24584.126984 25083.356009,2037.55102 2262.494331 2459.863946 2635.464853 2815.419501 2976.507937 3160.816327 3340.770975 3512.018141 3677.460317 3864.671202 4046.077098 4212.970522 4400.181406 4603.356009 4757.188209 4948.752834 5102.585034 5315.918367 5807.891156 6169.251701 6484.172336 6693.151927 6832.471655 7079.183673 7221.405896 7717.732426 8090.702948 8373.696145 8588.480726 8726.349206 8984.671202 9139.954649 9357.641723 9483.900227 9698.684807 10199.365079 10553.469388 10852.426304 11074.46712 11210.884354 11464.852608 11617.23356 11814.603175 11968.435374 12197.732426 12704.217687 13053.968254 13355.827664 13593.8322 13736.054422 13965.351474 14175.782313 14367.346939 14537.142857 14735.963719 14907.210884 15081.360544 15255.510204 15461.587302 15613.968254 15775.056689 15989.84127 16499.229025 16854.78458 17150.839002 17371.428571 17516.553288 17770.521542 17964.988662 18139.138322 18297.324263 18472.92517 18654.331066 18827.029478 19065.034014 19558.45805 19912.562358 20226.031746 20437.913832 20587.39229 20813.786848 21005.351474 21176.598639 21334.78458 21521.995465 21677.278912 21870.294785 22048.798186 22227.301587 22434.829932 22948.571429 23312.834467 23621.950113 23842.539683 24002.176871 24279.365079 24473.8322 25003.537415 25267.664399
bird_8_251210_112533.19.wav,aaaaaaaafdddddggonhjkblgdgonhjkblgdgonhjkblaafaaonhfoadddddggonhjkblaadaaafdddgaochjkblaaafaaonhk,1976.598639 2142.040816 2320.544218 2503.401361 2683.356009 2866.213152 3044.716553 3237.732426 3407.528345 3575.873016 3738.412698 3914.013605 4088.163265 4263.764172 4459.68254 4658.503401 4818.14059 5008.253968 5214.331066 5733.877551 6108.29932 6389.84127 6577.052154 6849.886621 7018.231293 7188.027211 7340.408163 7545.034014 7759.818594 8254.693878 8598.639456 8880.181406 9071.746032 9341.678005 9505.668934 9685.623583 9853.968254 10048.435374 10241.451247 10845.170068 11200.725624 11477.913832 11678.185941 11900.226757 12083.0839 12252.879819 12415.419501 12593.922902 12733.24263 12939.319728 13138.14059 13756.371882 13882.630385 14049.52381 14206.258503 14361.54195 14531.337868 14695.328798 14860.770975 15046.530612 15249.705215 15387.573696 15584.943311 15775.056689 16294.603175 16640.0 16920.090703 17102.947846 17403.356009 17570.249433 17766.1678 17931.609977 18165.260771 18337.959184 18478.730159 18644.172336 18806.712018 18977.959184 19181.133787 19394.46712 19520.725624 19720.997732 19944.489796 20484.353741 20838.45805 21122.902494 21313.015873 21568.435374 21739.68254 21945.759637 22151.836735 22349.206349 22527.709751 22672.834467 22873.106576 23074.829932 23581.315193,2027.39229 2230.566893 2413.424036 2607.891156 2779.138322 2956.190476 3139.047619 3311.746032 3488.798186 3678.911565 3850.15873 4018.503401 4202.811791 4374.058957 4574.331066 4774.603175 4924.081633 5144.671202 5651.156463 6018.321995 6341.950113 6537.868481 6677.188209 6963.0839 7119.818594 7305.578231 7460.861678 7674.195011 8174.875283 8530.430839 8830.839002 9032.562358 9171.882086 9447.619048 9604.353741 9803.174603 9951.201814 10179.047619 10742.131519 11125.260771 11415.510204 11628.843537 11776.870748 11984.399093 12168.707483 12316.734694 12496.689342 12676.643991 12856.598639 13071.38322 13563.356009 13794.104308 13974.058957 14135.147392 14307.845805 14476.190476 14641.632653 14815.782313 14976.870748 15172.789116 15344.036281 15496.417234 15714.104308 16201.723356 16574.693878 16878.004535 17081.179138 17214.693878 17480.272109 17673.287982 17860.498866 18008.526077 18247.981859 18423.582766 18578.866213 18754.46712 18928.61678 19091.156463 19308.843537 19474.285714 19642.630385 19848.707483 20419.047619 20767.346939 21053.24263 21286.893424 21421.85941 21649.705215 21839.818594 22029.931973 22246.1678 22430.47619 22622.040816 22790.385488 23009.52381 23508.752834 23841.088435
bird_8_251210_112609.20.wav,aaaaaoaddddfaafddddaafggdgonhbkb,1983.854875 2178.321995 2345.21542 2517.913832 2708.027211 2908.29932 3088.253968 3260.952381 3426.394558 3609.251701 3789.206349 3990.929705 4160.725624 4345.034014 4500.31746 4661.405896 4842.811791 5012.60771 5186.75737 5485.714286 5639.546485 5813.696145 5996.553288 6191.020408 6356.462585 6527.709751 6690.249433 6881.814059 7096.598639 7633.560091 7980.408163 8256.145125,2030.294785 2258.14059 2426.485261 2618.049887 2806.712018 2982.312925 3172.426304 3362.539683 3530.884354 3712.290249 3890.793651 4054.78458 4237.641723 4427.755102 4588.843537 4771.70068 4942.947846 5122.902494 5413.151927 5558.276644 5710.657596 5896.417234 6119.909297 6302.76644 6443.537415 6639.455782 6797.641723 7018.231293 7531.972789 7910.748299 8199.546485 8396.9161
bird_8_251210_112751.21.wav,caaaaaaaaaaaaaaakaafdddggdgonhjkblgdhjkblaadfaafddddggonhjkbaodfaadddgonhjkaaadfaafggdddg,1757.460317 1970.793651 2191.38322 2429.387755 2635.464853 2988.117914 3194.195011 3384.30839 3562.811791 3736.961451 3922.721088 4133.151927 4314.557823 4504.671202 4725.260771 4964.716553 5117.097506 5368.163265 5556.825397 5716.462585 5892.063492 6072.018141 6276.643991 6484.172336 6678.639456 6854.240363 7032.743764 7190.929705 7394.104308 7581.315193 8067.482993 8428.843537 8710.385488 8917.913832 9164.62585 9331.519274 9486.802721 9975.873016 10327.07483 10617.324263 10837.913832 11136.870748 11302.312925 11496.780045 11660.770975 11846.530612 12056.961451 12196.281179 12361.723356 12547.482993 12747.755102 12924.807256 13129.433107 13318.095238 13492.244898 13678.004535 13875.37415 14426.848073 14760.634921 15065.396825 15497.868481 15685.079365 15895.510204 16031.927438 16210.430839 16391.836735 16568.888889 16740.136054 16917.188209 17118.911565 17280.0 17473.015873 17666.031746 18188.480726 18560.0 19536.689342 19755.827664 19937.23356 20143.310658 20285.53288 20458.231293 20648.344671 20802.176871 20993.741497 21191.111111 21352.199546 21506.031746 21693.24263 21913.8322,1815.510204 2041.904762 2268.29932 2501.950113 2705.124717 3046.1678 3258.049887 3443.809524 3645.53288 3826.938776 4019.954649 4230.385488 4429.206349 4599.002268 4818.14059 5045.986395 5233.197279 5445.079365 5626.485261 5789.024943 5998.004535 6161.995465 6379.68254 6598.820862 6788.93424 6951.473923 7147.39229 7302.675737 7521.814059 7989.115646 8349.024943 8649.433107 8874.376417 9016.598639 9280.725624 9427.301587 9888.798186 10254.512472 10552.018141 10782.76644 10935.147392 11205.079365 11396.643991 11572.244898 11737.687075 11923.446712 12128.072562 12279.002268 12464.761905 12659.229025 12853.696145 13035.102041 13249.886621 13440.0 13596.734694 13810.068027 14322.358277 14692.426304 15002.993197 15223.582766 15558.820862 15772.154195 15962.267574 16113.197279 16300.408163 16480.362812 16680.634921 16854.78458 17030.385488 17236.462585 17393.197279 17599.274376 18111.564626 18477.278912 18708.027211 19606.349206 19848.707483 20025.759637 20215.873016 20363.900227 20535.147392 20728.163265 20893.605442 21115.646259 21308.662132 21446.530612 21611.972789 21799.183673 22015.419501
bird_8_251210_112817.22.wav,aaaaaafddddfggdhjkblgdhjkblaaafaafggonhjkblaaafaaonhj,1967.891156 2126.077098 2301.678005 2493.24263 2686.258503 2885.079365 3075.192744 3268.208617 3430.748299 3593.287982 3757.278912 3972.063492 4162.176871 4347.936508 4523.537415 4675.918367 5137.414966 5497.324263 5774.512472 5957.369615 6225.85034 6397.097506 6572.698413 7064.671202 7428.93424 7722.086168 7935.419501 8305.487528 8478.185941 8671.201814 8819.229025 8984.671202 9184.943311 9330.068027 9579.68254 9766.893424 9933.786848 10119.546485 10314.013605 10803.0839 11160.090703 11453.24263 11665.124717 11937.959184 12135.328798 12351.564626 12517.006803 12720.181406 12911.746032 13056.870748 13258.594104 13495.147392 13998.730159,2036.099773 2216.054422 2391.655329 2586.122449 2766.077098 2951.836735 3159.365079 3374.14966 3545.396825 3703.582766 3871.927438 4046.077098 4278.276644 4466.938776 4609.160998 5072.108844 5421.85941 5717.913832 5931.247166 6064.761905 6334.693878 6501.587302 6979.047619 7357.823129 7666.938776 7886.077098 8048.61678 8386.75737 8575.419501 8749.569161 8887.437642 9057.23356 9253.151927 9466.485261 9701.587302 9884.444444 10045.53288 10257.414966 10710.204082 11081.723356 11386.485261 11607.07483 11765.260771 12010.521542 12239.818594 12432.834467 12614.240363 12804.353741 12982.857143 13175.873016 13392.108844 13917.460317 14286.077098
bird_8_251210_112833.23.wav,aaaaaafddfggdddabjkbaaddddddgaonhjkblgdhjbbadafaafddggonhjkblddgaadddddggonhjkbl,1975.147392 2140.589569 2308.93424 2516.462585 2690.612245 2882.176871 3027.301587 3191.292517 3356.734694 3564.263039 3764.535147 3953.197279 4125.895692 4316.00907 4517.732426 4707.845805 4889.251701 5334.78458 5694.693878 5986.394558 6671.38322 6858.594104 7061.768707 7253.333333 7428.93424 7600.181406 7762.721088 7928.163265 8132.789116 8334.512472 8472.380952 8678.45805 8896.145125 9389.569161 9769.795918 10061.496599 10258.866213 10544.761905 10714.557823 10880.0 11376.326531 11760.907029 12049.705215 12434.285714 12625.85034 12837.732426 12985.759637 13181.678005 13387.755102 13557.55102 13730.249433 13904.399093 14109.024943 14297.687075 14439.909297 14634.376417 14866.575964 15383.219955 15746.031746 16029.024943 16230.748299 16502.131519 16669.024943 16869.297052 17105.85034 17287.256236 17459.954649 17612.335601 17808.253968 17978.049887 18172.517007 18366.984127 18560.0 18700.770975 18898.14059 19092.60771 19636.825397 20017.052154 20317.460317 20526.439909,2043.356009 2223.310658 2398.911565 2591.927438 2777.687075 2957.641723 3118.730159 3300.136054 3465.578231 3607.800454 3874.829932 4066.394558 4221.678005 4419.047619 4617.868481 4789.115646 5256.417234 5620.680272 5929.795918 6128.61678 6741.043084 6960.181406 7161.904762 7350.566893 7526.1678 7706.122449 7881.723356 8041.360544 8250.340136 8414.331066 8587.029478 8807.619048 9312.653061 9688.526077 9994.739229 10229.84127 10373.514739 10663.764172 10814.693878 11303.764172 11672.380952 11987.301587 12222.403628 12511.201814 12725.986395 12916.099773 13075.736961 13252.789116 13480.634921 13646.077098 13841.995465 14024.852608 14230.929705 14396.371882 14548.752834 14767.891156 15309.206349 15673.469388 15969.52381 16197.369615 16330.884354 16581.950113 16773.514739 16959.274376 17182.76644 17368.526077 17558.639456 17721.179138 17917.097506 18091.247166 18287.165533 18488.888889 18645.623583 18811.06576 19033.106576 19543.945578 19925.623583 20247.800454 20487.256236 20626.575964
bird_8_251210_112855.24.wav,oaaaaaafadfdddggonhjkbddddfaaafddgddddgaonhjkbldaafaan,1805.351474 1976.598639 2162.358277 2353.922902 2538.231293 2713.8322 2915.555556 3062.131519 3253.696145 3422.040816 3604.897959 3768.888889 3934.331066 4108.480726 4316.00907 4530.793651 4674.46712 4871.836735 5090.975057 5616.326531 5958.820862 6237.460317 6581.405896 6733.786848 6903.582766 7069.024943 7276.553288 7453.605442 7656.780045 7829.478458 7981.85941 8161.814059 8334.512472 8531.882086 8710.385488 8877.278912 9065.941043 9238.639456 9440.362812 9647.891156 9779.954649 9986.031746 10189.206349 10720.362812 11086.077098 11380.680272 11591.111111 11901.678005 12087.437642 12299.319728 12422.675737 12659.229025 12865.306122 13094.603175,1859.047619 2059.319728 2253.786848 2456.961451 2641.269841 2806.712018 2996.825397 3159.365079 3330.612245 3526.530612 3681.814059 3874.829932 4051.882086 4230.385488 4440.816327 4622.222222 4786.213152 5000.997732 5543.764172 5881.904762 6175.056689 6413.061224 6658.321995 6825.21542 7015.328798 7174.965986 7343.310658 7543.582766 7733.696145 7913.650794 8071.836735 8272.108844 8444.807256 8647.981859 8807.619048 8977.414966 9179.138322 9347.482993 9563.718821 9732.063492 9900.408163 10119.546485 10640.544218 11000.453515 11311.020408 11543.219955 11699.954649 11987.301587 12189.024943 12384.943311 12541.678005 12744.852608 12946.575964 13181.678005
bird_8_251210_112914.25.wav,aaaaaaaaafaddddggdgonfjkblaadfgddddonhjkblgdgonhjbbaaabafaadddgaonhj,1967.891156 2165.260771 2337.959184 2509.206349 2699.319728 2886.530612 3124.535147 3282.721088 3487.346939 3631.020408 3800.816327 3973.514739 4149.115646 4327.619048 4495.963719 4678.820862 4871.836735 5059.047619 5234.648526 5402.993197 5598.911565 5793.378685 6310.022676 6671.38322 6952.92517 7124.172336 7386.848073 7571.156463 7767.07483 7904.943311 8113.922902 8279.365079 8443.356009 8645.079365 8822.131519 9015.147392 9218.321995 9411.337868 9968.61678 10341.587302 10624.580499 10826.303855 11074.46712 11238.45805 11402.44898 11566.439909 11771.06576 11988.752834 12519.909297 12881.269841 13161.360544 13551.746032 13859.410431 14030.657596 14207.709751 14396.371882 14566.1678 14751.927438 14928.979592 15107.482993 15268.571429 15428.208617 15621.22449 15802.630385 15936.145125 16136.417234 16341.043084 16902.675737,2033.197279 2253.786848 2422.131519 2606.439909 2798.004535 2977.959184 3186.938776 3365.442177 3565.714286 3725.351474 3905.306122 4091.06576 4262.312925 4439.365079 4599.002268 4793.469388 4995.192744 5143.219955 5353.650794 5507.482993 5732.426304 6238.911565 6590.113379 6900.680272 7109.659864 7233.015873 7462.312925 7653.877551 7845.442177 8009.433107 8227.120181 8388.208617 8560.907029 8752.471655 8925.170068 9142.857143 9346.031746 9894.603175 10258.866213 10576.689342 10794.376417 10932.244898 11193.469388 11338.594104 11522.902494 11673.8322 11901.678005 12431.38322 12805.804989 13104.761905 13309.387755 13625.759637 13939.229025 14136.598639 14291.882086 14481.995465 14659.047619 14839.002268 15029.115646 15210.521542 15386.122449 15541.405896 15746.031746 15889.705215 16058.049887 16269.931973 16821.405896 17184.217687
bird_8_251210_112940.26.wav,aaaaaaaaadddggonhjkblajafdddddaonhjkblaaaaafaaonhjkbldaaaaonhjkblgdhjkbldaaaaadddgconhjkblaaaahj,1979.501134 2158.004535 2342.312925 2535.328798 2723.99093 2893.786848 3105.668934 3266.75737 3413.333333 3590.385488 3764.535147 3941.587302 4136.054422 4330.521542 4491.609977 4686.077098 4881.995465 5350.748299 5715.011338 6000.907029 6212.789116 6479.818594 6648.163265 6855.69161 6995.011338 7198.185941 7373.786848 7572.60771 7746.75737 7944.126984 8251.791383 8417.23356 8610.249433 8819.229025 9343.129252 9694.331066 9972.970522 10174.693878 10552.018141 10717.460317 10920.634921 11091.882086 11290.702948 11425.668934 11601.269841 11784.126984 11923.446712 12119.365079 12312.380952 12831.927438 13204.897959 13482.086168 13688.163265 14023.401361 14188.843537 14362.993197 14544.399093 14735.963719 14875.283447 15082.811791 15284.535147 15836.00907 16197.369615 16483.265306 16663.219955 16917.188209 17095.69161 17272.743764 17769.070295 18120.272109 18410.521542 18597.732426 18899.591837 19184.036281 19374.14966 19562.811791 19754.376417 20015.600907 20178.14059 20347.936508 20527.891156 20719.455782 20915.37415 21056.145125 21236.099773 21445.079365 21941.405896 22304.217687 22588.662132 22800.544218 23082.086168 23266.394558 23476.825397 23656.780045 23922.358277 24452.063492,2036.099773 2240.725624 2438.095238 2631.111111 2822.675737 2996.825397 3178.231293 3334.965986 3519.274376 3699.229025 3882.086168 4051.882086 4252.154195 4439.365079 4599.002268 4813.786848 5276.734694 5642.44898 5942.857143 6144.580499 6315.827664 6559.637188 6754.104308 6935.510204 7106.75737 7308.480726 7479.727891 7687.256236 7857.052154 8173.424036 8347.573696 8527.528345 8749.569161 9272.018141 9626.122449 9919.274376 10138.412698 10276.281179 10624.580499 10816.145125 11019.319728 11189.115646 11376.326531 11522.902494 11688.344671 11859.591837 12040.997732 12258.684807 12744.852608 13123.628118 13413.877551 13640.272109 13786.848073 14104.671202 14283.174603 14458.77551 14637.278912 14823.038549 14994.285714 15211.972789 15757.641723 16113.197279 16435.37415 16651.609977 16769.160998 17028.93424 17197.278912 17683.446712 18040.453515 18348.117914 18578.866213 18713.8322 18988.117914 19281.269841 19488.798186 19667.301587 19851.609977 20092.517007 20279.727891 20464.036281 20649.795918 20838.45805 21003.900227 21162.086168 21369.614512 21854.331066 22228.752834 22534.965986 22742.494331 22903.582766 23169.160998 23376.689342 23562.44898 23729.342404 24379.501134 24729.251701
bird_8_251210_113004.27.wav,addddafaaacnhjkblddddfaaonhjkbadddafaalnhjkbddddddddddgadddobhjkb,1017.324263 1166.802721 1343.854875 1531.06576 1731.337868 1909.84127 2059.319728 2253.786848 2443.900227 2612.244898 2726.893424 2956.190476 3159.365079 3700.680272 4060.589569 4339.229025 4542.403628 4805.079365 4979.229025 5170.793651 5342.040816 5482.811791 5694.693878 5899.319728 6045.895692 6253.424036 6458.049887 7019.68254 7375.238095 7668.390023 8724.897959 8888.888889 9070.294785 9242.993197 9424.399093 9585.487528 9766.893424 9962.811791 10109.387755 10293.696145 10492.517007 11055.600907 11438.730159 11730.430839 12175.963719 12364.62585 12556.190476 12727.437642 12985.759637 13170.068027 13329.705215 13499.501134 13686.712018 13868.117914 14095.963719 14564.716553 14733.061224 14927.528345 15103.129252 15267.120181 15463.038549 15670.566893 16222.040816 16571.791383 16864.943311,1092.789116 1268.390023 1443.99093 1641.360544 1824.217687 1994.013605 2144.943311 2333.605442 2517.913832 2697.868481 2873.469388 3086.802721 3615.056689 3985.124717 4284.081633 4487.256236 4646.893424 4886.349206 5089.52381 5269.478458 5427.664399 5600.362812 5775.963719 5976.235828 6164.897959 6392.743764 6929.705215 7302.675737 7594.376417 7820.770975 8796.00907 8978.866213 9160.272109 9328.61678 9504.217687 9674.013605 9865.578231 10035.37415 10215.328798 10430.113379 10972.879819 11353.106576 11654.965986 11879.909297 12255.782313 12461.85941 12649.070295 12827.573696 13071.38322 13276.00907 13434.195011 13609.795918 13801.360544 13976.961451 14210.612245 14630.022676 14831.746032 15039.274376 15213.424036 15378.866213 15603.809524 16130.612245 16496.326531 16808.344671 17028.93424
bird_8_251210_113036.28.wav,aaaaaaoafdddadddggdgonhjkblgdonhjkblddaafddddgaonhjkblaaaaaafaaaonhjjkblaaaaafaaonhkb,1978.049887 2146.394558 2329.251701 2522.267574 2728.344671 2905.396825 3144.852608 3298.684807 3448.163265 3648.435374 3819.68254 3993.8322 4178.14059 4365.351474 4527.891156 4703.492063 4892.154195 5088.072562 5259.319728 5439.274376 5609.070295 5789.024943 5998.004535 6495.782313 6848.435374 7137.23356 7315.736961 7592.92517 7780.136054 7948.480726 8134.240363 8360.634921 8878.646968 9273.469388 9555.011338 9740.770975 10076.00907 10257.414966 10473.650794 10630.385488 10775.510204 10946.75737 11125.260771 11297.959184 11453.24263 11656.417234 11855.238095 11988.752834 12180.31746 12374.78458 12923.356009 13293.424036 13583.673469 13783.945578 14043.718821 14217.868481 14421.043084 14598.095238 14802.721088 14987.029478 15129.251701 15307.755102 15479.002268 15651.70068 15809.886621 16001.451247 16204.62585 16757.55102 16805.442177 17114.557823 17404.807256 17641.360544 17947.573696 18107.210884 18298.77551 18480.181406 18687.709751 18870.566893 19057.777778 19240.634921 19382.857143 19574.421769 19765.986395 20289.886621 20661.405896,2034.648526 2236.371882 2414.875283 2613.696145 2808.163265 3001.179138 3204.353741 3375.600907 3549.750567 3750.022676 3925.623583 4107.029478 4289.886621 4458.231293 4633.8322 4807.981859 5011.156463 5207.07483 5359.455782 5562.630385 5710.657596 5928.344671 6415.963719 6772.970522 7074.829932 7293.968254 7424.580499 7711.927438 7873.015873 8050.068027 8263.401361 8790.204082 9170.430839 9517.278912 9724.807256 9849.614512 10154.376417 10360.453515 10552.018141 10723.265306 10887.256236 11062.857143 11237.006803 11415.510204 11573.696145 11776.870748 11939.410431 12106.303855 12312.380952 12850.793651 13200.544218 13531.428571 13749.115646 13886.984127 14123.537415 14316.553288 14518.276644 14688.072562 14876.734694 15077.006803 15213.424036 15389.024943 15560.272109 15746.031746 15921.632653 16137.868481 16676.281179 16795.283447 17049.251701 17332.244898 17573.151927 17722.630385 18012.879819 18205.895692 18406.1678 18577.414966 18766.077098 18959.092971 19139.047619 19316.099773 19491.70068 19705.034014 20211.519274 20577.23356 20728.163265
bird_8_251210_113109.29.wav,aaaaaaaaaaafdddgnonhjkddddgohhjkbddafaaonhjkblgdgonhjkbldddaaonhjkbladdfaaonhjkblgddddgaonhjkblddaaaadddaaonhjkblaaaaaaaafnhjkb,1983.854875 2381.496599 2561.451247 2745.759637 2927.165533 3107.120181 3303.038549 3488.798186 3694.875283 3879.183673 4066.394558 4195.555556 4379.863946 4558.367347 4744.126984 4951.655329 5164.988662 5299.954649 5495.873016 5693.24263 6208.435374 6577.052154 6860.045351 7042.902494 7305.578231 7468.117914 7646.621315 7804.807256 8005.079365 8227.120181 8713.287982 9074.648526 9356.190476 9749.478458 9893.151927 10105.034014 10254.512472 10434.46712 10630.385488 10774.058957 10967.07483 11162.993197 11721.723356 12070.022676 12353.015873 12548.93424 12801.451247 12965.442177 13141.043084 13299.229025 13502.403628 13715.736961 14254.14966 14631.473923 14923.174603 15133.605442 15468.843537 15631.38322 15806.984127 15995.646259 16210.430839 16352.653061 16548.571429 16750.294785 17324.988662 17681.995465 17962.086168 18171.06576 18451.156463 18602.086168 18773.333333 18983.764172 19125.986395 19333.514739 19475.736961 19668.752834 19861.768707 20436.462585 20787.664399 21069.206349 21260.770975 21545.21542 21715.011338 21877.55102 22056.054422 22246.1678 22468.208617 22674.285714 22788.93424 22996.462585 23202.539683 23738.049887 24099.410431 24383.854875 24594.285714 24890.340136 25063.038549 25260.408163 25421.496599 25607.256236 25753.8322 25926.530612 26107.936508 26293.696145 26504.126984 26702.947846 26836.462585 27036.734694 27245.714286 27805.895692 28189.024943 28479.274376 28680.997732 28985.759637 29585.124717 29772.335601 29966.802721 30143.854875 30312.199546 30495.056689 30693.877551 30834.648526 31026.213152 31222.131519 31786.666667 32139.319728 32428.117914,2037.55102 2449.705215 2654.331066 2832.834467 3014.240363 3201.451247 3397.369615 3586.031746 3765.986395 3950.294785 4136.054422 4291.337868 4488.707483 4670.113379 4860.226757 5067.755102 5240.453515 5407.346939 5617.777778 6128.61678 6495.782313 6810.702948 7012.426304 7144.489796 7415.873016 7566.802721 7764.172336 7918.004535 8129.886621 8630.566893 9007.891156 9309.750567 9517.278912 9817.687075 9993.287982 10184.852608 10340.136054 10517.188209 10713.106576 10881.451247 11099.138322 11625.941043 11996.00907 12296.417234 12508.29932 12641.814059 12908.843537 13062.675737 13260.045351 13410.975057 13643.174603 14178.684807 14556.00907 14852.063492 15088.61678 15240.997732 15541.405896 15728.61678 15912.92517 16094.331066 16294.603175 16473.106576 16684.988662 17242.267574 17605.079365 17904.036281 18120.272109 18263.945578 18515.011338 18706.575964 18887.981859 19051.972789 19211.609977 19410.430839 19586.031746 19796.462585 20342.131519 20718.004535 21024.217687 21230.294785 21368.163265 21659.863946 21818.049887 21983.492063 22173.605442 22365.170068 22598.820862 22745.396825 22919.546485 23129.977324 23671.292517 24021.043084 24324.353741 24530.430839 24695.873016 24965.804989 25150.113379 25354.739229 25512.92517 25681.269841 25856.870748 26041.179138 26218.231293 26414.14966 26615.873016 26785.668934 26945.306122 27176.054422 27726.077098 28104.852608 28415.419501 28650.521542 28784.036281 29051.06576 29651.882086 29872.471655 30061.133787 30246.893424 30419.591837 30592.290249 30772.244898 30946.394558 31161.179138 31721.360544 32069.659864 32367.165533 32579.047619
bird_8_251210_113245.31.wav,aaaaaaafdddfggdgonhjkblgddddgonhjkblaanonhjkblgdgo,284.444444 471.655329 648.707483 828.662132 1005.714286 1185.668934 1380.136054 1531.06576 1700.861678 1867.755102 2036.099773 2230.566893 2407.619048 2587.573696 2758.820862 2924.263039 3076.643991 3268.208617 3481.54195 3976.417234 4337.777778 4613.514739 4797.823129 5030.022676 5194.013605 5340.589569 5504.580499 5670.022676 5865.941043 6019.773243 6225.85034 6418.866213 6963.0839 7318.639456 7600.181406 7783.038549 8063.129252 8234.376417 8411.428571 8566.712018 8758.276644 8951.292517 9459.229025 9819.138322 10100.680272 10292.244898 10533.151927 10701.496599 10871.292517 11030.929705,346.848073 544.217687 731.428571 917.188209 1107.301587 1271.292517 1454.14966 1615.238095 1803.900227 1979.501134 2146.394558 2307.482993 2522.267574 2705.124717 2860.408163 3046.1678 3195.646259 3395.918367 3896.598639 4269.569161 4565.623583 4767.346939 4905.21542 5138.866213 5292.698413 5455.238095 5626.485261 5777.414966 5982.040816 6135.873016 6357.913832 6886.1678 7241.723356 7550.839002 7762.721088 7883.174603 8145.85034 8318.548753 8482.539683 8678.45805 8887.437642 9386.666667 9759.637188 10048.435374 10266.122449 10406.893424 10649.251701 10797.278912 10990.294785 11144.126984
bird_8_251210_113320.32.wav,aaaaaadfdddggdgonhja,555.827664 747.39229 921.54195 1113.106576 1288.707483 1462.857143 1651.519274 1782.131519 1960.634921 2126.077098 2298.77551 2503.401361 2702.222222 2882.176871 3051.972789 3214.512472 3403.174603 3600.544218 4118.639456 4590.294785,612.426304 821.405896 1012.970522 1200.181406 1381.587302 1552.834467 1731.337868 1886.621315 2059.319728 2232.018141 2404.716553 2632.562358 2819.773243 2975.056689 3168.072562 3316.099773 3542.494331 4035.918367 4382.76644 4659.954649
bird_8_251210_113326.33.wav,aaaafaafddddggddddgaonhjkblaaaaa,525.351474 705.306122 885.260771 1100.045351 1237.913832 1384.489796 1573.151927 1712.471655 1847.437642 2026.14013 2201.54195 2377.142857 2560.0 2761.723356 2932.970522 3102.76644 3287.07483 3459.773243 3655.69161 3860.31746 3993.8322 4192.653061 4394.376417 4925.53288 5291.247166 5566.984127 5748.390023 6323.0839 6546.575964 6736.689342 6952.92517 7159.002268,596.462585 795.283447 978.14059 1172.60771 1320.634921 1474.46712 1650.068027 1785.034014 1960.634921 2132.52947 2317.641723 2488.888889 2674.648526 2874.920635 3033.106576 3220.31746 3406.077098 3578.77551 3773.24263 3937.23356 4105.578231 4320.362812 4837.006803 5205.623583 5513.287982 5716.462585 5858.684807 6382.585034 6640.907029 6833.922902 7051.609977 7251.882086
bird_8_251210_113528.34.wav,aaaaaaaaaafddddddggonhjkblgdgonhjkbla,177.052154 349.750567 520.997732 702.403628 880.907029 1052.154195 1242.267574 1442.539683 1618.14059 1830.022676 1964.988662 2136.235828 2297.324263 2472.92517 2645.623583 2832.834467 3004.081633 3178.231293 3340.770975 3522.176871 3706.485261 3922.721088 4445.170068 4784.761905 5056.145125 5254.965986 5511.836735 5680.181406 5849.977324 6019.773243 6209.886621 6401.451247 6923.900227 7240.272109 7507.301587 7713.378685 7973.151927,242.358277 423.764172 606.621315 792.380952 981.043084 1153.741497 1338.049887 1533.968254 1703.764172 1904.036281 2053.514739 2218.956916 2409.070295 2583.219955 2751.564626 2944.580499 3117.278912 3291.428571 3484.444444 3629.569161 3838.548753 4366.802721 4716.553288 5002.44898 5204.172336 5355.102041 5629.387755 5767.256236 5967.528345 6125.714286 6336.145125 6836.825397 7161.904762 7450.702948 7665.487528 7810.612245 8038.45805
bird_8_251210_113538.35.wav,adaafaohjkblaaddddgaonhjkblaadfaaonhjkblgdhjkblddaaaf,1399.002268 1558.639456 1756.00907 1927.256236 2069.478458 2240.725624 2390.204082 2522.267574 2957.641723 3314.648526 3584.580499 3773.24263 4012.698413 4185.396825 4384.217687 4543.854875 4706.394558 4867.482993 5047.437642 5237.55102 5371.06576 5558.276644 5744.036281 6247.619048 6603.174603 6886.1678 7087.891156 7430.385488 7590.022676 7778.684807 7913.650794 8080.544218 8254.693878 8396.9161 8582.675737 8772.789116 9289.433107 9649.342404 9932.335601 10119.546485 10359.002268 10522.993197 10681.179138 11199.274376 11534.512472 11823.310658 12026.485261 12308.027211 12464.761905 12660.680272 12817.414966 12998.820862 13146.848073,1457.052154 1655.873016 1837.278912 2011.428571 2153.650794 2316.190476 2452.60771 2890.884354 3252.244898 3541.043084 3744.217687 3895.147392 4098.321995 4266.666667 4481.451247 4652.698413 4821.043084 4970.521542 5164.988662 5320.272109 5479.909297 5684.535147 6166.349206 6534.965986 6838.276644 7053.061224 7241.723356 7498.594104 7690.15873 7858.503401 7986.213152 8170.521542 8333.061224 8510.113379 8711.836735 9211.06576 9569.52381 9877.188209 10089.070295 10231.292517 10467.845805 10614.421769 11084.62585 11463.401361 11755.102041 11981.496599 12130.975057 12389.297052 12569.251701 12759.365079 12903.038549 13080.090703 13207.800454
bird_8_251210_113551.36.wav,aaaafggonhjkblaaafaaonhjkbfgdddgaonhjaaaafgdddddd,898.321995 1084.081633 1256.780045 1423.673469 1632.653061 1805.351474 1979.501134 2152.199546 2346.666667 2542.585034 3031.655329 3403.174603 3680.362812 3915.464853 4226.031746 4388.571429 4583.038549 4720.907029 4886.349206 5073.560091 5259.319728 5453.786848 5672.92517 6163.446712 6501.587302 6781.678005 6993.560091 7230.113379 7394.104308 7545.034014 7707.573696 7909.297052 8105.21542 8227.120181 8415.782313 8618.956916 9205.260771 9733.514739 9913.469388 10120.997732 10315.464853 10479.455782 10663.764172 10842.267574 11000.453515 11177.505669 11370.521542 11559.183673 11752.199546,981.043084 1182.76644 1364.172336 1532.517007 1703.764172 1915.646259 2097.052154 2263.945578 2485.986395 2956.190476 3327.709751 3633.922902 3837.097506 4015.600907 4310.204082 4495.963719 4667.210884 4812.335601 4976.326531 5160.634921 5379.773243 5584.399093 6082.176871 6437.732426 6726.530612 6942.76644 7102.403628 7338.956916 7486.984127 7653.877551 7819.319728 8025.396825 8185.034014 8344.671202 8553.650794 9108.027211 9475.192744 9813.333333 10009.251701 10208.072562 10401.088435 10572.335601 10784.217687 10939.501134 11112.199546 11286.349206 11476.462585 11670.929705 11846.530612
bird_8_251210_113903.37.wav,aaaaaaaaaaaafddfaddddddgonhjkblaaaafaaddddfggdhjkblddaoa,1973.696145 2478.730159 2690.612245 2887.981859 3088.253968 3288.526077 3498.956916 3689.070295 3895.147392 4157.823129 4329.070295 4519.183673 4659.954649 4848.61678 5069.206349 5233.197279 5404.444444 5607.619048 5775.963719 5958.820862 6135.873016 6320.181406 6503.038549 6685.895692 6839.727891 7048.707483 7240.272109 7730.793651 8074.739229 8353.378685 8549.297052 9332.970522 9528.888889 9721.904762 9926.530612 10064.399093 10263.219955 10424.30839 10591.201814 10750.839002 10924.988662 11132.517007 11331.337868 11505.487528 11691.247166 11858.14059 12006.1678 12482.176871 12846.439909 13136.689342 13335.510204 13612.698413 13788.29932 14001.632653 14107.892978 14339.773243,2046.258503 2549.84127 2774.78458 2973.605442 3170.975057 3368.344671 3583.129252 3781.950113 3969.160998 4223.129252 4404.535147 4593.197279 4749.931973 4938.594104 5150.47619 5317.369615 5497.324263 5715.011338 5887.709751 6067.664399 6244.716553 6424.671202 6606.077098 6803.446712 6960.181406 7176.417234 7648.072562 8007.981859 8298.231293 8521.723356 8646.530612 9405.53288 9610.15873 9823.492063 10006.349206 10155.827664 10351.746032 10520.090703 10700.045351 10859.68254 11042.539683 11242.811791 11421.315193 11625.941043 11810.249433 11953.922902 12409.614512 12772.426304 13078.639456 13302.131519 13450.15873 13692.517007 13894.240363 14080.0 14252.698413 14429.750567
bird_8_251210_113925.38.wav,aaaafaaddddggonhjkblgdbjkblaaafdaonhjkblddafadfgddddgaonhjkblaaaaddddddfaaonhjkblaaaaafaaadddggonhjkblddaaafaddddfggdgonhjkblaaafaaonhjkaaahjkbldddaonhjkb,1975.147392 2153.650794 2342.312925 2522.267574 2673.197279 2880.725624 3036.00907 3197.097506 3353.8322 3517.823129 3693.424036 3876.281179 4072.199546 4233.287982 4421.950113 4612.063492 5144.671202 5494.421769 5781.768707 5982.040816 6214.240363 6379.68254 6561.088435 7026.938776 7382.494331 7664.036281 7871.564626 8160.362812 8328.707483 8526.077098 8665.396825 8891.791383 9071.746032 9212.517007 9408.435374 9610.15873 10100.680272 10462.040816 10756.643991 10965.623583 11216.689342 11379.229025 11573.696145 11714.46712 11914.739229 12103.401361 12245.623583 12440.090703 12611.337868 12768.072562 12930.612245 13104.761905 13299.229025 13498.049887 13631.564626 13828.93424 14026.303855 14513.922902 14878.185941 15174.240363 15384.671202 16166.893424 16355.555556 16539.863946 16719.818594 16908.480726 17081.179138 17253.877551 17433.8322 17609.433107 17790.839002 17996.9161 18187.029478 18361.179138 18500.498866 18710.929705 18908.29932 19432.199546 19800.816327 20085.260771 20302.947846 20616.417234 20807.981859 20985.034014 21172.244898 21356.553288 21514.739229 21688.888889 21887.709751 22064.761905 22225.85034 22379.68254 22540.770975 22742.494331 22928.253968 23084.988662 23301.22449 23507.301587 23993.469388 24357.732426 24646.530612 24846.802721 25383.764172 25550.657596 25758.185941 25935.238095 26171.791383 26308.208617 26531.70068 26723.265306 26895.963719 27061.405896 27260.226757 27461.950113 27647.709751 27837.823129 27997.460317 28171.609977 28331.247166 28534.421769 28739.047619 29228.117914 29573.514739 29869.569161 30101.768707 30349.931973 30537.142857 30735.963719 30873.8322 31097.324263 31316.462585 31464.489796 31661.85941 31860.680272 32372.970522 32722.721088 33317.732426 33494.78458 33681.995465 33873.560091 34353.922902 34734.14966 35028.752834 35227.573696 35719.546485 35906.75737 36078.004535 36295.69161 36439.365079 36638.185941 36837.006803 37372.517007 37746.938776 38037.188209,2041.904762 2253.786848 2422.131519 2597.732426 2760.272109 2946.031746 3118.730159 3298.684807 3465.578231 3631.020408 3805.170068 3993.8322 4185.396825 4347.936508 4551.111111 5063.401361 5426.213152 5720.816327 5942.857143 6082.176871 6331.791383 6472.562358 6957.278912 7305.578231 7604.535147 7832.380952 7980.408163 8235.827664 8433.197279 8605.895692 8748.117914 8970.15873 9154.46712 9327.165533 9547.755102 10016.507937 10386.575964 10688.435374 10917.732426 11075.918367 11300.861678 11470.657596 11653.514739 11800.090703 11994.557823 12186.122449 12347.210884 12553.287982 12711.473923 12882.721088 13048.163265 13213.605442 13418.231293 13580.770975 13746.213152 13963.900227 14428.29932 14789.659864 15114.739229 15333.877551 15479.002268 16251.06576 16448.435374 16634.195011 16808.344671 17008.61678 17192.92517 17365.623583 17548.480726 17729.886621 17892.426304 18073.8322 18265.396825 18448.253968 18626.75737 18845.895692 19345.124717 19722.44898 20033.015873 20236.190476 20395.827664 20697.687075 20912.471655 21082.267574 21266.575964 21436.371882 21588.752834 21770.15873 21973.333333 22154.739229 22333.24263 22494.331066 22649.614512 22861.496599 23053.061224 23205.442177 23433.287982 23929.614512 24275.011338 24581.22449 24809.070295 24944.036281 25467.936508 25653.696145 25846.712018 26033.922902 26253.061224 26411.247166 26611.519274 26832.108844 27001.904762 27177.505669 27370.521542 27535.963719 27762.358277 27952.471655 28101.950113 28284.807256 28445.895692 28662.131519 29135.238095 29499.501134 29810.068027 30039.365079 30197.55102 30434.104308 30651.791383 30823.038549 30991.38322 31172.789116 31391.927438 31580.589569 31788.117914 32287.346939 32650.15873 32952.018141 33397.55102 33590.566893 33787.936508 34268.29932 34644.172336 34973.605442 35184.036281 35326.258503 35802.267574 36006.893424 36188.29932 36375.510204 36539.501134 36768.798186 37288.344671 37656.961451 37987.845805 38214.240363
bird_8_251210_114006.39.wav,aaaaaaadddfaafggdddfaaonhjkblddafaafnhjkblgdhjaaddfaafggddddaaonhjkaaaaaaaaafaadddaaaaafggonhaaa,1980.952381 2192.834467 2362.630385 2536.780045 2709.478458 2912.653061 3083.900227 3279.818594 3452.517007 3646.984127 3841.451247 3980.770975 4183.945578 4340.680272 4527.891156 4715.102041 4884.897959 5048.888889 5212.879819 5423.310658 5594.557823 5797.732426 5929.795918 6128.61678 6324.535147 6851.337868 7198.185941 7517.460317 7710.47619 7971.70068 8174.875283 8379.501134 8531.882086 8714.739229 8885.986395 9047.07483 9241.54195 9450.521542 9987.482993 10350.294785 10630.385488 10810.340136 11115.102041 11283.446712 11451.791383 11932.154195 12486.530612 12675.192744 12875.464853 13051.06576 13248.435374 13442.902494 13685.260771 13830.385488 14035.011338 14226.575964 14397.823129 14557.460317 14728.707483 14908.662132 15100.226757 15301.950113 15436.9161 15627.029478 15828.752834 16364.263039 16729.977324 17204.535147 17409.160998 17602.176871 17947.573696 18132.231365 18319.092971 18501.950113 18680.453515 18912.653061 19051.972789 19224.671202 19403.174603 19570.068027 19747.120181 19973.514739 20269.569161 20564.172336 20738.321995 20934.240363 21164.988662 21324.62585 21548.117914 21744.036281 21905.124717 22087.981859 22301.315193 22883.265306 23058.866213 23278.004535,2056.417234 2272.653061 2458.412698 2623.854875 2798.004535 2995.37415 3172.426304 3388.662132 3562.811791 3748.571429 3902.403628 4069.297052 4260.861678 4439.365079 4645.442177 4828.29932 4990.839002 5159.183673 5339.138322 5497.324263 5678.730159 5871.746032 6037.188209 6262.131519 6772.970522 7125.623583 7421.678005 7649.52381 7809.160998 8058.77551 8275.011338 8466.575964 8617.505669 8787.301587 8973.061224 9158.820862 9377.959184 9893.151927 10267.573696 10560.725624 10791.473923 10922.086168 11232.653061 11385.034014 11839.274376 12218.049887 12567.800454 12768.072562 12988.662132 13164.263039 13331.156463 13528.526077 13767.981859 13934.875283 14155.464853 14349.931973 14495.056689 14669.206349 14847.709751 15023.310658 15222.131519 15381.768707 15550.113379 15764.897959 16285.895692 16641.451247 16962.176871 17278.548753 17481.723356 17696.507937 18047.709751 18238.080173 18427.936508 18602.086168 18792.199546 18991.020408 19127.437642 19304.489796 19493.151927 19680.362812 19866.122449 20085.260771 20365.351474 20662.857143 20851.519274 21027.120181 21253.514739 21405.895692 21672.92517 21849.977324 22012.517007 22233.106576 22774.421769 22964.535147 23144.489796 23363.628118
bird_8_251210_114041.40.wav,aaaaaaaaafddddddgaohhjkblaaaaddddddfaaonhjkblgddddgoghjkblgdhjkbaaafaaadddggonhj,1986.75737 2159.455782 2348.117914 2532.426304 2700.770975 2889.433107 3056.326531 3301.587302 3490.249433 3623.764172 3787.755102 3963.356009 4138.956916 4318.911565 4500.31746 4703.492063 4892.154195 5092.426304 5224.489796 5408.798186 5613.424036 6130.068027 6478.367347 6771.519274 6971.791383 8012.335601 8218.412698 8399.818594 8576.870748 8764.081633 8930.975057 9105.124717 9279.274376 9467.936508 9634.829932 9827.845805 10004.897959 10167.437642 10305.306122 10512.834467 10713.106576 11219.591837 11572.244898 11850.884354 12029.387755 12276.099773 12437.188209 12602.630385 12775.328798 12949.478458 13141.043084 13302.131519 13490.793651 13699.773243 14230.929705 14585.034014 14869.478458 15056.689342 15357.097506 15521.088435 15693.786848 16187.210884 16544.217687 16844.62585 17338.049887 17499.138322 17660.226757 17853.24263 18017.23356 18197.188209 18359.727891 18526.621315 18699.319728 18870.566893 19057.777778 19244.988662 19395.918367 19591.836735 19789.206349 20323.265306,2037.55102 2234.920635 2430.839002 2623.854875 2799.455782 2983.764172 3160.816327 3387.210884 3552.653061 3705.034014 3899.501134 4078.004535 4247.800454 4430.657596 4616.417234 4815.238095 4999.546485 5175.147392 5339.138322 5549.569161 6035.736961 6410.15873 6707.664399 6916.643991 7063.219955 8081.995465 8317.097506 8497.052154 8672.653061 8875.827664 9049.977324 9225.578231 9398.276644 9584.036281 9749.478458 9925.079365 10087.619048 10245.804989 10425.759637 10643.446712 11145.578231 11502.585034 11798.639456 12010.521542 12142.585034 12387.845805 12535.873016 12715.827664 12889.977324 13064.126984 13260.045351 13413.877551 13633.015873 14158.367347 14511.020408 14815.782313 15033.469388 15164.081633 15470.294785 15622.675737 16105.941043 16467.301587 16790.929705 17012.970522 17416.417234 17590.566893 17753.106576 17928.707483 18094.14966 18277.006803 18452.60771 18639.818594 18809.614512 18988.117914 19169.52381 19356.734694 19514.920635 19732.60771 20247.800454 20600.453515
bird_8_251210_114103.41.wav,aaaaaafaafggonhjkblgddddgaonhjkbloaaafadddggonhkkblaaaaaafaddddfggddddaaaodhjkb,1980.952381 2179.773243 2351.020408 2533.877551 2702.222222 2903.945578 3089.705215 3268.208617 3459.773243 3636.825397 3808.072562 3985.124717 4141.85941 4331.972789 4529.342404 5051.791383 5404.444444 5683.0839 5860.136054 6134.421769 6301.315193 6459.501134 6623.492063 6794.739229 6980.498866 7185.124717 7312.834467 7511.655329 7714.829932 8261.950113 8627.664399 8915.011338 9118.185941 9372.154195 9581.133787 9768.344671 10010.702948 10154.376417 10334.331066 10495.419501 10653.605442 10823.401361 11010.612245 11202.176871 11358.911565 11566.439909 11766.712018 12300.770975 12678.095238 12959.637188 13164.263039 13537.23356 13731.70068 13897.142857 14095.963719 14271.564626 14458.77551 14603.900227 14780.952381 14962.358277 15148.117914 15312.108844 15483.356009 15689.433107 15873.741497 16055.147392 16222.040816 16390.385488 16554.376417 16732.879819 17149.387755 17352.562358 17557.188209 17693.605442 17960.634921 18128.979592 18681.904762 19056.326531 19345.124717,2046.258503 2275.555556 2449.705215 2625.306122 2799.455782 2975.056689 3166.621315 3339.319728 3543.945578 3705.034014 3921.269841 4108.480726 4268.117914 4468.390023 4974.875283 5323.174603 5626.485261 5839.818594 5973.333333 6253.424036 6394.195011 6565.442177 6736.689342 6913.741497 7109.659864 7266.394558 7426.031746 7648.072562 8189.387755 8544.943311 8859.863946 9073.197279 9215.419501 9451.972789 9672.562358 9851.06576 10093.424036 10247.256236 10417.052154 10598.45805 10758.095238 10938.049887 11131.06576 11322.630385 11477.913832 11699.954649 12223.854875 12591.020408 12882.721088 13127.981859 13262.947846 13625.759637 13833.287982 14005.986395 14193.197279 14362.993197 14547.301587 14693.877551 14868.027211 15078.45805 15255.510204 15426.75737 15598.004535 15776.507937 15989.84127 16175.600907 16327.981859 16500.680272 16670.47619 16848.979592 17236.462585 17438.185941 17634.104308 17811.156463 18041.904762 18591.927438 18973.605442 19281.269841 19490.249433
bird_8_251210_114132.42.wav,aaaaaaaaaaaddddddfaafgddddggonhjkblaafddddfnhjkblgdddddgonhjkbladaaafnhjkblgaonhjdddddddddafnhjkb,1983.854875 2176.870748 2359.727891 2549.84127 2713.8322 2919.909297 3121.632653 3314.648526 3523.628118 3689.070295 3880.634921 4059.138322 4230.385488 4392.92517 4577.23356 4770.249433 4973.424036 5153.378685 5360.907029 5537.959184 5685.986395 5870.294785 6035.736961 6199.727891 6381.133787 6550.929705 6743.945578 6935.510204 7089.342404 7285.260771 7478.276644 8034.104308 8391.111111 8662.494331 8840.997732 9134.14966 9318.45805 9460.680272 9665.306122 9840.907029 10009.251701 10199.365079 10401.088435 10612.970522 10816.145125 11356.00907 11692.698413 11985.85034 12167.256236 12406.712018 12577.959184 12757.913832 12950.929705 13126.530612 13291.972789 13493.696145 13648.979592 13875.37415 14078.548753 14635.827664 14985.578231 15277.278912 15490.612245 15873.741497 16047.891156 16226.394558 16407.800454 16599.365079 16745.941043 16952.018141 17149.387755 17695.056689 18047.709751 18319.092971 18516.462585 18857.505669 19051.972789 19186.938776 19382.857143 19581.678005 20157.823129 20736.870748 20906.666667 21082.267574 21291.247166 21481.360544 21661.315193 21832.562358 22076.371882 22250.521542 22460.952381 22581.405896 22799.092971 22999.365079 23559.546485 23910.748299 24203.900227,2043.356009 2258.14059 2454.058957 2649.977324 2831.38322 3011.337868 3205.804989 3395.918367 3606.349206 3784.852608 3989.478458 4160.725624 4340.680272 4507.573696 4691.882086 4879.092971 5069.206349 5246.258503 5439.274376 5611.972789 5761.451247 5984.943311 6140.226757 6312.92517 6497.23356 6668.480726 6862.947846 7048.707483 7199.637188 7420.226757 7947.029478 8315.646259 8605.895692 8822.131519 8944.036281 9219.773243 9408.435374 9557.913832 9779.954649 9952.653061 10123.900227 10315.464853 10538.956916 10752.290249 11286.349206 11625.941043 11920.544218 12138.231293 12268.843537 12528.61678 12685.351474 12878.367347 13055.419501 13241.179138 13421.133787 13609.795918 13762.176871 14000.181406 14542.947846 14915.918367 15210.521542 15442.721088 15587.845805 15956.462585 16150.929705 16338.14059 16506.485261 16686.439909 16864.943311 17092.789116 17622.494331 17967.891156 18265.396825 18485.986395 18628.208617 18977.959184 19136.145125 19303.038549 19523.628118 20059.138322 20446.621315 20810.884354 21016.961451 21191.111111 21401.54195 21598.911565 21770.15873 21945.759637 22180.861678 22349.206349 22539.319728 22691.70068 22935.510204 23471.020408 23836.734694 24134.240363 24272.108844
bird_8_251210_114207.43.wav,aaaaaaaddddfahjkbldddddaggonhjkblaaaonhjkblgdhjaaaaadddgaonhjkbl,1988.208617 2195.736961 2409.070295 2580.31746 2770.430839 2951.836735 3140.498866 3310.294785 3530.884354 3702.131519 3899.501134 4125.895692 4304.399093 4522.086168 4993.741497 5346.394558 5626.485261 5813.696145 6106.848073 6282.44898 6453.696145 6649.614512 6813.605442 6986.303855 7177.868481 7363.628118 7518.911565 7713.378685 7904.943311 8446.258503 8800.362812 9079.002268 9250.249433 9518.730159 9678.367347 9868.480726 10004.897959 10202.267574 10402.539683 10954.013605 11312.471655 11601.269841 11798.639456 12097.596372 12273.197279 12421.22449 12929.160998 13345.668934 13537.23356 13727.346939 13907.301587 14084.353741 14246.893424 14412.335601 14579.229025 14770.793651 14955.102041 15091.519274 15280.181406 15474.648526 16011.609977 16381.678005 16667.573696 16879.455782,2039.002268 2287.165533 2496.145125 2683.356009 2866.213152 3043.265306 3242.086168 3424.943311 3642.630385 3815.328798 4018.503401 4215.873016 4390.022676 4935.69161 5269.478458 5566.984127 5790.47619 5922.539683 6188.117914 6391.292517 6572.698413 6754.104308 6925.351474 7105.306122 7301.22449 7479.727891 7630.657596 7846.893424 8369.342404 8727.800454 9020.952381 9234.285714 9370.702948 9608.707483 9785.759637 9948.29932 10125.351474 10338.684807 10880.0 11234.104308 11524.353741 11759.455782 11901.678005 12209.342404 12373.333333 12846.439909 13183.129252 13441.451247 13641.723356 13830.385488 14023.401361 14181.587302 14355.736961 14529.886621 14699.68254 14886.893424 15033.469388 15206.1678 15418.049887 15917.278912 16304.761905 16600.816327 16838.820862 16981.043084
bird_8_251210_114234.44.wav,aaaaaafadddddggdhjkklgdhjkblaadddgonhjkblafaaonhjkblafadohhjkblfaaonhjkblddaonhjkblaaaaaddddddgaonhj,1963.537415 2147.845805 2323.446712 2513.560091 2699.319728 2918.45805 3067.936508 3244.988662 3401.723356 3570.068027 3738.412698 3912.562358 4085.260771 4262.312925 4446.621315 4617.868481 4793.469388 5281.088435 5620.680272 5892.063492 6077.823129 6321.632653 6482.721088 6652.517007 7129.977324 7479.727891 7761.269841 7948.480726 8230.022676 8427.39229 8588.480726 8765.53288 8939.68254 9131.247166 9295.238095 9480.997732 9674.013605 10206.621315 10554.920635 10830.657596 11055.600907 11297.959184 11508.390023 11633.197279 11820.408163 11961.179138 12157.097506 12347.210884 12913.197279 13296.326531 13573.514739 13765.079365 14005.986395 14167.07483 14336.870748 14529.886621 14677.913832 14872.380952 15101.678005 15621.22449 15982.585034 16272.834467 16470.204082 16699.501134 16899.773243 17072.471655 17224.852608 17412.063492 17615.238095 18136.235828 18487.437642 18784.943311 18966.349206 19423.492063 19562.811791 19739.863946 19883.537415 20083.809524 20278.276644 20805.079365 21157.732426 21445.079365 21683.0839 22249.070295 22397.097506 22597.369615 22823.764172 22984.852608 23159.002268 23317.188209 23484.081633 23666.938776 23832.380952 24015.238095 24245.986395 24425.941043 24560.907029 24756.825397 24967.256236 25504.217687,2053.514739 2239.274376 2414.875283 2607.891156 2793.650794 2988.117914 3124.535147 3342.222222 3512.018141 3677.460317 3842.902494 4008.344671 4199.909297 4378.412698 4568.526077 4712.199546 5207.07483 5553.922902 5838.367347 6053.151927 6185.21542 6434.829932 6574.14966 7050.15873 7415.873016 7713.378685 7918.004535 8055.873016 8324.353741 8523.174603 8704.580499 8884.535147 9048.526077 9270.566893 9401.179138 9615.963719 10129.705215 10486.712018 10794.376417 10996.099773 11152.834467 11399.546485 11559.183673 11717.369615 11903.129252 12080.181406 12286.258503 12820.31746 13206.349206 13538.684807 13740.408163 13878.276644 14097.414966 14249.795918 14419.591837 14614.058957 14791.111111 15002.993197 15553.015873 15904.217687 16206.077098 16436.825397 16573.24263 16785.124717 16995.555556 17158.095238 17333.696145 17549.931973 18052.063492 18411.972789 18713.8322 18928.61678 19073.741497 19506.213152 19662.947846 19828.390023 19995.283447 20210.068027 20741.22449 21088.072562 21375.419501 21610.521542 21765.804989 22321.632653 22503.038549 22696.054422 22900.680272 23073.378685 23260.589569 23428.93424 23591.473923 23788.843537 23932.517007 24129.886621 24357.732426 24507.210884 24674.104308 24899.047619 25434.557823 25787.210884
bird_8_251210_114302.45.wav,aaaaaafddddddcaabnhjkblgdgaon,1973.696145 2150.748299 2339.410431 2528.072562 2689.160998 2893.786848 3044.716553 3229.024943 3391.564626 3565.714286 3726.802721 3918.367347 4089.614512 4262.312925 4449.52381 4632.380952 4770.249433 4963.265306 5189.659864 5713.560091 6069.115646 6344.852608 6540.770975 6804.897959 6970.340136 7145.941043 7350.566893 7482.630385 7690.15873,2049.160998 2239.274376 2435.192744 2631.111111 2786.394558 2969.251701 3144.852608 3340.770975 3503.310658 3680.362812 3845.804989 4027.210884 4205.714286 4371.156463 4524.988662 4702.040816 4877.641723 5099.68254 5638.095238 6003.809524 6305.668934 6501.587302 6651.06576 6919.546485 7070.47619 7259.138322 7426.031746 7601.632653 7800.453515
bird_8_251210_114316.46.wav,aaaaaaaddddddgggonhjkblgdddddonhjkblddaonhjaaaaonhjkblgdhjaaaaaddddgnonhjkb,1980.952381 2166.712018 2325.085639 2515.011338 2723.99093 2914.104308 3083.900227 3243.537415 3404.62585 3590.385488 3758.730159 3944.489796 4121.54195 4331.972789 4532.244898 4744.126984 4902.312925 5102.585034 5311.564626 5848.526077 6195.37415 6475.464853 6648.163265 6919.546485 7086.439909 7247.528345 7415.873016 7600.181406 7768.526077 7987.664399 8174.875283 8375.147392 8916.462585 9279.274376 9560.816327 9745.124717 10023.764172 10184.852608 10383.673469 10528.798186 10721.814059 10926.439909 11453.24263 11953.922902 12136.780045 12322.539683 12535.873016 12691.156463 12889.977324 13090.249433 13646.077098 14008.888889 14293.333333 14479.092971 14809.977324 14971.06576 15149.569161 15663.310658 16155.283447 16319.274376 16515.192744 16680.634921 16885.260771 17065.21542 17242.267574 17429.478458 17603.628118 17796.643991 18002.721088 18136.235828 18345.21542 18535.328798 19073.741497 19461.22449 19757.278912,2044.807256 2247.981859 2426.331586 2600.634921 2802.358277 2986.666667 3176.780045 3356.734694 3527.981859 3697.777778 3867.573696 4047.528345 4224.580499 4445.170068 4655.600907 4860.226757 5015.510204 5244.807256 5770.15873 6121.360544 6417.414966 6629.297052 6765.714286 7018.231293 7166.258503 7353.469388 7529.070295 7695.963719 7870.113379 8108.117914 8311.292517 8842.44898 9215.419501 9496.961451 9716.099773 9853.968254 10103.582766 10283.537415 10467.845805 10646.349206 10865.487528 11374.875283 11737.687075 12033.741497 12236.9161 12424.126984 12618.594104 12804.353741 13030.748299 13569.160998 13933.424036 14226.575964 14454.421769 14593.741497 14918.820862 15069.750567 15577.687075 15959.365079 16229.297052 16423.764172 16619.68254 16795.283447 16989.750567 17174.058957 17354.013605 17549.931973 17712.471655 17915.646259 18089.795918 18247.981859 18474.376417 18989.569161 19372.698413 19696.326531 19825.487528
bird_8_251210_114406.47.wav,aaaaaaaaddddggdgonhjkblgdgoghjkblgdhjkbladdonhjkblafaaonhjkblaaaaddddgoghjkbaaddddgnonhdafagdaonhjkbladdafnhjkbl,1975.147392 2191.38322 2381.496599 2565.804989 2750.113379 2932.970522 3127.437642 3321.904762 3480.090703 3651.337868 3834.195011 4022.857143 4233.287982 4440.816327 4620.770975 4800.725624 4964.716553 5159.183673 5358.004535 5861.587302 6221.496599 6516.099773 6713.469388 6954.376417 7115.464853 7302.675737 7459.410431 7658.231293 7857.052154 8402.721088 8759.727891 9057.23356 9238.639456 9494.058957 9658.049887 9823.492063 10290.793651 10649.251701 10930.793651 11128.163265 11395.192744 11562.086168 11752.199546 11888.61678 12094.693878 12290.612245 12820.31746 13178.77551 13473.378685 13685.260771 13962.44898 14174.331066 14316.553288 14497.959184 14644.535147 14847.709751 15043.628118 15557.369615 15910.022676 16207.528345 16415.056689 16637.097506 16817.052154 17024.580499 17210.340136 17374.331066 17536.870748 17718.276644 17893.877551 18115.918367 18268.29932 18470.022676 18674.648526 19266.75737 19617.959184 19911.111111 20794.920635 20960.362812 21135.963719 21307.210884 21481.360544 21658.412698 21838.367347 22027.029478 22167.800454 22356.462585 22553.8322 23156.099773 23365.079365 23498.594104 23698.866213 23910.748299 24074.739229 24237.278912 24402.721088 24595.736961 24816.326531 25317.006803 25675.464853 25959.909297 26154.376417 26482.358277 26659.410431 26845.170068 27054.14966 27206.530612 27422.76644 27624.489796 28183.219955 28546.031746 28829.024943 29010.430839,2024.489796 2258.14059 2456.961451 2654.331066 2842.993197 3033.106576 3208.707483 3398.820862 3581.678005 3757.278912 3938.684807 4134.603175 4345.034014 4530.793651 4716.553288 4919.727891 5076.462585 5289.795918 5781.768707 6150.385488 6440.634921 6681.54195 6812.154195 7066.122449 7214.14966 7446.349206 7578.412698 7796.099773 8305.487528 8682.811791 8980.31746 9193.650794 9351.836735 9610.15873 9765.442177 10219.68254 10575.238095 10874.195011 11097.687075 11226.848073 11475.011338 11657.868481 11826.213152 12016.326531 12229.659864 12746.303855 13101.85941 13416.780045 13638.820862 13788.29932 14056.780045 14242.539683 14399.274376 14571.972789 14760.634921 14985.578231 15468.843537 15844.716553 16140.770975 16371.519274 16507.936508 16714.013605 16924.444444 17130.521542 17313.378685 17486.077098 17654.421769 17834.376417 18004.172336 18232.018141 18393.106576 18615.147392 19166.621315 19541.043084 19828.390023 20060.589569 20870.385488 21064.852608 21250.612245 21420.408163 21593.106576 21773.061224 21957.369615 22109.750567 22280.997732 22492.879819 23024.036281 23259.138322 23440.544218 23600.181406 23787.39229 24029.750567 24176.326531 24360.634921 24511.564626 24729.251701 25250.249433 25604.353741 25885.895692 26128.253968 26260.31746 26560.725624 26758.095238 26939.501134 27139.773243 27340.045351 27559.183673 28103.401361 28464.761905 28776.780045 28991.564626 29127.981859
bird_8_251210_114458.48.wav,aaaaaaaaaaaddddggdgonhjkbafaafgdddddgaoahjkbldaaafaaonhjkblaaafaadddggonhjkblgdhjkblfaacaaddddkblgdddgonhjkblaaaaaonhjkblgdddddgoghj,1985.306122 2162.358277 2355.37415 2548.390023 2735.600907 2932.970522 3114.376417 3304.489796 3545.396825 3712.290249 3886.439909 4076.553288 4252.154195 4423.401361 4612.063492 4794.920635 4979.229025 5160.634921 5339.138322 5501.678005 5696.145125 5896.417234 6413.061224 6780.226757 7070.47619 7426.031746 7640.816327 7796.099773 7987.664399 8128.435374 8320.0 8491.247166 8661.043084 8823.582766 8994.829932 9182.040816 9382.312925 9576.780045 9708.843537 9906.213152 10113.741497 10639.092971 11012.063492 11286.349206 11476.462585 11762.358277 11927.800454 12123.718821 12316.734694 12454.603175 12638.911565 12830.47619 12968.344671 13167.165533 13357.278912 13913.106576 14257.052154 14537.142857 14743.219955 15030.566893 15236.643991 15415.147392 15603.809524 15770.702948 15952.108844 16113.197279 16274.285714 16444.081633 16629.84127 16822.857143 16994.104308 17165.351474 17377.23356 17880.816327 18232.018141 18513.560091 18694.965986 19020.045351 19186.938776 19349.478458 19850.15873 20201.360544 20491.609977 20675.918367 20987.936508 21147.573696 21346.394558 21455.238095 21656.961451 21815.147392 21993.650794 22150.385488 22318.730159 22524.807256 22855.69161 23131.428571 23322.993197 23568.253968 23743.854875 23928.163265 24109.569161 24305.487528 24462.222222 24659.591837 24846.802721 25395.37415 25771.247166 26064.399093 26248.707483 26850.975057 26999.002268 27187.664399 27366.1678 27566.439909 27707.210884 27914.739229 28117.913832 28682.44898 29049.614512 29335.510204 29531.428571 29801.360544 29968.253968 30146.75737 30331.06576 30515.37415 30686.621315 30882.539683 31046.530612 31240.997732 31442.721088 32013.061224,2017.23356 2236.371882 2432.290249 2629.659864 2827.029478 3030.204082 3211.609977 3400.272109 3612.154195 3784.852608 3970.612245 4179.591837 4362.44898 4527.891156 4725.260771 4911.020408 5104.036281 5260.770975 5449.433107 5610.521542 5825.306122 6333.24263 6698.956916 7000.816327 7231.564626 7514.557823 7709.024943 7873.015873 8067.482993 8219.863946 8441.904762 8597.188209 8771.337868 8938.231293 9109.478458 9298.14059 9504.217687 9658.049887 9824.943311 10036.825397 10572.335601 10924.988662 11232.653061 11445.986395 11582.403628 11843.628118 12023.582766 12209.342404 12390.748299 12551.836735 12714.376417 12903.038549 13085.895692 13306.485261 13824.580499 14185.941043 14492.154195 14704.036281 14847.709751 15114.739229 15329.52381 15503.673469 15689.433107 15856.326531 16042.086168 16224.943311 16384.580499 16560.181406 16750.294785 16934.603175 17092.789116 17304.671202 17798.095238 18168.163265 18461.315193 18674.648526 18808.163265 19131.791383 19282.721088 19767.437642 20125.895692 20436.462585 20657.052154 20786.213152 21054.693878 21236.099773 21432.018141 21565.53288 21738.231293 21916.734694 22099.591837 22265.034014 22433.378685 22793.287982 23076.281179 23298.321995 23433.287982 23684.353741 23839.637188 24042.811791 24222.76644 24424.489796 24573.968254 24796.00907 25325.714286 25692.879819 25991.836735 26205.170068 26357.55102 26926.439909 27096.235828 27292.154195 27463.401361 27657.868481 27833.469388 28049.705215 28602.630385 28978.503401 29276.00907 29496.598639 29640.272109 29916.00907 30072.743764 30258.503401 30437.006803 30625.668934 30798.367347 31008.798186 31159.727891 31380.31746 31917.278912 32282.993197
bird_8_251210_114657.49.wav,aaaaaaaaafaafgdddaonhjbblgdgonhjkblgnonhjkbaaaafaaddddaonhjbaaddfadddgaonhjkblgdhjkblbdgddfanonhjkbldfaafggonhjkbaaaafaaonhjkblgdhjkaaadddaonhjkbldddfaafaddddgaonhjkbldddbaonhjkbl,1967.891156 2142.040816 2333.605442 2535.328798 2708.027211 2895.238095 3078.095238 3272.562358 3485.895692 3661.496599 3835.646259 4038.820862 4173.786848 4363.900227 4549.659864 4709.297052 4880.544218 5060.498866 5207.07483 5405.895692 5603.265306 6092.335601 6442.086168 6713.469388 6918.095238 7137.23356 7295.419501 7473.922902 7624.852608 7832.380952 8028.29932 8524.62585 8867.120181 9148.662132 9347.482993 9598.548753 9782.857143 9922.176871 10112.290249 10303.854875 10788.571429 11147.029478 11444.535147 11834.920635 12007.619048 12180.31746 12363.174603 12492.335601 12646.1678 12824.671202 12975.600907 13132.335601 13290.521542 13469.024943 13656.235828 13789.750567 13981.315193 14181.587302 14688.072562 15063.945578 15875.192744 16040.634921 16222.040816 16409.251701 16555.827664 16716.9161 16872.199546 17031.836735 17205.986395 17391.746032 17576.054422 17712.471655 17899.68254 18091.247166 18573.061224 18928.61678 19208.707483 19391.564626 19680.362812 19842.902494 19999.637188 20474.195011 20816.689342 21098.231293 21313.015873 21540.861678 21713.560091 21894.965986 22083.628118 22253.424036 22449.342404 22595.918367 22815.056689 22944.217687 23144.489796 23334.603175 23880.272109 24238.730159 24527.528345 24711.836735 24996.281179 25198.004535 25350.385488 25559.365079 25698.684807 25898.956916 26087.619048 26257.414966 26444.62585 26643.446712 27149.931973 27527.256236 27813.151927 28196.281179 28405.260771 28595.37415 28818.866213 28945.124717 29112.018141 29309.387755 29447.256236 29647.528345 29843.446712 30339.773243 30705.487528 30994.285714 31216.326531 31434.013605 31599.455782 31770.702948 32232.199546 32597.913832 33049.251701 33258.231293 33442.539683 33625.396825 33799.546485 33996.9161 34237.823129 34381.496599 34577.414966 34777.687075 35324.807256 35703.582766 36006.893424 36234.739229 36580.136054 36733.968254 36925.53288 37076.462585 37256.417234 37442.176871 37635.192744 37832.562358 38006.712018 38164.897959 38330.340136 38503.038549 38684.444444 38871.655329 39009.52381 39202.539683 39397.006803 39947.029478 40306.938776 40588.480726 40788.752834 41044.172336 41224.126984 41402.630385 41605.804989 41808.979592 41945.396825 42132.60771 42351.746032 42881.451247 43258.77551 43544.671202 43771.06576,2020.136054 2217.505669 2400.362812 2609.342404 2798.004535 2998.276644 3185.487528 3356.734694 3564.263039 3735.510204 3908.208617 4108.480726 4257.959184 4475.646259 4643.99093 4816.689342 4986.485261 5164.988662 5324.62585 5539.410431 6035.736961 6363.718821 6668.480726 6873.106576 7010.975057 7248.979592 7388.29932 7587.120181 7745.306122 7962.993197 8444.807256 8806.1678 9090.612245 9312.653061 9451.972789 9714.648526 9868.480726 10033.922902 10248.707483 10701.496599 11057.052154 11389.387755 11604.172336 11908.93424 12080.181406 12260.136054 12432.834467 12573.605442 12731.791383 12904.489796 13080.090703 13246.984127 13410.975057 13583.673469 13734.603175 13901.496599 14113.378685 14608.253968 14978.321995 15214.875283 15949.206349 16142.222222 16320.725624 16478.911565 16632.743764 16799.637188 16981.043084 17149.387755 17317.732426 17509.297052 17652.970522 17819.863946 18033.197279 18496.145125 18856.054422 19153.560091 19369.795918 19503.310658 19800.816327 19940.136054 20385.668934 20754.285714 21053.24263 21262.222222 21401.54195 21659.863946 21815.147392 21993.650794 22193.922902 22359.365079 22520.453515 22681.54195 22886.1678 23058.866213 23273.650794 23807.709751 24169.070295 24481.088435 24682.811791 24814.875283 25073.197279 25250.249433 25430.204082 25634.829932 25804.62585 26020.861678 26209.52381 26369.160998 26583.945578 27073.015873 27450.340136 27753.650794 27974.240363 28276.099773 28498.14059 28710.022676 28882.721088 29019.138322 29194.739229 29383.401361 29560.453515 29773.786848 30259.954649 30631.473923 30944.943311 31155.37415 31297.596372 31553.015873 31696.689342 32168.344671 32516.643991 32819.954649 33129.070295 33361.269841 33547.029478 33738.594104 33898.231293 34104.30839 34311.836735 34485.986395 34697.868481 35244.988662 35620.861678 35937.23356 36157.823129 36323.265306 36655.600907 36823.945578 37005.351474 37146.122449 37331.882086 37517.641723 37719.365079 37908.027211 38114.104308 38267.936508 38437.732426 38607.528345 38799.092971 38954.376417 39116.9161 39331.70068 39851.247166 40225.668934 40523.174603 40743.764172 40881.632653 41132.698413 41331.519274 41508.571429 41726.258503 41885.895692 42055.69161 42269.024943 42805.986395 43165.895692 43483.718821 43702.857143 43861.043084
bird_8_251210_114745.50.wav,aaaaafaafdddddggonhjkblaaafaaonhjkblddgonhjkblaaaafaafaaddddggonhjkbl,1983.854875 2147.845805 2332.154195 2503.401361 2747.210884 2946.031746 3125.986395 3300.136054 3455.419501 3613.605442 3781.950113 3945.941043 4128.798186 4310.204082 4504.671202 4680.272109 4851.519274 5040.181406 5241.904762 5770.15873 6130.068027 6411.609977 6597.369615 6890.521542 7073.378685 7285.260771 7431.836735 7590.022676 7775.782313 7920.907029 8106.666667 8327.256236 8819.229025 9177.687075 9449.070295 9660.952381 9904.761905 10067.301587 10250.15873 10409.795918 10612.970522 10813.24263 11351.655329 11715.918367 11996.00907 12187.573696 12470.566893 12641.814059 12863.854875 13064.126984 13212.154195 13395.011338 13596.734694 13750.566893 13949.387755 14132.244898 14286.077098 14458.77551 14625.668934 14804.172336 14997.188209 15184.399093 15323.718821 15513.8322 15708.29932 16267.029478 16624.036281 16918.639456 17142.131519,2041.904762 2230.566893 2416.326531 2583.219955 2811.06576 3014.240363 3198.548753 3375.600907 3526.530612 3722.44898 3884.988662 4037.369615 4241.995465 4416.145125 4620.770975 4799.274376 4960.362812 5173.696145 5694.693878 6056.054422 6339.047619 6579.954649 6700.408163 6964.535147 7160.453515 7363.628118 7524.716553 7672.743764 7848.344671 8025.396825 8227.120181 8746.666667 9094.965986 9414.240363 9597.097506 9761.088435 10015.056689 10165.986395 10369.160998 10522.993197 10740.680272 11281.995465 11640.453515 11926.349206 12145.487528 12294.965986 12540.226757 12731.791383 12948.027211 13138.14059 13307.936508 13471.927438 13675.102041 13839.092971 14030.657596 14226.575964 14394.920635 14563.265306 14725.804989 14914.46712 15101.678005 15265.668934 15426.75737 15640.090703 16181.405896 16551.473923 16848.979592 17066.666667 17223.401361
bird_8_251210_114811.51.wav,aaaaaaaafadfddddhafgdgonhjkblaaafdaoghjkbldadonhjkbladonhjaaadddddgaonhjkblddafaaonhjkbl,1978.049887 2204.444444 2394.557823 2580.31746 2758.820862 2944.580499 3110.022676 3314.648526 3475.736961 3654.240363 3845.804989 4050.430839 4226.031746 4400.181406 4585.941043 4757.188209 4941.496599 5294.14966 5488.61678 5659.863946 5836.9161 6011.06576 6170.702948 6373.877551 6571.247166 7096.598639 7436.190476 7724.988662 7948.480726 8256.145125 8430.294785 8617.505669 8762.630385 8933.877551 9118.185941 9263.310658 9454.875283 9655.147392 10168.888889 10499.773243 10769.705215 10978.684807 11237.006803 11421.315193 11605.623583 11768.163265 11971.337868 12174.512472 12728.888889 13109.115646 13399.365079 13605.442177 13850.702948 14042.267574 14178.684807 14384.761905 14603.900227 15142.312925 16156.734694 16325.079365 16515.192744 16705.306122 16901.22449 17071.020408 17237.913832 17407.709751 17596.371882 17795.192744 17930.15873 18117.369615 18320.544218 18877.823129 19252.244898 19543.945578 19744.217687 20086.712018 20255.056689 20485.804989 20674.46712 20832.653061 21034.376417 21172.244898 21368.163265 21568.435374 22118.45805 22475.464853 22758.45805 22965.986395,2040.453515 2269.750567 2483.0839 2661.587302 2842.993197 3027.301587 3202.902494 3379.954649 3535.238095 3729.705215 3938.684807 4111.38322 4329.070295 4503.219955 4684.62585 4866.031746 5183.854875 5369.614512 5574.240363 5777.414966 5923.99093 6127.165533 6286.802721 6501.587302 7016.780045 7367.981859 7662.585034 7878.820862 8052.970522 8338.866213 8523.174603 8700.226757 8835.192744 9018.049887 9198.004535 9380.861678 9589.84127 10099.229025 10427.210884 10727.619048 10952.562358 11086.077098 11319.727891 11506.938776 11682.539683 11875.555556 12099.047619 12618.594104 13024.943311 13339.863946 13567.709751 13712.834467 13939.229025 14113.378685 14290.430839 14509.569161 15063.945578 15416.598639 16233.650794 16416.507937 16612.426304 16802.539683 16999.909297 17181.315193 17346.75737 17526.712018 17715.37415 17875.011338 18046.258503 18253.786848 18787.845805 19166.621315 19493.151927 19705.034014 19845.804989 20165.079365 20334.875283 20571.428571 20760.090703 20921.179138 21111.292517 21291.247166 21508.93424 22022.675737 22400.0 22713.469388 22918.095238 23070.47619
bird_8_251210_114838.52.wav,aaaaaaaaadddddggddddgaonhjkblgdhjkblaaladdgonhjkblaadfaaonhjkbaadaafghjaaafaaaddddgaonhjk,1988.208617 2182.675737 2372.789116 2565.804989 2735.600907 2924.263039 3120.181406 3303.038549 3484.444444 3646.984127 3813.877551 4003.99093 4186.848073 4347.936508 4555.464853 4749.931973 4916.825397 5085.170068 5256.417234 5432.018141 5613.424036 5820.952381 5953.015873 6159.092971 6347.755102 6883.265306 7231.564626 7516.00907 7707.573696 7947.029478 8126.984127 8299.68254 8768.435374 9129.795918 9418.594104 9610.15873 9874.285714 10083.265306 10240.0 10450.430839 10630.385488 10803.0839 11007.709751 11171.70068 11358.911565 11556.281179 12125.170068 12502.494331 12778.231293 12959.637188 13281.814059 13496.598639 13676.553288 13834.739229 14037.913832 14203.356009 14357.188209 14551.655329 14767.891156 15245.351474 15602.358277 15886.802721 16291.70068 16445.53288 16628.390023 16809.795918 17018.77551 17165.351474 17404.807256 17609.433107 18143.492063 18609.342404 18777.687075 18985.21542 19133.24263 19340.770975 19530.884354 19705.034014 19886.439909 20086.712018 20272.471655 20440.816327 20632.380952 20828.29932 20961.814059 21157.732426 21376.870748 21925.442177 22288.253968,2041.904762 2269.750567 2458.412698 2642.721088 2829.931973 3027.301587 3201.451247 3403.174603 3570.068027 3747.120181 3919.818594 4117.188209 4292.789116 4464.036281 4673.015873 4870.385488 5024.217687 5201.269841 5363.809524 5542.312925 5736.780045 5900.770975 6066.213152 6295.510204 6800.544218 7159.002268 7469.569161 7677.097506 7810.612245 8067.482993 8222.76644 8690.068027 9051.428571 9370.702948 9579.68254 9707.39229 9952.653061 10161.632653 10347.39229 10566.530612 10739.229025 10923.537415 11128.163265 11279.092971 11495.328798 12038.095238 12409.614512 12736.145125 12926.258503 13068.480726 13360.181406 13592.380952 13769.433107 13902.947846 14111.927438 14288.979592 14470.385488 14682.267574 15164.081633 15510.929705 15821.496599 16047.891156 16367.165533 16544.217687 16729.977324 16901.22449 17105.85034 17326.439909 17544.126984 18075.283447 18422.131519 18683.356009 18869.115646 19069.387755 19237.732426 19419.138322 19612.154195 19803.718821 19995.283447 20194.104308 20378.412698 20556.9161 20751.38322 20915.37415 21077.913832 21292.698413 21832.562358 22214.240363 22503.038549
bird_8_251210_114904.53.wav,aaaaaddfaonhjkb,1982.403628 2168.163265 2353.922902 2545.487528 2718.185941 2908.29932 3075.192744 3268.208617 3426.394558 3574.421769 3760.181406 3963.356009 4498.866213 4841.360544 5121.451247,2047.709751 2256.689342 2438.095238 2636.9161 2808.163265 3006.984127 3182.585034 3352.380952 3501.85941 3681.814059 3893.696145 4411.791383 4754.285714 5079.365079 5288.344671
bird_8_251210_114919.54.wav,aaaaaafaafddddggonhjkblgdgonhjkblgdhjddaaafaafddddgaonhjkblaaaaafaaonhjdaaaonhjkblddaaaddfaaonhjkbla,1982.403628 2173.968254 2356.825397 2529.52381 2722.539683 2901.043084 3043.265306 3247.891156 3452.517007 3597.641723 3771.791383 3944.489796 4108.480726 4282.630385 4484.353741 4671.564626 4823.945578 5027.120181 5228.843537 5758.548753 6124.263039 6404.353741 6597.369615 6857.142857 7022.585034 7203.99093 7363.628118 7565.351474 7768.526077 8305.487528 8646.530612 8926.621315 9150.113379 9401.179138 9568.072562 9746.575964 10222.585034 10807.437642 11004.807256 11187.664399 11363.265306 11543.219955 11681.088435 11904.580499 12088.888889 12239.818594 12411.06576 12583.764172 12770.975057 12956.734694 13177.324263 13381.950113 13503.854875 13699.773243 13885.53288 14419.591837 14785.306122 15065.396825 15274.376417 15513.8322 15687.981859 15876.643991 16055.147392 16258.321995 16400.544218 16584.852608 16773.514739 16914.285714 17114.557823 17319.183673 17837.278912 18339.410431 18500.498866 18705.124717 18912.653061 19054.875283 19253.696145 19456.870748 19983.673469 20347.936508 20628.027211 20807.981859 21156.281179 21326.077098 21514.739229 21709.206349 21910.929705 22083.628118 22257.777778 22452.244898 22620.589569 22807.800454 22948.571429 23143.038549 23346.213152 23903.492063 24251.791383 24539.138322 24807.619048 25135.600907,2043.356009 2246.530612 2448.253968 2623.854875 2800.907029 2973.605442 3130.340136 3320.453515 3522.176871 3670.204082 3871.927438 4053.333333 4223.129252 4385.668934 4594.648526 4786.213152 4935.69161 5156.281179 5677.278912 6054.603175 6340.498866 6550.929705 6697.505669 6967.437642 7114.013605 7318.639456 7469.569161 7693.061224 8230.022676 8579.773243 8884.535147 9093.514739 9242.993197 9515.827664 9662.403628 10150.022676 10515.736961 10895.963719 11091.882086 11277.641723 11456.145125 11621.587302 11794.285714 11981.496599 12167.256236 12328.344671 12522.811791 12686.802721 12889.977324 13065.578231 13297.777778 13448.707483 13611.247166 13824.580499 14320.907029 14712.743764 15021.85941 15225.034014 15373.061224 15589.297052 15789.569161 15979.68254 16133.514739 16335.238095 16510.839002 16669.024943 16850.430839 17036.190476 17248.072562 17756.00907 18115.918367 18414.875283 18583.219955 18790.748299 18989.569161 19163.718821 19387.210884 19912.562358 20278.276644 20572.879819 20792.018141 20922.630385 21243.356009 21432.018141 21617.777778 21800.634921 22002.358277 22191.020408 22369.52381 22526.258503 22701.85941 22886.1678 23061.768707 23275.102041 23820.770975 24179.229025 24488.344671 24706.031746 24858.412698 25215.419501
bird_8_251210_115004.55.wav,aaaaaaaafaaonhjkblgdgonhjkblaaafaaafgddddgaonhjkblgdhjkbldaafaaonhjkbladaonhjkblddaaaogganhjkblaaaonhjddfaaonhjkbaaaaaaadfaaonhbk,1972.244898 2175.419501 2358.276644 2544.036281 2725.442177 2908.29932 3092.60771 3324.807256 3527.981859 3718.095238 3896.598639 4027.210884 4249.251701 4450.975057 4969.070295 5326.077098 5603.265306 5807.891156 6098.14059 6262.131519 6446.439909 6608.979592 6806.349206 7002.267574 7472.471655 7849.795918 8124.081633 8321.451247 8613.151927 8785.85034 9013.696145 9196.553288 9369.251701 9556.462585 9734.965986 9880.090703 10080.362812 10247.256236 10403.99093 10572.335601 10736.326531 10914.829932 11148.480726 11274.739229 11470.657596 11668.027211 12161.451247 12537.324263 12829.024943 13023.492063 13302.131519 13473.378685 13619.954649 14090.15873 14455.873016 14741.768707 14944.943311 15280.181406 15441.269841 15613.968254 15783.764172 15915.827664 16103.038549 16275.736961 16468.752834 16667.573696 17192.92517 17551.38322 17847.437642 18059.319728 18337.959184 18533.877551 18739.954649 18886.530612 19091.156463 19282.721088 19815.328798 20160.725624 20443.718821 20638.185941 20956.00907 21121.451247 21327.528345 21519.092971 21710.657596 21851.428571 22060.408163 22251.972789 22424.671202 22622.040816 22823.764172 23320.090703 23678.548753 23962.993197 24160.362812 24417.23356 24585.578231 24769.886621 24930.975057 25131.247166 25341.678005 25859.773243 26373.514739 26536.054422 26756.643991 26917.732426 27113.650794 27261.678005 27464.852608 27666.575964 28213.696145 28593.922902 28900.136054 29325.351474 29537.23356 29727.346939 29910.204082 30103.219955 30286.077098 30516.825397 30696.780045 30833.197279 31052.335601 31217.777778 31370.15873 31571.882086 31769.251701 32284.444444 32648.707483,2018.684807 2249.433107 2443.900227 2632.562358 2825.578231 3001.179138 3186.938776 3395.918367 3617.959184 3787.755102 3970.612245 4157.823129 4366.802721 4861.678005 5253.514739 5551.020408 5764.353741 5912.380952 6204.081633 6353.560091 6558.185941 6714.920635 6935.510204 7392.653061 7768.526077 8079.092971 8282.267574 8424.489796 8687.165533 8881.632653 9092.063492 9274.920635 9446.1678 9640.634921 9820.589569 9977.324263 10197.913832 10347.39229 10515.736961 10678.276644 10846.621315 11042.539683 11222.494331 11382.131519 11602.721088 12090.340136 12463.310658 12775.328798 12993.015873 13125.079365 13413.877551 13556.099773 14014.693878 14378.956916 14670.657596 14910.113379 15046.530612 15345.487528 15528.344671 15698.14059 15856.326531 15988.390023 16198.820862 16390.385488 16597.913832 17105.85034 17477.369615 17793.741497 17999.818594 18155.102041 18423.582766 18623.854875 18819.773243 19001.179138 19220.31746 19731.156463 20086.712018 20381.315193 20610.612245 20752.834467 21028.571429 21221.587302 21434.920635 21613.424036 21799.183673 21937.052154 22173.605442 22365.170068 22529.160998 22751.201814 23227.210884 23603.0839 23912.199546 24137.142857 24257.596372 24527.528345 24684.263039 24877.278912 25039.818594 25260.408163 25788.662132 26135.510204 26447.528345 26650.702948 26826.303855 26994.648526 27200.725624 27382.131519 27582.403628 28135.328798 28499.591837 28833.378685 29053.968254 29400.816327 29633.015873 29828.93424 30001.632653 30203.356009 30387.664399 30600.997732 30779.501134 30943.492063 31132.154195 31299.047619 31483.356009 31699.591837 32201.723356 32579.047619 32821.405896
bird_8_251210_120110.56.wav,laaaaaaaaaafafddddggddgoaaaaaaaafaaldddddggdgonhjkblgcoaaaaafaaaaaonhjkb,1618.14059 1795.192744 1973.696145 2152.199546 2345.21542 2538.231293 2716.734694 2956.190476 3134.693878 3324.807256 3559.909297 3713.741497 3945.941043 4066.394558 4246.349206 4419.047619 4601.904762 4786.213152 5003.900227 5202.721088 5365.260771 5549.569161 5765.804989 5910.929705 6291.156463 6471.111111 6682.993197 6870.204082 7060.31746 7270.748299 7463.764172 7656.780045 7785.941043 7962.993197 8157.460317 8305.487528 8505.759637 8677.006803 8854.058957 9025.306122 9205.260771 9398.276644 9585.487528 9752.380952 9935.238095 10097.777778 10292.244898 10488.163265 10956.9161 11305.21542 11591.111111 11797.188209 12048.253968 12242.721088 12374.78458 12757.913832 12942.222222 13149.750567 13326.802721 13553.197279 13691.06576 13911.655329 14078.548753 14238.185941 14474.739229 14650.340136 14795.464853 15002.993197 15194.557823 15657.505669 16000.0 16290.249433,1654.421769 1856.145125 2050.612245 2247.981859 2429.387755 2618.049887 2796.553288 3028.752834 3214.512472 3406.077098 3631.020408 3800.816327 3993.8322 4152.018141 4340.680272 4535.147392 4702.040816 4896.507937 5114.195011 5317.369615 5462.494331 5659.863946 5873.197279 6040.090703 6379.68254 6577.052154 6780.226757 6967.437642 7143.038549 7370.884354 7546.485261 7724.988662 7854.14966 8045.714286 8231.473923 8408.526077 8613.151927 8791.655329 8967.256236 9134.14966 9321.360544 9511.473923 9707.39229 9849.614512 10055.69161 10208.072562 10419.954649 10881.451247 11235.555556 11544.671202 11750.748299 11906.031746 12170.15873 12318.185941 12492.335601 12824.671202 13024.943311 13255.69161 13409.52381 13627.210884 13789.750567 14023.401361 14168.526077 14367.346939 14579.229025 14735.963719 14911.564626 15133.605442 15579.138322 15930.340136 16226.394558 16454.240363
bird_8_251210_120125.57.wav,aaaaafaafdddggonhjkblgdhjkblaaaoadaa,966.530612 1160.997732 1351.111111 1538.321995 1760.362812 1915.646259 2073.8322 2246.530612 2378.594104 2562.902494 2735.600907 2918.45805 3105.668934 3300.136054 3449.614512 3660.045351 3851.609977 4359.546485 4707.845805 4992.290249 5188.208617 5461.043084 5620.680272 5796.281179 6238.911565 6598.820862 6883.265306 7106.75737 7356.371882 7555.192744 7732.244898 7875.918367 8235.827664 8407.07483 8602.993197 8827.936508,1031.836735 1253.877551 1438.185941 1628.29932 1840.181406 1980.952381 2153.650794 2320.544218 2491.791383 2677.55102 2844.444444 3027.301587 3230.47619 3416.235828 3575.873016 3786.303855 4288.435374 4645.442177 4947.301587 5162.086168 5297.052154 5577.142857 5719.365079 6172.154195 6529.160998 6820.861678 7050.15873 7206.893424 7436.190476 7655.328798 7814.965986 7990.566893 8317.097506 8502.857143 8719.092971 8913.560091
bird_8_251210_120143.58.wav,aaaaaaaaafaafdddddgggggonhjkbfdddafdaddddggonhjkblgdhjkaaa,1808.253968 1973.696145 2130.430839 2313.287982 2494.693878 2671.746032 2863.310658 3036.00907 3220.31746 3365.442177 3564.263039 3751.473923 3899.501134 4078.004535 4241.995465 4416.145125 4583.038549 4751.38322 4940.045351 5131.609977 5314.46712 5481.360544 5688.888889 5839.818594 6041.54195 6244.716553 6739.591837 7089.342404 7369.433107 7585.668934 7855.600907 8028.29932 8234.376417 8431.746032 8585.578231 8755.37415 8944.036281 9110.929705 9287.981859 9475.192744 9671.111111 9848.163265 10044.081633 10213.877551 10409.795918 10624.580499 11086.077098 11435.827664 11717.369615 11942.312925 12173.061224 12337.052154 12509.750567 12969.795918 13331.156463 13736.054422 14048.072562 14278.820862,1856.145125 2046.258503 2230.566893 2398.911565 2590.47619 2763.174603 2940.226757 3115.827664 3295.782313 3445.260771 3645.53288 3829.84127 3982.222222 4179.591837 4347.936508 4517.732426 4684.62585 4858.77551 5061.950113 5252.063492 5402.993197 5606.1678 5802.086168 5957.369615 6170.702948 6665.578231 7016.780045 7311.38322 7521.814059 7680.0 7932.517007 8108.117914 8315.646259 8505.759637 8656.689342 8819.229025 9029.659864 9216.870748 9393.922902 9581.133787 9781.405896 9972.970522 10170.340136 10322.721088 10538.956916 11020.770975 11356.00907 11666.575964 11878.45805 12039.546485 12287.709751 12437.188209 12894.331066 13249.886621 13556.099773 13795.555556 14103.219955 14358.639456
bird_8_251210_120215.60.wav,aaaaaddddggddddgaonhjkblfdhjkbl,1976.598639 2166.712018 2351.020408 2545.487528 2735.600907 2901.043084 3062.131519 3243.537415 3410.430839 3594.739229 3777.596372 3951.746032 4112.834467 4286.984127 4462.585034 4661.405896 4852.970522 4974.875283 5188.208617 5388.480726 5880.453515 6220.045351 6494.331066 6690.249433 6929.705215 7096.598639 7285.260771 7732.244898 8084.897959 8379.501134 8556.553288,2047.709751 2249.433107 2449.705215 2636.9161 2824.126984 3008.435374 3173.877551 3361.088435 3526.530612 3716.643991 3898.049887 4051.882086 4223.129252 4398.730159 4572.879819 4781.85941 4942.947846 5102.585034 5321.723356 5802.086168 6159.092971 6430.47619 6645.260771 6799.092971 7050.15873 7188.027211 7648.072562 8015.238095 8325.804989 8536.235828 8681.360544
bird_8_251210_120242.61.wav,aaaaaaadfggdgonhjkblgdgonhjk,783.673469 1046.349206 1229.206349 1401.904762 1574.603175 1748.752834 1978.049887 2178.321995 2343.764172 2548.390023 2745.759637 2912.653061 3085.351474 3236.281179 3430.748299 3652.789116 4133.151927 4481.451247 4757.188209 4958.911565 5194.013605 5356.553288 5530.702948 5691.791383 5879.002268 6085.079365 6569.795918 6935.510204,822.857143 1117.460317 1309.024943 1486.077098 1667.482993 1831.473923 2053.514739 2252.335601 2436.643991 2658.684807 2850.249433 3005.53288 3191.292517 3349.478458 3567.165533 4059.138322 4405.986395 4702.040816 4908.117914 5061.950113 5299.954649 5452.335601 5648.253968 5806.439909 6019.773243 6492.879819 6849.886621 7102.403628
bird_8_251210_120250.62.wav,aaaaaaaafoafgdddagonhjkblgdgonhjkblaaafaaonhj,1053.605442 1235.011338 1432.380952 1613.786848 2197.188209 2364.081633 2557.097506 2777.687075 2908.29932 3089.705215 3287.07483 3424.943311 3616.507937 3812.426304 3980.770975 4144.761905 4313.106576 4491.609977 4655.600907 4845.714286 5041.632653 5521.995465 5863.038549 6140.226757 6340.498866 6597.369615 6755.555556 6934.058957 7086.439909 7288.163265 7492.789116 8002.176871 8356.281179 8639.274376 8852.60771 9150.113379 9303.945578 9470.839002 9621.768707 9829.297052 10028.117914 10163.0839 10369.160998 10570.884354 11052.698413,1121.814059 1319.183673 1520.907029 1705.21542 2321.995465 2464.217687 2649.977324 2845.895692 2992.471655 3173.877551 3361.088435 3513.469388 3732.60771 3919.818594 4085.260771 4255.056689 4414.693878 4604.807256 4764.444444 4977.777778 5446.530612 5791.927438 6085.079365 6299.863946 6446.439909 6704.761905 6852.789116 7042.902494 7206.893424 7421.678005 7928.163265 8290.975057 8578.321995 8801.814059 8948.390023 9227.029478 9393.922902 9556.462585 9720.453515 9914.920635 10090.521542 10283.537415 10491.06576 10943.854875 11250.068027
bird_8_251210_120324.63.wav,aaaaaaafggddddddggonhjkblgdgonhjkblgdhjkblaafaaddddgaoacjkaadadfaanonhjkblgdddddgaonhjk,3445.260771 3628.117914 3796.462585 3976.417234 4160.725624 4347.936508 4526.439909 4673.015873 4884.897959 5066.303855 5231.746032 5398.639456 5569.886621 5746.938776 5925.442177 6089.433107 6269.387755 6455.147392 6608.979592 6800.544218 7000.816327 7485.53288 7820.770975 8092.154195 8312.743764 8552.199546 8727.800454 8910.657596 9064.489796 9256.054422 9453.424036 9946.848073 10290.793651 10575.238095 10765.351474 11013.514739 11167.346939 11324.081633 11811.70068 12154.195011 12431.38322 12634.557823 12863.854875 13067.029478 13190.385488 13377.596372 13535.782313 13707.029478 13879.727891 14033.560091 14213.514739 14406.530612 14598.095238 14727.256236 14960.907029 15149.569161 15718.45805 16060.952381 16635.646259 16779.319728 16952.018141 17126.1678 17301.768707 17442.539683 17629.750567 17806.802721 17992.562358 18113.015873 18300.226757 18491.791383 18961.995465 19304.489796 19587.482993 19763.0839 20033.015873 20198.45805 20355.192744 20519.183673 20694.78458 20866.031746 21053.24263 21244.807256 21372.517007 21558.276644 21754.195011 22224.399093 22575.600907,3520.725624 3710.839002 3886.439909 4073.650794 4256.507937 4419.047619 4601.904762 4762.993197 4995.192744 5179.501134 5327.528345 5516.190476 5678.730159 5858.684807 6025.578231 6199.727891 6382.585034 6565.442177 6725.079365 6932.60771 7405.714286 7748.208617 8041.360544 8250.340136 8404.172336 8668.29932 8820.680272 9020.952381 9176.235828 9386.666667 9867.029478 10222.585034 10509.931973 10724.716553 10858.231293 11118.004535 11261.678005 11744.943311 12072.92517 12380.589569 12588.117914 12734.693878 12945.124717 13136.689342 13297.777778 13450.15873 13625.759637 13805.714286 13979.863946 14136.598639 14322.358277 14525.53288 14680.816327 14847.709751 15071.201814 15598.004535 15976.780045 16268.480726 16708.208617 16876.553288 17041.995465 17214.693878 17383.038549 17525.260771 17712.471655 17898.231293 18056.417234 18232.018141 18435.192744 18893.786848 19227.573696 19522.176871 19750.022676 19871.927438 20144.761905 20291.337868 20464.036281 20635.283447 20797.823129 20976.326531 21169.342404 21320.272109 21487.165533 21696.145125 22157.641723 22505.941043 22780.226757
bird_8_251210_120437.64.wav,aaaaaaaafaafggdddddgaonhjkblgdhjkbaaafaaonfjkblgddddgoahjkblaaafaaaadddggonhjkblaaafanodhjk,1975.147392 2189.931973 2380.045351 2551.292517 2735.600907 2911.201814 3134.693878 3305.941043 3440.907029 3635.37415 3808.072562 3956.099773 4141.85941 4333.424036 4498.866213 4659.954649 4835.555556 5011.156463 5196.9161 5401.54195 5587.301587 5716.462585 5915.283447 6111.201814 6582.857143 6925.351474 7206.893424 7391.201814 7668.390023 7829.478458 7986.213152 8434.648526 8780.045351 9057.23356 9357.641723 9539.047619 9739.319728 9862.675737 10038.276644 10222.585034 10376.417234 10581.043084 10774.058957 11261.678005 11618.684807 11890.068027 12081.632653 12309.478458 12469.115646 12622.947846 12804.353741 12974.14966 13164.263039 13326.802721 13544.489796 13724.444444 14177.23356 14529.886621 14811.428571 15014.603175 15267.120181 15425.306122 15627.029478 15770.702948 16005.804989 16174.14966 16346.848073 16531.156463 16711.111111 16876.553288 17046.349206 17237.913832 17425.124717 17577.505669 17767.619048 17956.281179 18478.730159 18822.675737 19101.315193 19310.294785 19572.970522 19738.412698 19951.746032 20093.968254 20308.752834 20514.829932 20643.99093 20896.507937 21064.852608 21561.179138 21913.8322,2047.709751 2252.335601 2456.961451 2636.9161 2829.931973 3005.53288 3200.0 3369.795918 3517.823129 3715.192744 3890.793651 4053.333333 4265.21542 4453.877551 4594.648526 4767.346939 4945.85034 5122.902494 5308.662132 5506.031746 5672.92517 5841.269841 6041.54195 6505.941043 6854.240363 7143.038549 7347.664399 7500.045351 7778.684807 7929.614512 8357.732426 8713.287982 9009.342404 9219.773243 9450.521542 9649.342404 9820.589569 9957.006803 10123.900227 10315.464853 10508.480726 10718.911565 11197.823129 11547.573696 11849.433107 12056.961451 12189.024943 12429.931973 12573.605442 12737.596372 12910.294785 13093.151927 13283.265306 13434.195011 13659.138322 14122.086168 14460.226757 14750.47619 14981.22449 15120.544218 15348.390023 15526.893424 15708.29932 15849.070295 16092.879819 16275.736961 16460.045351 16626.938776 16819.954649 16986.848073 17158.095238 17361.269841 17536.870748 17690.702948 17904.036281 18411.972789 18751.564626 19060.680272 19250.793651 19410.430839 19661.496599 19835.646259 20038.820862 20202.811791 20398.730159 20599.002268 20764.444444 20996.643991 21484.263039 21831.111111 22138.77551
bird_8_251210_120507.65.wav,aaaaafddddfggdgonhjkbl,1980.952381 2160.907029 2316.190476 2494.693878 2668.843537 2813.968254 2983.764172 3149.206349 3308.843537 3482.993197 3674.557823 3844.353741 4024.30839 4183.945578 4356.643991 4513.378685 4696.235828 4893.605442 5353.650794 5693.24263 5971.882086 6193.922902,2034.648526 2246.530612 2404.716553 2590.47619 2742.857143 2898.14059 3086.802721 3258.049887 3413.333333 3587.482993 3750.022676 3957.55102 4140.408163 4282.630385 4474.195011 4619.319728 4825.396825 5278.185941 5625.034014 5915.283447 6128.61678 6282.44898
bird_8_251210_120515.66.wav,aaaaaafaafdddddggdgonhjkblaafaaonhjkbldddfaafddddgaoghjkblddddddafaaonhjkaaaddddaaaohjjkblgdhj,1980.952381 2197.188209 2388.752834 2581.768707 2754.46712 2954.739229 3078.095238 3284.172336 3461.22449 3606.349206 3761.632653 3929.977324 4095.419501 4273.922902 4424.852608 4603.356009 4786.213152 4951.655329 5122.902494 5270.929705 5465.396825 5658.412698 6156.190476 6498.684807 6780.226757 6964.535147 7218.503401 7417.324263 7546.485261 7745.306122 7907.845805 8048.61678 8244.535147 8446.258503 8971.609977 9305.396825 9582.585034 9765.442177 10032.471655 10195.011338 10380.770975 10511.38322 10694.240363 10880.0 11026.575964 11186.213152 11354.557823 11527.256236 11694.14966 11924.897959 12107.755102 12244.172336 12424.126984 12620.045351 13126.530612 13477.732426 13753.469388 13958.095238 14342.675737 14529.886621 14743.219955 14921.723356 15123.446712 15304.852608 15531.247166 15661.85941 15828.752834 16004.353741 16163.99093 16354.104308 16554.376417 17105.85034 17473.015873 17920.0 18117.369615 18290.068027 18468.571429 18639.818594 18824.126984 19005.53288 19194.195011 19404.62585 19580.226757 19723.900227 19918.367347 20114.285714 20596.099773 20966.1678 21253.514739 21442.176871 21738.231293 21906.575964 22082.176871 22578.503401,2049.160998 2281.360544 2478.730159 2673.197279 2854.603175 3036.00907 3186.938776 3359.637188 3546.848073 3699.229025 3870.47619 4046.077098 4211.519274 4381.315193 4530.793651 4718.004535 4903.764172 5054.693878 5233.197279 5384.126984 5593.106576 6083.628118 6433.378685 6730.884354 6928.253968 7071.927438 7302.675737 7488.435374 7649.52381 7820.770975 7990.566893 8163.265306 8375.147392 8883.0839 9241.54195 9524.535147 9746.575964 9868.480726 10106.485261 10287.891156 10456.235828 10607.165533 10776.961451 10964.172336 11110.748299 11292.154195 11454.693878 11631.746032 11807.346939 12040.997732 12187.573696 12355.918367 12553.287982 13046.712018 13400.816327 13693.968254 13913.106576 14050.975057 14415.238095 14631.473923 14849.160998 15020.408163 15222.131519 15407.891156 15609.614512 15737.324263 15914.376417 16094.331066 16274.285714 16487.619048 17027.482993 17390.294785 17684.897959 17995.464853 18201.54195 18394.557823 18578.866213 18745.759637 18934.421769 19107.120181 19301.587302 19510.566893 19652.789116 19841.451247 20057.687075 20519.183673 20890.702948 21191.111111 21405.895692 21556.825397 21847.07483 21992.199546 22491.428571 22855.69161
bird_8_251210_120551.67.wav,aaaaaaafddddggdgonhjkblgdhjkblaadonhjkblgdgonhjkblaaafaacggddddgonhjkblddaonhjkblgdddafaafdddddggonhjkblaaafaaaaaafggddddggobhjkblaaafaaonhjkblaaaaaaaaafdaonhjkblgdgonhjaaadddafddd,1983.854875 2220.408163 2400.362812 2580.31746 2802.358277 2966.349206 3159.365079 3300.136054 3464.126984 3635.37415 3810.975057 3986.575964 4221.678005 4417.596372 4580.136054 4755.736961 4921.179138 5114.195011 5320.272109 5842.721088 6201.179138 6476.9161 6688.798186 6922.44898 7086.439909 7243.174603 7717.732426 8073.287982 8351.927438 8565.260771 8829.387755 8987.573696 9182.040816 9317.006803 9528.888889 9748.027211 10218.231293 10572.335601 10850.975057 11029.478458 11302.312925 11469.206349 11640.453515 11805.895692 12000.362812 12200.634921 12721.632653 13085.895692 13363.0839 13537.23356 13797.006803 13997.278912 14187.39229 14335.419501 14522.630385 14721.451247 14844.807256 15058.14059 15245.351474 15409.342404 15561.723356 15722.811791 15904.217687 16088.526077 16248.163265 16442.630385 16644.353741 17156.643991 17510.748299 17789.387755 17980.952381 18282.811791 18433.741497 18616.598639 18760.272109 18964.897959 19194.195011 19674.557823 20044.62585 20331.972789 20520.634921 20761.54195 20926.984127 21086.621315 21266.575964 21633.741497 21818.049887 21993.650794 22189.569161 22318.730159 22513.197279 22678.639456 22858.594104 23041.451247 23214.14966 23447.800454 23626.303855 23790.294785 23976.054422 24171.972789 24690.068027 25060.136054 25346.031746 25559.365079 25817.687075 25983.129252 26170.340136 26318.367347 26620.226757 26819.047619 27020.770975 27210.884354 27390.839002 27615.782313 27763.809524 27952.471655 28144.036281 28306.575964 28464.761905 28637.460317 28824.671202 29039.455782 29236.825397 29393.560091 29582.222222 29789.750567 30322.358277 30679.365079 30953.650794 31129.251701 31449.977324 31618.321995 31815.69161 31978.231293 32194.46712 32364.263039 32503.582766 32718.367347 32899.773243 33423.673469 33777.777778 34052.063492 34249.433107 34546.938776 34737.052154 34906.848073 35104.217687 35292.879819 35482.993197 35697.777778 35883.537415 36125.895692 36273.922902 36464.036281 36646.893424 36793.469388 36987.936508 37188.208617 37683.0839 38067.664399 38339.047619 38536.417234 38812.154195 38983.401361 39159.002268 39308.480726 39523.265306 39714.829932 40234.376417 40803.265306 40986.122449 41193.650794 41375.056689 41553.560091 41763.99093 41984.580499 42123.900227 42363.356009 42552.018141 42752.290249,2043.356009 2292.970522 2493.24263 2665.941043 2874.920635 3047.619048 3234.829932 3377.052154 3570.068027 3747.120181 3919.818594 4096.870748 4334.875283 4526.439909 4684.62585 4873.287982 5032.92517 5252.063492 5760.0 6122.811791 6436.281179 6624.943311 6784.580499 7035.646259 7185.124717 7636.462585 8000.725624 8296.780045 8517.369615 8659.591837 8904.852608 9074.648526 9254.603175 9449.070295 9659.501134 10147.120181 10499.773243 10795.827664 11013.514739 11136.870748 11419.863946 11569.342404 11756.553288 11916.190476 12130.975057 12653.424036 13004.62585 13305.034014 13515.464853 13650.430839 13878.276644 14088.707483 14264.30839 14422.494331 14609.705215 14798.367347 14968.163265 15166.984127 15361.451247 15509.478458 15673.469388 15841.814059 16018.866213 16206.077098 16359.909297 16579.047619 17086.984127 17449.795918 17747.301587 17951.927438 18094.14966 18359.727891 18532.426304 18705.124717 18880.725624 19102.76644 19615.056689 19963.356009 20279.727891 20494.512472 20630.929705 20877.641723 21027.120181 21186.75737 21376.870748 21707.755102 21900.770975 22074.920635 22263.582766 22414.512472 22614.78458 22797.641723 22968.888889 23148.843537 23328.798186 23568.253968 23748.208617 23896.235828 24103.764172 24621.85941 24984.671202 25282.176871 25495.510204 25655.147392 25896.054422 26076.00907 26258.866213 26418.503401 26710.204082 26920.634921 27122.358277 27313.922902 27489.52381 27692.698413 27865.396825 28078.730159 28263.038549 28412.517007 28580.861678 28753.560091 28932.063492 29162.811791 29347.120181 29503.854875 29721.54195 30254.14966 30605.351474 30910.113379 31121.995465 31240.997732 31537.052154 31712.653061 31904.217687 32076.9161 32265.578231 32442.630385 32622.585034 32828.662132 33335.147392 33705.21542 34011.428571 34217.505669 34355.37415 34629.659864 34821.22449 35006.984127 35214.512472 35391.564626 35593.287982 35793.560091 35974.965986 36210.068027 36355.192744 36546.75737 36735.419501 36905.21542 37118.548753 37619.229025 37976.235828 38288.253968 38505.941043 38635.102041 38923.900227 39080.634921 39279.455782 39431.836735 39655.328798 40154.557823 40536.235828 40871.473923 41090.612245 41289.433107 41476.643991 41663.854875 41872.834467 42067.301587 42215.328798 42473.650794 42656.507937 42861.133787
bird_8_251210_120647.68.wav,aaaaaaaaaaaafadddonhjkblgdhjaaafaaonhjkblgddddgonhjkbldd,1985.306122 2195.736961 2391.655329 2568.707483 2738.503401 2993.922902 3143.401361 3307.39229 3484.444444 3664.399093 3879.183673 4075.102041 4231.836735 4397.278912 4584.489796 4809.433107 5000.997732 5163.537415 5358.004535 5556.825397 6067.664399 6430.47619 6703.310658 6897.777778 7163.356009 7327.346939 7500.045351 7965.895692 8502.857143 8714.739229 8949.84127 9092.063492 9301.043084 9486.802721 9618.866213 9810.430839 10025.21542 10514.285714 10885.804989 11165.895692 11344.399093 11575.147392 11737.687075 11898.77551 12070.022676 12252.879819 12432.834467 12599.727891 12792.743764 12998.820862 13509.659864 13860.861678 14145.306122 14336.870748 14593.741497 14808.526077,2034.648526 2269.750567 2468.571429 2661.587302 2828.480726 3050.521542 3229.024943 3410.430839 3593.287982 3776.145125 3983.673469 4159.274376 4314.557823 4504.671202 4694.78458 4926.984127 5117.097506 5269.478458 5488.61678 5999.455782 6344.852608 6639.455782 6861.496599 6989.206349 7278.004535 7426.031746 7880.272109 8256.145125 8582.675737 8804.716553 9034.013605 9184.943311 9373.605442 9559.365079 9730.612245 9945.396825 10443.174603 10804.535147 11118.004535 11324.081633 11456.145125 11688.344671 11836.371882 12016.326531 12180.31746 12363.174603 12547.482993 12714.376417 12930.612245 13426.938776 13785.396825 14087.256236 14293.333333 14438.45805 14679.365079 14897.052154
bird_8_251210_120704.69.wav,aaaddfaafdddggdgonhjkblgddgonhjkbfaaafaaonhjkbla,1978.049887 2160.907029 2346.666667 2529.52381 2706.575964 2902.494331 3073.741497 3244.988662 3381.405896 3538.14059 3720.997732 3902.403628 4098.321995 4284.081633 4452.426304 4626.575964 4789.115646 4977.777778 5169.342404 5713.560091 6070.566893 6347.755102 6534.965986 6783.129252 6945.668934 7106.75737 7293.968254 7447.800454 7653.877551 7858.503401 8356.281179 8716.190476 8991.927438 9186.394558 9443.265306 9623.219955 9824.943311 9970.068027 10135.510204 10344.489796 10478.004535 10684.081633 10897.414966 11448.888889 11810.249433 12090.340136 12273.197279 12654.875283,2018.684807 2258.14059 2439.546485 2631.111111 2803.809524 2964.897959 3150.657596 3321.904762 3465.578231 3652.789116 3832.743764 4021.405896 4215.873016 4405.986395 4559.818594 4741.22449 4895.056689 5112.743764 5626.485261 5998.004535 6296.961451 6507.39229 6635.102041 6897.777778 7048.707483 7219.954649 7412.970522 7571.156463 7784.489796 8283.718821 8650.884354 8932.426304 9134.14966 9285.079365 9527.437642 9716.099773 9901.85941 10071.655329 10228.390023 10425.759637 10604.263039 10823.401361 11370.521542 11731.882086 12043.900227 12248.526077 12377.687075 12725.986395
bird_8_251210_120728.70.wav,aaaaaaaddfaafdddggdgoghkkblgdhjkblddafadfdddggonhjkblaaaonhjkblaaaafaaonhjaaaafggdgonhjkblaaaadfadddggonhj,1978.049887 2162.358277 2351.020408 2501.950113 2687.709751 2872.018141 3059.229025 3259.501134 3435.102041 3644.081633 3841.451247 4044.62585 4189.750567 4352.290249 4519.183673 4688.979592 4884.897959 5082.267574 5262.222222 5430.566893 5585.85034 5781.768707 5986.394558 6472.562358 6841.179138 7106.75737 7285.260771 7534.875283 7687.256236 7855.600907 8331.609977 8690.068027 8975.963719 9183.492063 9495.510204 9656.598639 9868.480726 10016.507937 10218.231293 10399.637188 10543.310658 10726.1678 10895.963719 11068.662132 11268.93424 11456.145125 11614.331066 11817.505669 12013.424036 12553.287982 12903.038549 13183.129252 13360.181406 13621.405896 13798.45805 14016.145125 14148.208617 14349.931973 14548.752834 15082.811791 15448.526077 15727.165533 15943.401361 16240.907029 16412.154195 16613.877551 16841.723356 17004.263039 17194.376417 17374.331066 17497.687075 17702.312925 17901.133787 18452.60771 18927.165533 19107.120181 19285.623583 19506.213152 19644.081633 19834.195011 20018.503401 20189.750567 20360.997732 20523.537415 20706.394558 20906.666667 21450.884354 21787.573696 22073.469388 22246.1678 22549.478458 22703.310658 22907.936508 23193.8322 23367.981859 23524.716553 23746.75737 23932.517007 24106.666667 24290.975057 24473.8322 24663.945578 24829.387755 25012.244898 25219.773243 25752.380952,2043.356009 2249.433107 2430.839002 2604.988662 2786.394558 2975.056689 3169.52381 3363.99093 3543.945578 3734.058957 3914.013605 4120.090703 4269.569161 4453.877551 4633.8322 4805.079365 5000.997732 5196.9161 5355.102041 5552.471655 5701.950113 5921.088435 6400.0 6767.165533 7048.707483 7269.297052 7389.750567 7636.462585 7784.489796 8253.24263 8621.85941 8920.816327 9141.405896 9286.530612 9576.780045 9753.8322 9952.653061 10112.290249 10292.244898 10478.004535 10644.897959 10840.816327 11006.258503 11181.85941 11383.582766 11573.696145 11730.430839 11948.117914 12487.981859 12839.183673 13141.043084 13328.253968 13471.927438 13711.38322 13920.362812 14095.963719 14264.30839 14486.349206 15007.346939 15375.963719 15664.761905 15880.997732 16039.183673 16310.566893 16490.521542 16702.403628 16925.895692 17102.947846 17266.938776 17448.344671 17618.14059 17835.827664 18362.630385 18734.14966 19001.179138 19185.487528 19381.405896 19577.324263 19729.705215 19954.648526 20137.505669 20297.142857 20474.195011 20630.929705 20841.360544 21378.321995 21713.560091 22024.126984 22237.460317 22359.365079 22629.297052 22797.641723 22993.560091 23276.553288 23449.251701 23639.365079 23816.417234 24039.909297 24216.961451 24405.623583 24592.834467 24777.142857 24935.328798 25158.820862 25660.952381 26038.276644
bird_8_251210_120810.71.wav,aaaaaaaddfaafdddggdgonhjkblgdgdhjkblgaonhjkblaaafaafggddddgofhjkblddaonhjkkaaaaanddfaafadggonhjkblgaonhjkbfaadaafaafnhjkbl,1973.696145 2150.748299 2336.507937 2541.133787 2725.442177 2911.201814 3141.950113 3321.904762 3500.408163 3726.802721 3898.049887 4085.260771 4228.93424 4392.92517 4569.977324 4748.480726 4940.045351 5138.866213 5320.272109 5492.970522 5656.961451 5852.879819 6047.346939 6566.893424 6919.546485 7196.734694 7386.848073 7632.108844 7793.197279 7980.408163 8150.204082 8315.646259 8811.972789 9182.040816 9462.131519 9658.049887 9927.981859 10115.192744 10250.15873 10447.528345 10639.092971 11135.419501 11488.072562 11775.419501 11980.045351 12277.55102 12424.126984 12611.337868 12757.913832 12939.319728 13151.201814 13290.521542 13483.537415 13672.199546 13830.385488 14004.535147 14180.136054 14345.578231 14553.106576 14709.84127 14894.14966 15116.190476 15637.188209 15978.231293 16242.358277 16439.727891 16695.147392 16866.394558 17073.922902 17216.145125 17425.124717 17619.591837 18136.235828 18515.011338 18796.553288 19777.596372 20175.238095 20350.839002 20781.85941 20954.557823 21147.573696 21320.272109 21477.006803 21645.351474 21854.331066 22028.480726 22185.21542 22331.791383 22498.684807 22698.956916 22881.814059 23037.097506 23233.015873 23431.836735 23948.480726 24302.585034 24566.712018 24762.630385 25018.049887 25206.712018 25338.77551 25541.950113 25736.417234 26289.342404 26657.959184 26958.367347 27158.639456 27496.780045 27686.893424 27878.45805 28062.76644 28283.356009 28460.408163 28631.655329 28826.122449 28971.247166 29183.129252 29384.852608 29895.69161 30262.857143 30541.496599 30746.122449,2027.39229 2220.408163 2411.972789 2628.208617 2815.419501 2998.276644 3217.414966 3416.235828 3597.641723 3805.170068 3974.965986 4167.981859 4316.00907 4510.47619 4675.918367 4857.324263 5060.498866 5259.319728 5416.054422 5610.521542 5765.804989 5976.235828 6484.172336 6849.886621 7150.294785 7362.176871 7489.886621 7746.75737 7894.78458 8096.507937 8240.181406 8737.959184 9099.319728 9396.825397 9604.353741 9762.539683 10044.081633 10193.560091 10363.356009 10572.335601 11074.46712 11421.315193 11717.369615 11937.959184 12078.730159 12348.662132 12512.653061 12696.961451 12852.244898 13029.297052 13226.666667 13392.108844 13608.344671 13785.396825 13939.229025 14116.281179 14294.78458 14463.129252 14661.950113 14818.684807 15029.115646 15555.918367 15907.120181 16198.820862 16401.995465 16547.120181 16767.709751 16960.725624 17158.095238 17329.342404 17544.126984 18065.124717 18425.034014 18751.564626 18961.995465 19844.353741 20253.605442 20437.913832 20861.678005 21037.278912 21243.356009 21417.505669 21574.240363 21733.877551 21922.539683 22118.45805 22265.034014 22437.732426 22608.979592 22817.959184 23021.133787 23147.39229 23362.176871 23883.174603 24222.76644 24528.979592 24735.056689 24875.827664 25131.247166 25289.433107 25456.326531 25665.306122 26184.852608 26586.848073 26882.902494 27096.235828 27250.068027 27563.537415 27776.870748 27977.142857 28160.0 28367.528345 28541.678005 28711.473923 28904.489796 29093.151927 29310.839002 29833.287982 30177.23356 30487.800454 30714.195011 30849.160998
bird_8_251210_120856.72.wav,aaaaaaaafaafggdddddggonhjkblgdgonhjkblaaaaaonhjkblaaafddddggdonhjkblgdhjbdaaagdddgaonhjkbaadaobhkkbl,1985.306122 2182.675737 2372.789116 2568.707483 2748.662132 2932.970522 3107.120181 3304.489796 3465.578231 3641.179138 3857.414966 4015.600907 4210.068027 4405.986395 4580.136054 4747.029478 4921.179138 5108.390023 5278.185941 5478.45805 5675.827664 5819.501134 6016.870748 6217.142857 6709.115646 7064.671202 7340.408163 7526.1678 7775.782313 7951.38322 8132.789116 8292.426304 8476.734694 8679.909297 9272.018141 9607.256236 9894.603175 10086.1678 10324.172336 10493.968254 10675.37415 10856.780045 11033.8322 11181.85941 11389.387755 11583.854875 12130.975057 12487.981859 12762.267574 12948.027211 13233.922902 13431.292517 13601.088435 13744.761905 13959.546485 14123.537415 14293.333333 14466.031746 14661.950113 14852.063492 15036.371882 15184.399093 15364.353741 15560.272109 16095.782313 16460.045351 16737.23356 16927.346939 17201.632653 17372.879819 17554.285714 18025.941043 18398.911565 18610.793651 18872.018141 19054.875283 19243.537415 19411.882086 19568.61678 19732.60771 19898.049887 20099.773243 20291.337868 20420.498866 20632.380952 20823.945578 21350.748299 21736.780045 22022.675737 22397.097506 22549.478458 22736.689342 22891.972789 23038.548753 23244.62585 23440.544218 23968.798186 24320.0 24605.895692 24796.00907,2043.356009 2263.945578 2467.120181 2658.684807 2841.54195 3025.85034 3188.390023 3369.795918 3533.786848 3713.741497 3938.684807 4102.675737 4320.362812 4522.086168 4675.918367 4850.068027 5027.120181 5209.977324 5389.931973 5594.557823 5761.451247 5932.698413 6150.385488 6627.845805 6986.303855 7269.297052 7504.399093 7636.462585 7897.687075 8044.263039 8248.888889 8396.9161 8614.603175 9171.882086 9530.340136 9840.907029 10057.142857 10192.108844 10403.99093 10591.201814 10779.863946 10935.147392 11118.004535 11296.507937 11521.451247 12049.705215 12412.517007 12711.473923 12919.002268 13051.06576 13322.44898 13509.659864 13688.163265 13852.154195 14066.938776 14235.283447 14406.530612 14582.131519 14778.049887 14978.321995 15133.605442 15291.791383 15494.965986 16020.31746 16381.678005 16679.183673 16908.480726 17033.287982 17322.086168 17474.46712 17943.219955 18306.031746 18515.011338 18700.770975 18967.800454 19156.462585 19339.319728 19497.505669 19678.911565 19841.451247 20018.503401 20215.873016 20372.60771 20540.952381 20758.639456 21270.929705 21642.44898 21958.820862 22166.349206 22472.562358 22649.614512 22822.312925 22981.950113 23151.746032 23382.494331 23880.272109 24248.888889 24560.907029 24771.337868 24907.755102
bird_8_251210_121215.73.wav,aaaaadaadfaafdddaa,1975.147392 2197.188209 2600.634921 2793.650794 2976.507937 3147.755102 3339.319728 3517.823129 3718.095238 3854.512472 4051.882086 4218.77551 4355.192744 4527.891156 4699.138322 4880.544218 5157.732426 5350.748299,2018.684807 2266.848073 2664.489796 2876.371882 3067.936508 3240.634921 3433.650794 3616.507937 3784.852608 3944.489796 4121.54195 4295.69161 4433.560091 4635.283447 4793.469388 4986.485261 5244.807256 5437.823129
bird_8_251210_121220.74.wav,aaaaaaaafaaddddddhjkblgfonhjkblaodfaadddfgggdgohhjkblgaonhjkbaaaaaaaaafaddddggonhjkbl,2571.609977 2782.040816 2951.836735 3140.498866 3311.746032 3485.895692 3651.337868 3847.256236 3980.770975 4172.335601 4343.582766 4520.634921 4690.430839 4867.482993 5040.181406 5215.782313 5398.639456 5577.142857 6044.444444 6389.84127 6656.870748 6833.922902 7092.244898 7279.455782 7402.811791 7598.730159 7794.648526 8256.145125 8601.54195 8874.376417 9055.782313 9330.068027 9501.315193 9687.07483 9830.748299 10010.702948 10205.170068 10366.258503 10536.054422 10721.814059 10909.024943 11088.979592 11276.190476 11463.401361 11628.843537 11801.54195 11951.020408 12138.231293 12325.442177 12813.061224 13154.104308 13437.097506 13624.30839 13917.460317 14114.829932 14255.600907 14447.165533 14647.437642 15133.605442 15489.160998 15770.702948 16230.748299 16401.995465 16590.657596 16764.807256 17220.498866 17442.539683 17625.396825 17809.705215 18057.868481 18194.285714 18394.557823 18616.598639 18780.589569 18960.544218 19134.693878 19339.319728 19532.335601 19681.814059 19887.891156 20079.455782 20539.501134 20890.702948 21179.501134 21382.675737,2634.013605 2863.310658 3037.460317 3230.47619 3414.78458 3588.93424 3731.156463 3929.977324 4070.748299 4257.959184 4427.755102 4623.673469 4796.371882 4971.972789 5150.47619 5330.430839 5527.800454 5973.333333 6317.278912 6619.138322 6813.605442 6944.217687 7205.442177 7363.628118 7521.814059 7732.244898 8189.387755 8533.333333 8822.131519 9034.013605 9166.077098 9405.53288 9581.133787 9769.795918 9916.371882 10097.777778 10286.439909 10479.455782 10649.251701 10827.755102 10984.489796 11202.176871 11400.997732 11580.952381 11720.272109 11913.287982 12064.217687 12257.23356 12743.401361 13088.798186 13374.693878 13589.478458 13722.993197 14036.462585 14203.356009 14365.895692 14580.680272 15063.945578 15410.793651 15724.263039 15943.401361 16304.761905 16478.911565 16686.439909 16851.882086 17295.963719 17528.163265 17726.984127 17902.585034 18130.430839 18288.61678 18475.827664 18715.283447 18886.530612 19072.290249 19249.342404 19459.773243 19648.435374 19802.267574 20015.600907 20462.585034 20829.750567 21112.743764 21339.138322 21481.360544
bird_8_251210_121245.75.wav,aaaaaaafdddfggdgonhjkblgdaadafaaddggonhjkblgaonhjkblaadfaafggonhjk,1979.501134 2168.163265 2343.764172 2532.426304 2731.247166 2890.884354 3072.290249 3205.804989 3393.015873 3580.226757 3744.217687 3943.038549 4108.480726 4285.53288 4450.975057 4620.770975 4770.249433 4964.716553 5159.183673 5672.92517 6012.517007 6283.900227 6471.111111 6712.018141 6876.00907 7250.430839 7405.714286 7600.181406 7790.294785 7925.260771 8109.569161 8286.621315 8430.294785 8592.834467 8780.045351 8965.804989 9119.637188 9305.396825 9505.668934 9981.678005 10325.623583 10597.006803 10792.92517 11074.46712 11247.165533 11374.875283 11578.049887 11776.870748 12305.124717 12659.229025 12934.965986 13130.884354 13434.195011 13619.954649 13810.068027 13949.387755 14126.439909 14338.321995 14477.641723 14701.133787 14886.893424 15058.14059 15242.44898 15438.367347 15955.011338 16341.043084,2046.258503 2253.786848 2443.900227 2625.306122 2803.809524 2969.251701 3144.852608 3308.843537 3474.285714 3664.399093 3851.609977 4012.698413 4215.873016 4401.632653 4548.208617 4728.163265 4884.897959 5092.426304 5604.716553 5934.14966 6240.362812 6440.634921 6572.698413 6829.569161 6970.340136 7301.22449 7504.399093 7691.609977 7868.662132 8019.591837 8196.643991 8369.342404 8537.687075 8706.031746 8903.401361 9077.55102 9229.931973 9438.911565 9907.664399 10260.31746 10540.408163 10750.839002 10906.122449 11186.213152 11328.435374 11496.780045 11710.113379 12232.562358 12575.056689 12868.208617 13094.603175 13232.471655 13508.208617 13712.834467 13892.789116 14052.426304 14210.612245 14418.14059 14586.485261 14812.879819 15000.090703 15161.179138 15374.512472 15878.095238 16239.455782 16491.972789
bird_8_251210_121323.76.wav,aaaaaaaaaaafaafggdgdgonhjkblgalnhjkblaaaaaaaafaaaaaaaaa,714.013605 907.029478 1079.727891 1256.780045 1445.442177 1621.043084 1805.351474 1983.854875 2189.931973 2366.984127 2593.378685 2729.795918 2918.45805 3102.76644 3291.428571 3475.736961 3655.69161 3837.097506 4021.405896 4192.653061 4371.156463 4526.439909 4713.650794 4908.117914 5382.675737 5726.621315 5989.297052 6175.056689 6407.256236 6588.662132 6714.920635 6906.485261 7100.952381 7645.170068 7996.371882 8269.206349 8472.380952 8766.984127 8938.231293 9118.185941 9289.433107 9613.061224 9769.795918 10007.800454 10164.535147 10350.294785 10544.761905 10716.00907 10875.646259 11261.678005 11480.816327 11662.222222 11850.884354 12016.326531 12194.829932,779.319728 988.29932 1178.412698 1356.9161 1536.870748 1721.179138 1906.938776 2073.8322 2285.714286 2451.156463 2663.038549 2800.907029 2998.276644 3179.68254 3372.698413 3587.482993 3774.693878 3932.879819 4134.603175 4286.984127 4487.256236 4633.8322 4845.714286 5307.210884 5651.156463 5942.857143 6137.324263 6278.095238 6527.709751 6668.480726 6828.117914 7038.548753 7560.997732 7928.163265 8211.156463 8415.782313 8566.712018 8846.802721 9025.306122 9216.870748 9375.056689 9694.331066 9852.517007 10089.070295 10269.024943 10434.46712 10637.641723 10814.693878 10981.587302 11332.789116 11578.049887 11760.907029 11943.764172 12110.657596 12297.868481
bird_8_251210_121742.80.wav,aaaaaddfaafggdgonhjkblgdhjkblgaonhjkblddafaadddgaonhjkbaaafa,1980.952381 2172.517007 2346.666667 2523.718821 2734.14966 2890.884354 3067.936508 3285.623583 3456.870748 3617.959184 3750.022676 3938.684807 4121.54195 4282.630385 4449.346526 4612.063492 4809.433107 4999.546485 5447.981859 5807.891156 6092.335601 6276.643991 6519.002268 6675.736961 6964.535147 7411.519274 7765.623583 8048.61678 8235.827664 8483.99093 8675.555556 8801.814059 8999.183673 9192.199546 9707.39229 10064.399093 10351.746032 10554.920635 10840.816327 11010.612245 11197.823129 11342.947846 11549.024943 11715.918367 11898.77551 12054.058957 12228.208617 12418.321995 12599.727891 12739.047619 12923.356009 13120.725624 13628.662132 13985.668934 14283.174603 14756.281179 14953.650794 15155.37415 15294.693878 15532.698413,2047.709751 2242.176871 2440.997732 2615.147392 2815.419501 2993.922902 3179.68254 3361.088435 3538.14059 3696.326531 3840.0 4046.077098 4237.641723 4385.668934 4597.118977 4726.712018 4931.337868 5379.773243 5732.426304 6021.22449 6253.424036 6379.68254 6624.943311 6777.324263 7341.85941 7697.414966 7986.213152 8205.351474 8343.219955 8595.736961 8740.861678 8907.755102 9122.539683 9626.122449 9990.385488 10280.634921 10515.736961 10657.959184 10919.183673 11123.809524 11276.190476 11441.632653 11624.489796 11807.346939 12006.1678 12168.707483 12338.503401 12532.970522 12685.351474 12844.988662 13059.773243 13547.39229 13914.557823 14203.356009 14432.653061 14830.294785 15068.29932 15238.095238 15390.47619 15606.712018
bird_8_251210_121804.81.wav,aaaaaafggonhjkblgdgonhjkblgdhjkblaaafaaonhjkblaaafaaobhjkbladndfdaonhjkblaaaaadaddggonhjkaaaaaafaaonhjkblaaddgaonhjaaaaafaaonhjkblaaaanaafggonhj,1982.403628 2140.589569 2317.641723 2507.755102 2687.709751 2902.494331 3044.716553 3250.793651 3426.394558 3575.873016 3763.0839 3977.868481 4484.353741 4838.45805 5115.646259 5295.600907 5527.800454 5690.340136 5863.038549 6022.675737 6215.69161 6421.768707 6980.498866 7336.054422 7616.145125 7801.904762 8064.580499 8225.668934 8392.562358 8872.92517 9213.968254 9494.058957 9691.428571 9974.421769 10147.120181 10337.23356 10475.102041 10662.312925 10852.426304 10980.136054 11180.408163 11377.777778 11874.104308 12234.013605 12509.750567 12725.986395 13027.845805 13199.092971 13396.462585 13532.879819 13736.054422 13929.070295 14071.292517 14258.503401 14458.77551 14934.78458 15285.986395 15574.78458 15756.190476 16037.732426 16229.297052 16412.154195 16615.328798 16772.063492 16944.761905 17142.131519 17281.451247 17468.662132 17655.873016 18191.38322 18551.292517 18834.285714 19025.85034 19745.668934 19986.575964 20176.689342 20352.290249 20524.988662 20703.492063 21090.975057 21254.965986 21433.469388 21627.936508 21813.696145 21980.589569 22166.349206 22365.170068 22867.301587 23224.30839 23713.378685 23918.004535 24147.301587 24333.061224 24527.528345 24735.056689 24891.791383 25100.770975 25301.043084 25424.399093 25615.963719 25822.040816 26357.55102 26711.655329 26990.294785 27205.079365 27431.473923 27605.623583 27769.614512 27951.020408 28158.548753 28342.857143 28483.628118 28705.668934 28908.843537 29397.913832 30335.419501 30526.984127 30715.646259 30917.369615 31120.544218 31278.730159 31452.879819 31637.188209 31763.446712 31952.108844 32155.283447 32686.439909 33047.800454 33338.049887 33522.358277 33831.473923 34245.079365 34423.582766 34635.464853 34808.163265 35006.984127 35218.866213 35350.929705 35551.201814 35745.668934 35903.854875 36101.22449 36300.045351 36822.494331,2043.356009 2227.664399 2406.1678 2599.183673 2777.687075 2967.800454 3131.791383 3366.893424 3514.920635 3687.619048 3890.793651 4401.632653 4764.444444 5057.596372 5269.478458 5397.188209 5642.44898 5794.829932 5980.589569 6138.77551 6352.108844 6897.777778 7263.492063 7568.253968 7780.136054 7910.748299 8176.326531 8327.256236 8807.619048 9144.30839 9438.911565 9658.049887 9793.015873 10058.594104 10240.0 10424.30839 10575.238095 10740.680272 10923.537415 11100.589569 11318.276644 11795.736961 12152.743764 12461.85941 12682.44898 12827.573696 13104.761905 13306.485261 13473.378685 13631.564626 13814.421769 14017.596372 14187.39229 14393.469388 14852.063492 15206.1678 15516.734694 15724.263039 15865.034014 16119.002268 16323.628118 16506.485261 16698.049887 16848.979592 17020.226757 17217.596372 17393.197279 17599.274376 18114.46712 18481.632653 18777.687075 18992.471655 19140.498866 19828.390023 20080.907029 20272.471655 20449.52381 20614.965986 20806.530612 21179.501134 21365.260771 21546.666667 21741.133787 21934.14966 22087.981859 22302.76644 22791.836735 23145.941043 23436.190476 23784.489796 24013.786848 24256.145125 24447.709751 24614.603175 24809.070295 24977.414966 25184.943311 25376.507937 25543.401361 25752.380952 26279.183673 26633.287982 26926.439909 27139.773243 27306.666667 27546.122449 27701.405896 27882.811791 28067.120181 28276.099773 28425.578231 28608.435374 28830.47619 29322.44898 29678.004535 30418.14059 30631.473923 30823.038549 31014.603175 31203.265306 31373.061224 31539.954649 31712.653061 31883.900227 32081.269841 32603.718821 32978.14059 33271.292517 33480.272109 33634.104308 33902.585034 34329.251701 34522.267574 34728.344671 34917.006803 35102.76644 35300.136054 35462.675737 35674.557823 35857.414966 36012.698413 36230.385488 36738.321995 37079.365079
bird_8_251210_121846.82.wav,aaaaaafaafddddddggdgonhjkblgdhja,1988.208617 2182.675737 2358.276644 2539.68254 2783.492063 3004.081633 3230.47619 3413.333333 3596.190476 3750.022676 3916.9161 4101.22449 4269.569161 4436.462585 4620.770975 4802.176871 4986.485261 5173.696145 5339.138322 5508.93424 5668.571429 5874.648526 6076.371882 6600.272109 6961.632653 7244.62585 7423.129252 7710.47619 7867.210884 8031.201814 8558.004535 9007.891156,2037.55102 2275.555556 2451.156463 2634.013605 2858.956916 3076.643991 3319.002268 3481.54195 3687.619048 3837.097506 4033.015873 4202.811791 4381.315193 4552.562358 4731.06576 4919.727891 5101.133787 5286.893424 5437.823129 5630.839002 5786.122449 6003.809524 6517.55102 6883.265306 7179.319728 7392.653061 7531.972789 7819.319728 7970.249433 8475.283447 8832.290249 9097.868481
bird_8_251210_122049.86.wav,aaaaaaaoafaddfggdgonhjkblaaaaaafaaonhjkblgagonhjkblddafaaonhjkblddaaaofggddddgonhkkbl,1970.793651 2158.004535 2355.37415 2544.036281 2725.442177 2909.750567 3086.802721 3342.222222 3512.018141 3706.485261 3890.793651 4078.004535 4236.190476 4456.780045 4620.770975 4816.689342 4987.936508 5173.696145 5339.138322 5523.446712 5733.877551 6257.777778 6622.040816 6903.582766 7105.306122 7347.664399 7555.192744 7738.049887 7941.22449 8137.142857 8335.963719 8470.929705 8681.360544 8875.827664 9010.793651 9234.285714 9431.655329 9957.006803 10303.854875 10582.494331 10766.802721 11068.662132 11231.201814 11403.900227 11564.988662 11772.517007 11974.240363 12505.396825 12862.403628 13149.750567 13365.986395 13775.238095 13936.326531 14151.111111 14288.979592 14470.385488 14656.145125 14798.367347 15004.444444 15201.814059 15753.287982 16130.612245 16420.861678 16629.84127 16941.85941 17127.619048 17304.671202 17507.845805 17719.727891 17931.609977 18099.954649 18277.006803 18462.76644 18623.854875 18773.333333 18937.324263 19099.863946 19288.526077 19448.163265 19646.984127 19847.256236 20397.278912 20754.285714 21031.473923 21250.612245,2036.099773 2230.566893 2430.839002 2631.111111 2819.773243 3008.435374 3173.877551 3407.528345 3596.190476 3779.047619 3964.807256 4167.981859 4340.680272 4514.829932 4745.578231 4932.789116 5086.621315 5285.442177 5440.725624 5652.60771 6164.897959 6536.417234 6838.276644 7055.963719 7198.185941 7428.93424 7648.072562 7843.99093 8034.104308 8231.473923 8407.07483 8562.358277 8755.37415 8945.487528 9131.247166 9356.190476 9880.090703 10235.646259 10527.346939 10739.229025 10871.292517 11183.310658 11326.984127 11522.902494 11676.734694 11913.287982 12425.578231 12785.487528 13088.798186 13303.582766 13466.122449 13846.349206 14035.011338 14228.027211 14370.249433 14547.301587 14737.414966 14920.272109 15132.154195 15650.249433 16046.439909 16367.165533 16570.340136 16724.172336 17012.970522 17223.401361 17416.417234 17616.689342 17818.412698 18015.782313 18192.834467 18396.00907 18575.963719 18722.539683 18886.530612 19049.070295 19215.963719 19407.528345 19558.45805 19777.596372 20316.00907 20670.113379 20973.424036 21194.013605 21344.943311
bird_8_251210_122141.87.wav,aaaaaaaaaaaafdddddaaconhjkblgddaaaaafaaonhbkblaaonhjkblaaafaaaonhjkklaaddfadddgonhjkblddagdddgaonhj,1668.93424 1989.659864 2211.70068 2409.070295 2593.378685 2789.297052 2980.861678 3170.975057 3387.210884 3561.360544 3776.145125 3959.002268 4115.736961 4284.081633 4462.585034 4654.14966 4835.555556 5021.315193 5204.172336 5375.419501 5575.69161 5713.560091 5913.8322 6118.45805 6636.553288 6977.596372 7264.943311 7459.410431 7739.501134 7902.040816 8079.092971 8597.188209 8759.727891 8935.328798 9129.795918 9359.092971 9495.510204 9660.952381 9865.578231 10006.349206 10208.072562 10417.052154 10922.086168 11287.800454 11569.342404 11814.603175 12094.693878 12312.380952 12444.444444 12650.521542 12875.464853 13384.852608 13741.85941 14023.401361 14213.514739 14535.69161 14705.487528 14914.46712 15056.689342 15272.92517 15432.562358 15631.38322 15777.959184 15986.938776 16185.759637 16737.23356 17094.240363 17384.489796 17592.018141 17893.877551 18054.965986 18284.263039 18471.473923 18604.988662 18805.260771 18980.861678 19150.657596 19314.648526 19506.213152 19674.557823 19866.122449 20064.943311 20548.208617 20913.922902 21198.367347 21427.664399 21723.718821 21894.965986 22072.018141 22289.705215 22459.501134 22620.589569 22800.544218 23009.52381 23193.8322 23327.346939 23527.619048 23719.183673 24198.095238,1713.922902 2056.417234 2284.263039 2490.340136 2680.453515 2877.823129 3066.485261 3255.147392 3456.870748 3649.886621 3840.0 4040.272109 4192.653061 4385.668934 4575.782313 4758.639456 4938.594104 5120.0 5285.442177 5490.068027 5651.156463 5822.403628 6042.993197 6545.124717 6900.680272 7196.734694 7424.580499 7569.705215 7848.344671 7996.371882 8193.741497 8678.45805 8852.60771 9036.9161 9227.029478 9427.301587 9585.487528 9742.222222 9948.29932 10120.997732 10340.136054 10836.462585 11205.079365 11521.451247 11731.882086 11900.226757 12174.512472 12393.650794 12570.702948 12781.133787 13302.131519 13659.138322 13971.156463 14190.294785 14320.907029 14606.802721 14792.562358 14997.188209 15148.117914 15344.036281 15519.637188 15715.555556 15892.60771 16116.099773 16670.47619 17018.77551 17320.634921 17536.870748 17689.251701 17972.244898 18142.040816 18380.045351 18555.646259 18716.734694 18882.176871 19089.705215 19262.403628 19426.394558 19623.764172 19780.498866 19998.185941 20472.743764 20831.201814 21137.414966 21350.748299 21514.739229 21810.793651 21993.650794 22173.605442 22395.646259 22565.442177 22732.335601 22918.095238 23119.818594 23273.650794 23447.800454 23664.036281 24134.240363 24476.734694
bird_8_251210_122308.88.wav,aaaaaaaaaaadaaaaadfgdgdgohhjkblaaafdddddfggdddaonhjkblgdhjkbldadfdaonhjkblddaafggddddglnhjkblgdddfgalnhj,1586.213152 1776.326531 1967.891156 2178.321995 2375.69161 2565.804989 2774.78458 2989.569161 3204.353741 3413.333333 3581.678005 3747.120181 4324.716553 4545.306122 4736.870748 4921.179138 5130.15873 5314.46712 5463.945578 5664.217687 5841.269841 6050.249433 6231.655329 6417.414966 6566.893424 6761.360544 6976.145125 7485.53288 7829.478458 8116.825397 8338.866213 8597.188209 8761.179138 8973.061224 9118.185941 9299.591837 9488.253968 9640.634921 9820.589569 10001.995465 10222.585034 10406.893424 10598.45805 10774.058957 10929.342404 11099.138322 11295.056689 11466.303855 11665.124717 11862.494331 12329.795918 12676.643991 12961.088435 13159.909297 13421.133787 13595.283447 13759.274376 14267.210884 14605.351474 14902.857143 15107.482993 15422.403628 15624.126984 15863.582766 16011.609977 16213.333333 16404.897959 16544.217687 16744.489796 16946.213152 17401.904762 17761.814059 18050.612245 18266.848073 18545.487528 18734.14966 18927.165533 19170.975057 19353.8322 19572.970522 19757.278912 19924.172336 20080.907029 20247.800454 20408.888889 20603.356009 20771.70068 20963.265306 21167.891156 21684.535147 22048.798186 22330.340136 22514.648526 22787.482993 22954.376417 23118.367347 23293.968254 23502.947846 23697.414966 23891.882086 24026.848073 24225.668934 24439.002268 24993.378685,1635.555556 1845.986395 2054.965986 2258.14059 2461.315193 2654.331066 2864.761905 3065.034014 3279.818594 3484.444444 3660.045351 3841.451247 4408.888889 4625.124717 4831.201814 5018.412698 5205.623583 5385.578231 5543.764172 5774.512472 5942.857143 6169.251701 6333.24263 6524.807256 6678.639456 6902.131519 7402.811791 7748.208617 8051.519274 8276.462585 8439.002268 8663.945578 8855.510204 9044.172336 9192.199546 9382.312925 9563.718821 9742.222222 9932.335601 10106.485261 10293.696145 10525.895692 10716.00907 10855.328798 11036.734694 11207.981859 11418.412698 11572.244898 11792.834467 12244.172336 12595.37415 12897.23356 13113.469388 13262.947846 13535.782313 13686.712018 14178.684807 14529.886621 14830.294785 15061.043084 15204.716553 15500.770975 15711.201814 15936.145125 16113.197279 16293.151927 16481.814059 16658.866213 16876.553288 17324.988662 17684.897959 17994.013605 18223.310658 18374.240363 18631.111111 18831.38322 19034.557823 19253.696145 19443.809524 19681.814059 19870.47619 20028.662132 20192.653061 20363.900227 20524.988662 20722.358277 20877.641723 21101.133787 21606.1678 21960.272109 22278.095238 22478.367347 22620.589569 22899.229025 23053.061224 23224.30839 23395.555556 23575.510204 23816.417234 23967.346939 24142.947846 24353.378685 24890.340136 25269.115646
bird_8_251210_122345.89.wav,aaaaaaafgdddddgaonhjkblgdgonhjkblgdddddggochjkbldddfddonhjkbldaaadddgaonhjkblddafddfggdddddgaonhjkblgdhjddjdonhjkbl,1982.403628 2173.968254 2372.789116 2565.804989 2774.78458 2982.312925 3178.231293 3323.356009 3536.689342 3713.741497 3896.598639 4072.199546 4259.410431 4435.011338 4628.027211 4831.201814 4966.1678 5170.793651 5375.419501 5887.709751 6236.00907 6526.258503 6746.848073 6980.498866 7137.23356 7315.736961 7486.984127 7672.743764 7871.564626 8417.23356 8775.69161 9058.684807 9283.628118 9592.743764 9756.734694 9925.079365 10106.485261 10292.244898 10459.138322 10668.117914 10845.170068 11010.612245 11221.043084 11421.315193 11919.092971 12265.941043 12554.739229 12755.011338 13225.21542 13390.657596 13602.539683 13754.920635 13939.229025 14126.439909 14267.210884 14467.482993 14661.950113 15191.655329 15551.564626 15850.521542 16046.439909 16367.165533 16661.768707 16857.687075 17050.702948 17213.24263 17387.39229 17562.993197 17766.1678 17973.696145 18102.857143 18295.873016 18491.791383 19025.85034 19363.99093 19657.142857 19874.829932 20198.45805 20375.510204 20600.453515 20736.870748 20958.911565 21172.244898 21387.029478 21559.727891 21745.487528 21903.673469 22061.85941 22244.716553 22423.219955 22613.333333 22810.702948 22989.206349 23132.879819 23315.736961 23520.362812 24022.494331 24388.208617 24674.104308 24901.950113 25206.712018 25372.154195 25541.950113 26032.471655 26615.873016 26808.888889 26990.294785 27212.335601 27344.399093 27553.378685 27763.809524 28280.453515 28633.106576 28914.648526 29149.750567,2039.002268 2250.884354 2433.741497 2649.977324 2844.444444 3030.204082 3237.732426 3422.040816 3651.337868 3803.718821 3996.734694 4173.786848 4356.643991 4545.306122 4744.126984 4903.764172 5077.913832 5305.759637 5799.183673 6159.092971 6459.501134 6685.895692 6839.727891 7090.793651 7238.820862 7439.092971 7590.022676 7801.904762 8340.31746 8695.873016 9012.244898 9219.773243 9377.959184 9707.39229 9856.870748 10032.471655 10221.133787 10395.283447 10575.238095 10784.217687 10967.07483 11125.260771 11345.85034 11852.335601 12193.378685 12495.238095 12724.535147 12850.793651 13281.814059 13487.891156 13685.260771 13828.93424 14017.596372 14197.55102 14384.761905 14600.997732 15119.092971 15481.904762 15776.507937 16008.707483 16159.637188 16433.922902 16745.941043 16949.115646 17129.070295 17324.988662 17500.589569 17681.995465 17876.462585 18050.612245 18213.151927 18427.936508 18950.385488 19288.526077 19596.190476 19824.036281 19980.770975 20259.410431 20480.0 20674.46712 20831.201814 21035.827664 21257.868481 21479.909297 21677.278912 21860.136054 22005.260771 22169.251701 22353.560091 22543.673469 22726.530612 22925.351474 23076.281179 23231.564626 23450.702948 23949.931973 24318.548753 24611.70068 24827.936508 25006.439909 25317.006803 25465.034014 25938.14059 26305.306122 26688.435374 26888.707483 27084.62585 27277.641723 27463.401361 27679.637188 28183.219955 28546.031746 28843.537415 29085.895692 29232.471655
bird_8_251210_122633.90.wav,aaaaaaaaaaaafdddggdgochjkblgdhjkbgaaonhjkaaaafaaonhjkblddafaaaaaddddfggdddfaaonhjkblaaaaafggdgonhjkblaaaaafaaaaddddddafaaonhjkdaaafaddggonhjkaaaafggdfaaaaonhjkb,1381.587302 1573.633623 1777.777778 1975.147392 2182.675737 2439.546485 2629.659864 2841.54195 3079.546485 3263.854875 3465.578231 3631.020408 3803.718821 3990.929705 4185.396825 4382.76644 4673.015873 4866.031746 5045.986395 5221.587302 5382.675737 5585.85034 5809.342404 6347.755102 6701.85941 6986.303855 7209.795918 7473.922902 7629.206349 7825.124717 8292.426304 8637.823129 8938.231293 9388.117914 9595.646259 9800.272109 9930.884354 10136.961451 10369.160998 10843.718821 11207.981859 11637.55102 12001.814059 12203.537415 12469.115646 12621.496599 12814.512472 13024.943311 13162.811791 13370.340136 13585.124717 14078.548753 14447.165533 14746.122449 14985.578231 15249.705215 15505.124717 15747.482993 15892.60771 16150.929705 16452.789116 16628.390023 16802.539683 16991.201814 17181.315193 17394.648526 17599.274376 17774.875283 17972.244898 18163.809524 18355.37415 18520.816327 18687.709751 18869.115646 19062.131519 19229.024943 19435.102041 19568.61678 19768.888889 19964.807256 20482.902494 20834.104308 21124.353741 21307.210884 21646.802721 21844.172336 22083.628118 22285.351474 22578.503401 22780.226757 22944.217687 23137.23356 23305.578231 23481.179138 23659.68254 23848.344671 24057.324263 24589.931973 24939.68254 25225.578231 25434.557823 25688.526077 25936.689342 26173.24263 26353.197279 26550.566893 26685.53288 26999.002268 27216.689342 27396.643991 27628.843537 27781.22449 27959.727891 28144.036281 28316.734694 28521.360544 28720.181406 28968.344671 29107.664399 29310.839002 29508.208617 29662.040816 29860.861678 30091.609977 30611.156463 30969.614512 31351.292517 31708.29932 31902.76644 32119.002268 32269.931973 32470.204082 32637.097506 32814.14966 33007.165533 33203.0839 33375.782313 33564.444444 33783.582766 34349.569161 34713.8322 35163.718821 35375.600907 35572.970522 35828.390023 35989.478458 36197.006803 36397.278912 36567.07483 36796.371882 37031.473923 37331.882086 37504.580499 37728.072562 37876.099773 38092.335601 38299.863946 38797.641723 39183.673469 39479.727891,1420.770975 1635.389067 1838.730159 2056.417234 2263.945578 2504.852608 2710.929705 2906.848073 3147.755102 3329.160998 3533.786848 3702.131519 3879.183673 4092.517007 4291.337868 4484.353741 4778.956916 4954.557823 5135.963719 5336.235828 5491.519274 5713.560091 6247.619048 6614.78458 6931.156463 7127.07483 7292.517007 7574.058957 7730.793651 8211.156463 8559.455782 8874.376417 9105.124717 9459.229025 9671.111111 9867.029478 10046.984127 10267.573696 10763.900227 11131.06576 11437.278912 11692.698413 12075.827664 12276.099773 12540.226757 12699.863946 12898.684807 13101.85941 13271.655329 13506.75737 13998.730159 14357.188209 14677.913832 14898.503401 15078.45805 15330.975057 15587.845805 15814.240363 15952.108844 16214.78458 16525.351474 16727.07483 16899.773243 17069.569161 17272.743764 17512.199546 17697.959184 17885.170068 18047.709751 18275.555556 18471.473923 18625.306122 18803.809524 18973.605442 19136.145125 19311.746032 19514.920635 19683.265306 19895.147392 20397.278912 20757.188209 21061.950113 21286.893424 21421.85941 21726.621315 21923.99093 22169.251701 22379.68254 22652.517007 22838.276644 23067.573696 23247.528345 23404.263039 23601.632653 23764.172336 23989.115646 24508.662132 24862.76644 25170.430839 25382.312925 25523.0839 25771.247166 26022.312925 26263.219955 26438.820862 26618.77551 26778.412698 27081.723356 27313.922902 27508.390023 27720.272109 27894.421769 28064.217687 28258.684807 28437.188209 28637.460317 28820.31746 29040.907029 29190.385488 29399.365079 29588.027211 29765.079365 29990.022676 30532.789116 30882.539683 31193.106576 31445.623583 31783.764172 31997.097506 32195.918367 32355.555556 32558.730159 32747.39229 32927.346939 33124.716553 33323.537415 33484.62585 33706.666667 34256.689342 34638.367347 34889.433107 35236.281179 35468.480726 35664.399093 35893.696145 36076.553288 36314.557823 36519.183673 36671.564626 36839.909297 37105.487528 37398.639456 37594.557823 37802.086168 37996.553288 38234.557823 38717.823129 39074.829932 39389.750567 39623.401361
bird_8_251210_123251.92.wav,aaaaaaaaaaadfaaaaadddddaaodhjkbldaafaafgddddddlgd,1938.866213 2143.492063 2361.179138 2551.292517 2822.675737 3069.387755 3244.988662 3445.260771 3638.276644 3863.219955 4044.62585 4288.435374 4423.401361 4675.918367 4899.410431 5089.52381 5282.539683 5471.201814 5683.0839 5874.648526 6067.664399 6253.424036 6469.659864 6674.285714 6860.045351 6999.365079 7262.040816 7427.482993 7909.297052 8241.632653 8527.528345 8746.666667 9048.526077 9277.823129 9456.326531 9626.122449 9820.589569 10038.276644 10173.24263 10383.673469 10556.371882 10720.362812 10910.47619 11074.46712 11267.482993 11466.303855 11692.698413 11935.056689 12096.145125,2007.07483 2205.895692 2419.229025 2609.342404 2882.176871 3125.986395 3324.807256 3522.176871 3715.192744 3931.428571 4099.773243 4347.936508 4509.024943 4744.126984 4993.741497 5188.208617 5376.870748 5562.630385 5778.866213 5974.78458 6172.154195 6359.365079 6574.14966 6758.45805 6928.253968 7116.9161 7344.761905 7812.063492 8167.619048 8466.575964 8672.653061 8842.44898 9112.380952 9350.385488 9536.145125 9708.843537 9897.505669 10103.582766 10263.219955 10499.773243 10652.154195 10835.011338 11012.063492 11181.85941 11367.619048 11573.696145 11840.725624 12046.802721 12189.024943
bird_8_251210_123321.93.wav,aaaaadfaaaaaaddddggddaafggdgonhjkblgaonhjkblaaaaoaaaaafaao,1973.696145 2168.163265 2365.53288 2546.938776 2705.124717 2903.945578 3049.070295 3247.891156 3436.553288 3633.922902 3808.072562 3992.380952 4218.77551 4375.510204 4540.952381 4713.650794 4921.179138 5122.902494 5326.077098 5501.678005 5659.863946 5861.587302 6093.786848 6237.460317 6452.244898 6643.809524 6823.764172 7015.328798 7173.514739 7385.396825 7603.0839 8076.190476 8414.331066 8695.873016 8906.303855 9154.46712 9350.385488 9486.802721 9689.977324 9903.310658 10376.417234 10714.557823 10993.197279 11206.530612 11427.120181 11618.684807 11824.761905 12035.192744 12165.804989 12991.564626 13222.312925 13418.231293 13605.442177 13817.324263 13962.44898 14164.172336 14351.38322 14487.800454,2018.684807 2232.018141 2429.387755 2612.244898 2776.235828 2957.641723 3134.693878 3317.55102 3522.176871 3705.034014 3898.049887 4082.358277 4284.081633 4466.938776 4651.247166 4826.848073 5018.412698 5234.648526 5439.274376 5588.752834 5768.707483 5945.759637 6157.641723 6304.217687 6566.893424 6761.360544 6922.44898 7134.331066 7298.321995 7516.00907 8000.725624 8343.219955 8643.628118 8848.253968 8996.281179 9263.310658 9422.947846 9602.902494 9814.78458 10284.988662 10647.800454 10929.342404 11148.480726 11300.861678 11511.292517 11717.369615 11910.385488 12081.632653 12254.331066 13068.480726 13320.997732 13509.659864 13693.968254 13889.886621 14053.877551 14233.8322 14426.848073 14605.351474
bird_8_251210_123349.94.wav,aaaaaaaaaaafggonhjkblddafaafggdgonhjkblgdhjkblaaafaafggddddddgaonhjkblaa,1983.854875 2185.578231 2371.337868 2557.097506 2747.210884 2924.263039 3101.315193 3320.453515 3510.566893 3686.1678 3871.927438 4002.539683 4197.006803 4394.376417 4564.172336 4754.285714 4963.265306 5471.201814 5825.306122 6105.396825 6295.510204 6553.8322 6733.786848 6936.961451 7080.634921 7282.358277 7465.21542 7598.730159 7861.405896 8045.714286 8206.802721 8401.269841 8556.553288 8753.922902 8958.548753 9443.265306 9777.052154 10052.789116 10261.768707 10496.870748 10663.764172 10823.401361 11287.800454 11631.746032 11911.836735 12126.621315 12374.78458 12519.909297 12710.022676 12868.208617 13053.968254 13248.435374 13393.560091 13566.258503 13760.725624 13917.460317 14074.195011 14232.380952 14410.884354 14583.582766 14769.342404 14981.22449 15168.435374 15297.596372 15497.868481 15682.176871 16139.319728 16491.972789 16766.258503 16992.653061 17298.866213 17490.430839,2047.709751 2256.689342 2446.802721 2645.623583 2840.090703 3011.337868 3182.585034 3388.662132 3586.031746 3767.437642 3940.136054 4082.358277 4313.106576 4500.31746 4670.113379 4889.251701 5389.931973 5745.487528 6050.249433 6260.680272 6401.451247 6638.004535 6820.861678 7013.877551 7167.709751 7347.664399 7534.875283 7704.671202 7976.054422 8161.814059 8304.036281 8517.369615 8668.29932 8885.986395 9360.544218 9701.587302 9996.190476 10202.267574 10350.294785 10608.61678 10753.741497 11210.884354 11560.634921 11863.945578 12071.473923 12220.952381 12450.249433 12615.69161 12792.743764 12948.027211 13129.433107 13318.095238 13460.31746 13680.907029 13881.179138 14016.145125 14177.23356 14344.126984 14518.276644 14689.52381 14876.734694 15094.421769 15248.253968 15418.049887 15619.773243 16071.111111 16419.410431 16709.659864 16925.895692 17084.081633 17358.367347 17583.310658
bird_8_251210_123406.95.wav,aaaafaafdddggdddgaonhjkblgdhjaaaaaaadddgonhjkbfaaaaafaaonhjkblaaaaaafaaonhjkblaaaaaafgnonhjkblaaaadfaafddddggdgonhjkblda,1988.208617 2142.040816 2329.251701 2507.755102 2644.172336 2824.126984 3001.179138 3146.303855 3289.977324 3451.06576 3628.117914 3809.52381 3990.929705 4154.920635 4310.204082 4465.487528 4657.052154 4844.263039 4980.680272 5176.598639 5395.736961 5912.380952 6260.680272 6543.673469 6745.396825 6983.401361 7150.294785 7309.931973 7791.746032 8559.455782 8733.605442 8903.401361 9089.160998 9274.920635 9592.743764 9745.124717 9906.213152 10076.00907 10245.804989 10448.979592 10614.421769 10800.181406 10994.648526 11501.133787 11856.689342 12139.214767 12323.99093 12612.789116 12765.170068 12963.99093 13152.653061 13334.058957 13489.342404 13664.943311 13860.861678 13991.473923 14191.746032 14402.176871 14856.417234 15206.1678 15483.356009 15685.079365 15984.036281 16285.895692 16506.485261 16676.281179 16860.589569 17059.410431 17195.827664 17399.002268 17583.310658 17732.789116 17927.256236 18127.528345 18593.378685 18946.031746 19236.281179 19464.126984 19745.668934 20069.297052 20269.569161 20581.587302 20765.895692 20980.680272 21169.342404 21378.321995 21564.081633 21700.498866 21893.514739 22102.494331 22548.027211 22900.680272 23169.160998 23381.043084 23655.328798 23868.662132 24116.825397 24306.938776 24507.210884 24653.786848 24856.961451 25054.331066 25200.907029 25386.666667 25546.303855 25730.612245 25897.505669 26099.229025 26284.988662 26460.589569 26636.190476 26803.0839 26993.197279 27189.115646 27734.78458 28097.596372 28389.297052 28580.861678 28940.770975 29127.981859,2049.160998 2240.725624 2419.229025 2581.768707 2728.344671 2901.043084 3076.643991 3208.707483 3394.46712 3557.006803 3736.961451 3919.818594 4101.22449 4247.800454 4416.145125 4585.941043 4778.956916 4918.276644 5092.426304 5304.30839 5816.598639 6192.471655 6481.269841 6688.798186 6842.630385 7099.501134 7250.430839 7719.183673 8054.421769 8630.566893 8832.290249 9009.342404 9184.943311 9353.287982 9662.403628 9836.553288 10007.800454 10186.303855 10360.453515 10570.884354 10724.716553 10933.696145 11432.92517 11784.126984 12072.92517 12292.750189 12429.931973 12685.351474 12865.306122 13065.578231 13236.825397 13412.426304 13567.709751 13738.956916 13930.521542 14109.024943 14332.517007 14770.793651 15124.897959 15426.75737 15644.444444 15788.117914 16052.244898 16367.165533 16595.011338 16777.868481 16959.274376 17149.387755 17297.414966 17484.62585 17660.226757 17841.632653 18056.417234 18509.206349 18874.920635 19181.133787 19387.210884 19548.29932 19822.585034 20150.566893 20368.253968 20665.759637 20851.519274 21057.596372 21263.673469 21490.068027 21648.253968 21803.537415 22019.773243 22476.9161 22831.020408 23122.721088 23318.639456 23476.825397 23748.208617 23941.22449 24196.643991 24394.013605 24581.22449 24719.092971 24944.036281 25129.795918 25274.920635 25488.253968 25659.501134 25845.260771 26009.251701 26216.780045 26402.539683 26557.823129 26762.44898 26909.024943 27129.614512 27649.160998 28011.972789 28319.637188 28543.129252 28680.997732 29017.687075 29213.605442
bird_8_251210_123454.96.wav,aaaaaaaaafddddggdgonfjkblgdhjkblddaafggdddgonhjkblgdgonhjkbadaafaaonhjkbddaaaafaaonhjkb,1737.142857 1964.988662 2160.907029 2336.507937 2513.560091 2693.514739 2879.274376 3069.387755 3236.281179 3381.405896 3552.653061 3719.546485 3899.501134 4078.004535 4269.569161 4462.585034 4648.344671 4815.238095 4979.229025 5180.952381 5395.736961 5896.417234 6234.557823 6510.294785 6719.274376 6939.863946 7099.501134 7260.589569 7695.963719 8057.324263 8335.963719 8523.174603 8804.716553 8970.15873 9180.589569 9382.312925 9531.791383 9736.417234 9925.079365 10093.424036 10250.15873 10419.954649 10605.714286 10759.546485 10951.111111 11174.603175 11694.14966 12046.802721 12328.344671 12519.909297 12770.975057 12927.709751 13116.371882 13286.1678 13479.183673 13682.358277 14190.294785 14538.594104 14818.684807 15142.312925 15323.718821 15516.734694 15705.396825 15854.875283 16026.122449 16197.369615 16333.786848 16536.961451 16737.23356 17152.290249 17500.589569 17780.680272 18208.798186 18380.045351 18584.671202 18767.528345 18959.092971 19155.011338 19291.428571 19490.249433 19699.229025 19840.0 20047.528345 20246.349206 20786.213152 21140.31746 21427.664399,1770.521542 2034.648526 2234.920635 2423.582766 2597.732426 2783.492063 2964.897959 3143.401361 3313.197279 3465.578231 3648.435374 3821.133787 4003.99093 4189.750567 4387.120181 4581.587302 4736.870748 4940.045351 5090.975057 5311.564626 5818.049887 6154.739229 6460.952381 6672.834467 6810.702948 7050.15873 7199.637188 7624.852608 7976.054422 8279.365079 8485.442177 8626.213152 8888.888889 9067.39229 9254.603175 9453.424036 9620.31746 9853.968254 10038.276644 10187.755102 10353.197279 10536.054422 10723.265306 10881.451247 11086.077098 11605.623583 11978.594104 12265.941043 12474.920635 12620.045351 12888.526077 13022.040816 13236.825397 13389.206349 13612.698413 14122.086168 14464.580499 14754.829932 14969.614512 15204.716553 15415.147392 15606.712018 15782.312925 15930.340136 16104.489796 16267.029478 16454.240363 16661.768707 17081.179138 17426.575964 17737.142857 17940.31746 18292.970522 18485.986395 18687.709751 18879.274376 19053.424036 19237.732426 19379.954649 19574.421769 19774.693878 19959.002268 20179.591837 20704.943311 21070.657596 21349.297052 21580.045351
bird_8_251210_123524.97.wav,aaaaaaaafaafddddggddddfggonhjkblgdhjkblaadfaadddgonhjkbaaaaafdddggdgonhjkblaadbaafaaonhjkbdadaaafdafddddggonhjkblaaaaa,1986.75737 2187.029478 2374.240363 2554.195011 2735.600907 2940.226757 3131.791383 3301.587302 3452.517007 3645.53288 3837.097506 3983.673469 4157.823129 4330.521542 4514.829932 4688.979592 4874.739229 5067.755102 5241.904762 5427.664399 5616.326531 5802.086168 6009.614512 6211.337868 6408.707483 6566.893424 6759.909297 6979.047619 7488.435374 7842.539683 8126.984127 8309.84127 8553.650794 8716.190476 8910.657596 9396.825397 9749.478458 10035.37415 10222.585034 10533.151927 10684.081633 10907.573696 11059.954649 11267.482993 11466.303855 11627.39229 11791.38322 11962.630385 12145.487528 12309.478458 12502.494331 12698.412698 13226.666667 13576.417234 13872.471655 14534.240363 14695.328798 14899.954649 15071.201814 15272.92517 15402.086168 15571.882086 15748.93424 15934.693878 16133.514739 16307.664399 16474.557823 16651.609977 16822.857143 17007.165533 17208.888889 17721.179138 18076.734694 18352.471655 18544.036281 18819.773243 18999.727891 19214.512472 19419.138322 19639.727891 19877.732426 20040.272109 20210.068027 20395.827664 20532.244898 20726.712018 20942.947846 21443.628118 21800.634921 22087.981859 22523.356009 23009.52381 23222.857143 23399.909297 23588.571429 23817.868481 23978.956916 24142.947846 24333.061224 24488.344671 24649.433107 24827.936508 24996.281179 25168.979592 25354.739229 25541.950113 25704.489796 25894.603175 26087.619048 26578.14059 26935.147392 27219.591837 27419.863946 27797.188209 28035.192744 28264.489796 29151.201814 29395.011338,2047.709751 2269.750567 2470.022676 2649.977324 2818.321995 3038.911565 3217.414966 3388.662132 3542.494331 3723.900227 3903.854875 4073.650794 4265.21542 4435.011338 4613.514739 4794.920635 4987.936508 5185.306122 5337.687075 5539.410431 5723.718821 5905.124717 6093.786848 6318.730159 6526.258503 6672.834467 6887.619048 7399.909297 7762.721088 8057.324263 8276.462585 8415.782313 8663.945578 8811.972789 9309.750567 9671.111111 9980.226757 10189.206349 10334.331066 10604.263039 10795.827664 10983.038549 11164.444444 11353.106576 11538.866213 11731.882086 11897.324263 12071.473923 12265.941043 12422.675737 12631.655329 13143.945578 13495.147392 13802.811791 14035.011338 14611.156463 14794.013605 14995.736961 15165.53288 15346.938776 15496.417234 15682.176871 15859.229025 16043.537415 16249.614512 16429.569161 16571.791383 16773.514739 16927.346939 17145.034014 17638.45805 17999.818594 18301.678005 18491.791383 18648.526077 18903.945578 19089.705215 19291.428571 19506.213152 19720.997732 19961.904762 20125.895692 20284.081633 20465.487528 20642.539683 20861.678005 21363.809524 21729.52381 22027.029478 22247.619048 22595.918367 23087.891156 23308.480726 23491.337868 23681.451247 23899.138322 24058.77551 24221.315193 24404.172336 24565.260771 24755.37415 24926.621315 25102.222222 25273.469388 25476.643991 25647.891156 25808.979592 26026.666667 26502.675737 26856.780045 27164.444444 27383.582766 27514.195011 27863.945578 28136.780045 28355.918367 29226.666667 29487.891156
bird_8_251210_123600.98.wav,aaaaaafaaonhjkblgdhjkblgdddgonhjkblddaaafaadddgaonhjk,1966.439909 2166.712018 2349.569161 2522.267574 2702.222222 2899.591837 3044.716553 3229.024943 3413.333333 3543.945578 3738.412698 3931.428571 4413.24263 4755.736961 5032.92517 5241.904762 5479.909297 5633.741497 5812.244898 6311.473923 6667.029478 6951.473923 7163.356009 7397.006803 7559.546485 7711.927438 7893.333333 8080.544218 8240.181406 8430.294785 8633.469388 9168.979592 9531.791383 9826.394558 10026.666667 10279.183673 10454.78458 10657.959184 10826.303855 11022.222222 11171.70068 11345.85034 11537.414966 11699.954649 11866.848073 12030.839002 12219.501134 12403.809524 12548.93424 12743.401361 12942.222222 13463.219955 13821.678005,2012.879819 2229.115646 2432.290249 2629.659864 2783.492063 2960.544218 3124.535147 3304.489796 3478.639456 3651.337868 3867.573696 4350.839002 4688.979592 4983.582766 5183.854875 5331.882086 5596.00907 5738.231293 6233.106576 6588.662132 6881.814059 7102.403628 7262.040816 7508.752834 7664.036281 7828.027211 8009.433107 8200.997732 8349.024943 8562.358277 9080.453515 9465.034014 9750.929705 9967.165533 10125.351474 10360.453515 10547.664399 10766.802721 10913.378685 11099.138322 11245.714286 11425.668934 11628.843537 11802.993197 11981.496599 12148.390023 12342.857143 12492.335601 12653.424036 12875.464853 13393.560091 13747.664399 14037.913832
bird_8_251210_123619.99.wav,aaaaaadddddggcnhjkblgagonhjkblgdddgonhjkblgnonnjkblaaaafaaaaaa,2455.510204 2613.696145 2784.943311 2970.702948 3144.852608 3342.222222 3497.505669 3665.85034 3831.292517 3992.380952 4154.920635 4331.972789 4520.634921 4654.14966 4867.482993 5066.303855 5546.666667 5877.55102 6157.641723 6343.401361 6574.14966 6735.238095 6907.936508 7073.378685 7263.492063 7456.507937 7962.993197 8321.451247 8601.54195 8784.399093 9057.23356 9221.22449 9389.569161 9543.401361 9733.514739 9893.151927 10090.521542 10292.244898 10814.693878 11160.090703 11428.571429 11608.526077 11853.786848 12043.900227 12171.609977 12360.272109 12560.544218 13097.505669 13455.963719 13725.895692 13952.290249 14258.503401 14441.360544 14670.657596 14865.124717 14995.736961 15201.814059 15563.174603 15756.190476 15946.303855 16134.965986 16330.884354,2530.975057 2706.575964 2885.079365 3066.485261 3226.122449 3420.589569 3606.349206 3776.145125 3938.684807 4102.675737 4268.117914 4449.52381 4641.088435 4790.566893 5002.44898 5487.165533 5806.439909 6102.494331 6302.76644 6447.891156 6684.444444 6829.569161 7024.036281 7186.575964 7395.555556 7884.62585 8238.730159 8534.78458 8761.179138 8900.498866 9174.78458 9317.006803 9496.961451 9665.306122 9849.614512 10009.251701 10228.390023 10737.777778 11093.333333 11377.777778 11594.013605 11721.723356 11972.789116 12119.365079 12290.612245 12493.786848 13017.687075 13377.596372 13676.553288 13892.789116 14056.780045 14329.614512 14531.337868 14756.281179 14937.687075 15101.678005 15294.693878 15650.249433 15856.326531 16042.086168 16232.199546 16426.666667
bird_8_251210_123721.100.wav,aaaaaaaafaafddddddfggdgonhjkblgdgonhjkblgdhjkblgdgonhjkbladdddgaonhjkaaafaadonhjkb,1750.204082 1970.793651 2159.455782 2343.764172 2512.108844 2700.770975 2892.335601 3067.936508 3255.147392 3416.235828 3612.154195 3745.668934 3940.136054 4099.773243 4285.53288 4459.68254 4639.637188 4847.165533 5031.473923 5199.818594 5388.480726 5558.276644 5735.328798 5893.514739 6095.238095 6304.217687 6788.93424 7132.879819 7391.201814 7585.668934 7854.14966 8012.335601 8177.777778 8333.061224 8521.723356 8720.544218 9221.22449 9550.657596 9824.943311 10035.37415 10287.891156 10450.430839 10595.555556 11023.673469 11369.070295 11639.002268 11827.664399 12064.217687 12222.403628 12393.650794 12547.482993 12731.791383 12939.319728 13416.780045 13760.725624 14036.462585 14223.673469 14529.886621 14725.804989 14897.052154 15062.494331 15243.900227 15425.306122 15603.809524 15730.068027 15921.632653 16117.55102 16622.585034 16992.653061 17264.036281 17428.027211 17606.530612 17757.460317 17904.036281 18092.698413 18221.85941 18369.886621 18574.512472 18774.78458 19285.623583 19616.507937 19902.403628,1793.741497 2040.453515 2239.274376 2419.229025 2604.988662 2799.455782 2972.154195 3139.047619 3313.197279 3488.798186 3671.655329 3821.133787 4033.015873 4202.811791 4390.022676 4561.269841 4744.126984 4948.752834 5098.231293 5320.272109 5504.580499 5651.156463 5855.782313 6003.809524 6221.496599 6700.408163 7054.512472 7338.956916 7543.582766 7682.902494 7965.895692 8100.861678 8311.292517 8444.807256 8655.238095 9157.369615 9476.643991 9766.893424 9965.714286 10126.802721 10398.185941 10541.85941 10952.562358 11296.507937 11585.306122 11795.736961 11926.349206 12175.963719 12315.283447 12508.29932 12659.229025 12865.306122 13345.668934 13685.260771 13981.315193 14204.807256 14322.358277 14606.802721 14814.331066 14992.834467 15178.594104 15351.292517 15541.405896 15676.371882 15844.716553 16062.403628 16542.76644 16898.321995 17107.301587 17346.75737 17504.943311 17677.641723 17811.156463 17985.306122 18162.358277 18319.092971 18487.437642 18700.770975 19205.804989 19555.555556 19832.743764 20054.78458
bird_8_251210_124121.103.wav,aaaaaaaaaaaaaaddddgaaaaaaaaaaaa,1975.147392 2149.297052 2352.471655 2530.975057 2723.99093 2930.068027 3224.671202 3395.918367 3606.349206 3805.170068 4001.088435 4176.689342 4410.340136 4577.23356 4765.895692 4937.142857 5106.938776 5295.600907 5506.031746 5893.514739 6103.945578 6296.961451 6489.977324 6684.444444 6868.752834 7108.208617 7572.60771 7742.403628 7928.163265 8118.276644 8331.609977,2030.294785 2237.823129 2433.741497 2610.793651 2813.968254 3001.179138 3303.038549 3491.70068 3694.875283 3903.854875 4089.614512 4266.666667 4482.902494 4683.174603 4867.482993 5038.730159 5217.23356 5402.993197 5622.131519 5964.62585 6199.727891 6394.195011 6581.405896 6784.580499 6977.596372 7182.222222 7642.267574 7843.99093 8025.396825 8224.217687 8405.623583
bird_8_251210_124225.106.wav,aaaaaaaaaaaadddfggdgonhjkblddaaggdddgaonhjkbdddd,2509.206349 3162.267574 3368.344671 3551.201814 3757.278912 3938.684807 4130.249433 4320.362812 4477.097506 4731.06576 4919.727891 5356.553288 5632.290249 5794.829932 5974.78458 6148.93424 6333.24263 6513.197279 6672.834467 6835.37415 6996.462585 7185.124717 7376.689342 7858.503401 8187.936508 8457.868481 8647.981859 8893.24263 9083.356009 9283.628118 9402.630385 9604.353741 9787.210884 9952.653061 10106.485261 10269.024943 10448.979592 10631.836735 10762.44898 10945.306122 11145.578231 11637.55102 11971.337868 12248.526077 13119.274376 13281.814059 13460.31746 13662.040816,2604.988662 3194.195011 3439.455782 3639.727891 3844.353741 4027.210884 4214.421769 4388.571429 4561.269841 4800.725624 4995.192744 5440.725624 5704.852608 5887.709751 6053.151927 6234.557823 6447.891156 6623.492063 6774.421769 6947.120181 7108.208617 7314.285714 7781.587302 8119.727891 8399.818594 8607.346939 8756.825397 8978.866213 9166.077098 9357.641723 9502.76644 9714.648526 9913.469388 10046.984127 10210.975057 10376.417234 10569.433107 10717.460317 10874.195011 11080.272109 11570.793651 11910.385488 12184.671202 12393.650794 13197.641723 13381.950113 13560.453515 13759.274376
bird_8_251210_124305.107.wav,aaaadaaafaaddddggddgonhjkblaaafaaonhjkblgdgonhjkbaaafaaalggdddgonhjkblaaaaaafaaoadddggonhjk,1982.403628 2719.637188 2911.201814 3092.60771 3259.501134 3432.199546 3601.995465 3848.707483 3983.673469 4194.104308 4384.217687 4540.952381 4707.845805 4883.446712 5051.791383 5231.746032 5417.505669 5598.911565 5754.195011 5953.015873 6108.29932 6302.76644 6492.879819 6981.950113 7333.151927 7595.827664 7787.39229 8064.580499 8243.0839 8462.222222 8589.931973 8745.21542 8925.170068 9063.038549 9256.054422 9449.070295 9925.079365 10255.963719 10530.249433 10717.460317 10956.9161 11110.748299 11280.544218 11437.278912 11624.489796 11811.70068 12299.319728 12646.1678 12916.099773 13245.53288 13412.426304 13603.99093 13738.956916 13917.460317 14093.061224 14254.14966 14396.371882 14563.265306 14744.671202 14926.077098 15079.909297 15261.315193 15468.843537 15635.736961 15821.496599 16017.414966 16515.192744 16864.943311 17140.680272 17314.829932 17631.201814 17808.253968 17996.9161 18181.22449 18377.142857 18600.634921 18755.918367 18918.45805 19127.437642 19259.501134 19642.630385 19840.0 20008.344671 20178.14059 20372.60771 20565.623583 20719.455782 20906.666667 21106.938776 21585.85034 21932.698413,2075.283447 2795.102041 2993.922902 3181.133787 3355.283447 3536.689342 3694.875283 3924.172336 4073.650794 4268.117914 4465.487528 4651.247166 4810.884354 4990.839002 5162.086168 5358.004535 5543.764172 5694.693878 5870.294785 6092.335601 6222.947846 6434.829932 6913.741497 7256.235828 7549.387755 7739.501134 7896.235828 8148.752834 8338.866213 8540.589569 8663.945578 8827.936508 8999.183673 9184.943311 9395.37415 9862.675737 10187.755102 10469.297052 10682.630385 10829.206349 11068.662132 11206.530612 11392.290249 11547.573696 11747.845805 12223.854875 12576.507937 12872.562358 13058.321995 13339.863946 13518.367347 13680.907029 13834.739229 13991.473923 14168.526077 14336.870748 14468.93424 14675.011338 14862.222222 15017.505669 15185.85034 15368.707483 15592.199546 15741.678005 15955.011338 16446.984127 16798.185941 17091.337868 17298.866213 17423.673469 17713.922902 17908.390023 18097.052154 18281.360544 18459.863946 18670.294785 18828.480726 19002.630385 19202.902494 19369.795918 19725.351474 19937.23356 20115.736961 20289.886621 20495.963719 20677.369615 20829.750567 21043.0839 21535.056689 21864.489796 22146.031746
bird_8_251210_124521.109.wav,aaaaaaaaaaafdddaaaaafggddddggonhjkbldddd,1986.75737 2726.893424 2977.959184 3169.52381 3349.478458 3538.14059 3731.156463 3916.9161 4112.834467 4318.911565 4522.086168 4654.14966 4831.201814 5019.863946 5212.879819 5675.827664 5871.746032 6051.70068 6218.594104 6398.548753 6530.612245 6732.335601 6912.290249 7071.927438 7228.662132 7379.591837 7550.839002 7723.537415 7900.842599 8050.068027 8238.730159 8428.843537 8944.036281 9279.274376 9552.108844 9768.344671 10179.047619 10348.843537 10536.054422 10737.777778,2076.734694 2795.102041 3062.131519 3255.147392 3442.358277 3629.569161 3829.84127 4009.795918 4205.714286 4413.24263 4597.55102 4735.419501 4919.727891 5105.487528 5305.759637 5770.15873 5971.882086 6151.836735 6307.120181 6475.464853 6632.199546 6846.984127 7026.938776 7173.514739 7330.249433 7495.69161 7659.68254 7836.734694 8021.317272 8163.265306 8370.793651 8878.730159 9205.260771 9486.802721 9697.23356 9868.480726 10264.671202 10480.907029 10639.092971 10835.011338
bird_8_251210_124943.110.wav,aaaaaaaaaaaadddgonhjkblaaaaaaa,1776.326531 1982.403628 2208.798186 2401.814059 2593.378685 2809.614512 2998.276644 3179.68254 3433.650794 3665.85034 3848.707483 4038.820862 4220.226757 4376.961451 4554.013605 4761.54195 4913.922902 5106.938776 5310.113379 5823.854875 6163.446712 6434.829932 6619.138322 6919.546485 7087.891156 7312.834467 7516.00907 7693.061224 7877.369615 8086.349206,1816.961451 2047.709751 2292.970522 2483.0839 2661.587302 2890.884354 3079.546485 3276.9161 3497.505669 3763.0839 3935.782313 4122.993197 4317.460317 4484.353741 4655.600907 4876.190476 5043.0839 5236.099773 5749.84127 6087.981859 6382.585034 6587.210884 6735.238095 6989.206349 7182.222222 7411.519274 7611.791383 7809.000743 7974.603175 8167.619048
bird_8_251210_124952.111.wav,aaaaafggddddggdgonhjkklaaafaafggdddgonhjkblgdhjkbladafnhjkblgddddgonhjkbl,1970.793651 2172.517007 2387.301587 2578.866213 2766.077098 2906.848073 3105.668934 3275.464853 3440.907029 3593.287982 3751.473923 3914.013605 4102.675737 4292.789116 4455.328798 4629.478458 4777.505669 4970.521542 5162.086168 5668.571429 6012.517007 6288.253968 6505.941043 6775.873016 6932.60771 7121.269841 7259.138322 7486.984127 7783.038549 7954.285714 8126.984127 8312.743764 8472.380952 8630.566893 8806.1678 8989.024943 9151.564626 9332.970522 9520.181406 10009.251701 10354.648526 10630.385488 10830.657596 11083.174603 11248.61678 11409.705215 11865.396825 12215.147392 12487.981859 12672.290249 12990.113379 13162.811791 13334.058957 13473.378685 13689.614512 13889.886621 14412.335601 14762.086168 15039.274376 15256.961451 15494.965986 15656.054422 15802.630385 15970.975057 16137.868481 16316.371882 16474.557823 16666.122449 16863.492063 17355.464853 17689.251701 17967.891156 18173.968254,2028.843537 2247.981859 2465.668934 2655.782313 2829.931973 2989.569161 3215.963719 3395.918367 3530.884354 3700.680272 3864.671202 4028.662132 4215.873016 4411.791383 4552.562358 4735.419501 4889.251701 5096.780045 5593.106576 5942.857143 6225.85034 6440.634921 6594.46712 6849.886621 7031.292517 7186.575964 7336.054422 7560.997732 7855.600907 8028.29932 8243.0839 8424.489796 8568.163265 8735.056689 8912.108844 9100.770975 9257.505669 9460.680272 9930.884354 10293.696145 10570.884354 10785.668934 10927.891156 11192.018141 11344.399093 11782.675737 12135.328798 12429.931973 12641.814059 12779.68254 13062.675737 13252.789116 13415.328798 13589.478458 13817.324263 14352.834467 14699.68254 15005.895692 15209.070295 15349.84127 15602.358277 15747.482993 15908.571429 16075.464853 16248.163265 16433.922902 16584.852608 16795.283447 17278.548753 17625.396825 17906.938776 18123.174603 18265.396825
bird_8_251210_125013.112.wav,aaaaaaaafaafdddggdddddggonhjkblgdhjkblg,1982.403628 2137.687075 2307.482993 2483.0839 2809.614512 2989.569161 3169.52381 3355.283447 3494.603175 3662.947846 3841.451247 3986.575964 4150.566893 4308.752834 4466.938776 4646.893424 4829.750567 4995.192744 5150.47619 5320.272109 5488.61678 5665.668934 5845.623583 6044.444444 6177.959184 6375.328798 6574.14966 7087.891156 7447.800454 7727.891156 7918.004535 8161.814059 8335.963719 8478.185941 8952.743764 9302.494331 9582.585034 9765.442177 10006.349206,2039.002268 2216.054422 2390.204082 2564.353741 2893.786848 3083.900227 3259.501134 3422.040816 3559.909297 3751.473923 3934.331066 4076.553288 4260.861678 4420.498866 4575.782313 4771.70068 4950.204082 5099.68254 5268.027211 5433.469388 5607.619048 5775.963719 5966.077098 6132.970522 6295.510204 6508.843537 7019.68254 7376.689342 7662.585034 7878.820862 8026.848073 8279.365079 8433.197279 8884.535147 9229.931973 9536.145125 9734.965986 9871.38322 10054.240363
bird_8_251210_125045.114.wav,aaaaaafaadddddggonhjkblgdgonhkb,1979.501134 2146.394558 2320.544218 2515.011338 2693.514739 2874.920635 3020.045351 3195.646259 3369.795918 3525.079365 3684.716553 3847.256236 4015.600907 4182.494331 4371.156463 4561.269841 4715.102041 4897.959184 5112.743764 5582.947846 5935.600907 6208.435374 6401.451247 6658.321995 6822.312925 7000.816327 7163.356009 7353.469388 7556.643991 8076.190476 8441.904762,2047.709751 2246.530612 2410.521542 2615.147392 2786.394558 2947.482993 3098.412698 3276.9161 3456.870748 3635.37415 3793.560091 3961.904762 4120.090703 4295.69161 4487.256236 4673.015873 4822.494331 5031.473923 5520.544218 5865.941043 6164.897959 6369.52381 6495.782313 6774.421769 6925.351474 7121.269841 7278.004535 7495.69161 7999.274376 8367.891156 8658.14059
